timestamp,elapsed_s,shoulder_pan_deg,shoulder_pan_rad,shoulder_lift_deg,shoulder_lift_rad,elbow_flex_deg,elbow_flex_rad,wrist_flex_deg,wrist_flex_rad,wrist_roll_deg,wrist_roll_rad,gripper_deg,gripper_rad
2026-07-22 12:44:17.005,0.034,172.71,3.014272,180.00,3.141593,180.53,3.150797,177.89,3.104777,176.84,3.086369,172.44,3.009670
2026-07-22 12:44:17.034,0.068,172.71,3.014272,180.00,3.141593,180.53,3.150797,177.89,3.104777,176.84,3.086369,172.44,3.009670
2026-07-22 12:44:17.067,0.101,172.71,3.014272,180.00,3.141593,180.53,3.150797,177.89,3.104777,176.84,3.086369,172.44,3.009670
2026-07-22 12:44:17.099,0.134,172.71,3.014272,180.00,3.141593,180.53,3.150797,177.89,3.104777,176.84,3.086369,172.44,3.009670
2026-07-22 12:44:17.133,0.168,172.71,3.014272,180.00,3.141593,180.53,3.150797,177.89,3.104777,176.84,3.086369,172.44,3.009670
2026-07-22 12:44:17.166,0.201,172.71,3.014272,180.00,3.141593,180.53,3.150797,177.89,3.104777,176.84,3.086369,172.44,3.009670
2026-07-22 12:44:17.199,0.234,172.71,3.014272,180.00,3.141593,180.53,3.150797,177.89,3.104777,176.84,3.086369,172.44,3.009670
2026-07-22 12:44:17.233,0.267,172.71,3.014272,180.00,3.141593,180.53,3.150797,177.89,3.104777,176.84,3.086369,172.44,3.009670
2026-07-22 12:44:17.266,0.301,172.71,3.014272,180.00,3.141593,180.53,3.150797,177.89,3.104777,176.84,3.086369,172.44,3.009670
2026-07-22 12:44:17.299,0.334,172.71,3.014272,180.00,3.141593,180.53,3.150797,177.89,3.104777,176.84,3.086369,172.44,3.009670
2026-07-22 12:44:17.333,0.368,172.71,3.014272,180.00,3.141593,180.53,3.150797,177.89,3.104777,176.84,3.086369,172.44,3.009670
2026-07-22 12:44:17.368,0.401,172.71,3.014272,180.00,3.141593,180.53,3.150797,177.89,3.104777,176.84,3.086369,172.44,3.009670
2026-07-22 12:44:17.399,0.434,172.71,3.014272,180.00,3.141593,180.53,3.150797,177.89,3.104777,176.84,3.086369,172.44,3.009670
2026-07-22 12:44:17.434,0.468,172.71,3.014272,180.00,3.141593,180.53,3.150797,177.89,3.104777,176.84,3.086369,172.44,3.009670
2026-07-22 12:44:17.466,0.501,172.71,3.014272,180.00,3.141593,180.53,3.150797,177.89,3.104777,176.84,3.086369,172.44,3.009670
2026-07-22 12:44:17.500,0.534,172.71,3.014272,180.00,3.141593,180.53,3.150797,177.89,3.104777,176.84,3.086369,172.44,3.009670
2026-07-22 12:44:17.532,0.567,172.71,3.014272,180.00,3.141593,180.53,3.150797,177.89,3.104777,176.84,3.086369,172.44,3.009670
2026-07-22 12:44:17.567,0.601,172.71,3.014272,180.00,3.141593,180.53,3.150797,177.89,3.104777,176.84,3.086369,172.44,3.009670
2026-07-22 12:44:17.600,0.635,172.71,3.014272,180.00,3.141593,180.53,3.150797,177.89,3.104777,176.84,3.086369,172.44,3.009670
2026-07-22 12:44:17.633,0.668,172.71,3.014272,180.00,3.141593,180.53,3.150797,177.89,3.104777,176.84,3.086369,172.44,3.009670
2026-07-22 12:44:17.667,0.701,172.71,3.014272,180.00,3.141593,180.53,3.150797,177.89,3.104777,176.84,3.086369,172.44,3.009670
2026-07-22 12:44:17.700,0.734,172.71,3.014272,180.00,3.141593,180.53,3.150797,177.89,3.104777,176.84,3.086369,172.44,3.009670
2026-07-22 12:44:17.734,0.768,172.71,3.014272,180.00,3.141593,180.53,3.150797,177.89,3.104777,176.84,3.086369,172.44,3.009670
2026-07-22 12:44:17.768,0.801,172.71,3.014272,180.00,3.141593,180.53,3.150797,177.89,3.104777,176.84,3.086369,172.44,3.009670
2026-07-22 12:44:17.799,0.834,172.71,3.014272,180.00,3.141593,180.53,3.150797,177.89,3.104777,176.84,3.086369,172.44,3.009670
2026-07-22 12:44:17.833,0.867,172.71,3.014272,180.00,3.141593,180.53,3.150797,177.89,3.104777,176.84,3.086369,172.44,3.009670
2026-07-22 12:44:17.867,0.901,172.71,3.014272,180.00,3.141593,180.53,3.150797,177.89,3.104777,176.84,3.086369,172.44,3.009670
2026-07-22 12:44:17.899,0.934,172.71,3.014272,180.00,3.141593,180.53,3.150797,177.89,3.104777,176.84,3.086369,172.44,3.009670
2026-07-22 12:44:17.932,0.967,172.71,3.014272,180.00,3.141593,180.53,3.150797,177.89,3.104777,176.84,3.086369,172.44,3.009670
2026-07-22 12:44:17.966,1.001,172.71,3.014272,180.00,3.141593,180.53,3.150797,177.89,3.104777,176.84,3.086369,172.44,3.009670
2026-07-22 12:44:18.000,1.034,172.71,3.014272,180.00,3.141593,180.53,3.150797,177.89,3.104777,176.84,3.086369,172.44,3.009670
2026-07-22 12:44:18.033,1.068,172.71,3.014272,180.00,3.141593,180.53,3.150797,177.89,3.104777,176.84,3.086369,172.44,3.009670
2026-07-22 12:44:18.066,1.101,172.71,3.014272,180.00,3.141593,180.53,3.150797,177.89,3.104777,176.84,3.086369,172.44,3.009670
2026-07-22 12:44:18.099,1.134,172.71,3.014272,180.00,3.141593,180.53,3.150797,177.89,3.104777,176.84,3.086369,172.44,3.009670
2026-07-22 12:44:18.134,1.168,172.71,3.014272,180.00,3.141593,180.53,3.150797,177.89,3.104777,176.84,3.086369,172.44,3.009670
2026-07-22 12:44:18.166,1.201,172.71,3.014272,180.00,3.141593,180.53,3.150797,177.89,3.104777,176.84,3.086369,172.44,3.009670
2026-07-22 12:44:18.199,1.234,172.71,3.014272,180.00,3.141593,180.53,3.150797,177.89,3.104777,176.84,3.086369,172.44,3.009670
2026-07-22 12:44:18.233,1.267,172.71,3.014272,180.00,3.141593,180.53,3.150797,177.89,3.104777,176.84,3.086369,172.44,3.009670
2026-07-22 12:44:18.266,1.301,172.71,3.014272,180.00,3.141593,180.53,3.150797,177.89,3.104777,176.84,3.086369,172.44,3.009670
2026-07-22 12:44:18.299,1.334,172.71,3.014272,180.00,3.141593,180.53,3.150797,177.89,3.104777,176.84,3.086369,172.44,3.009670
2026-07-22 12:44:18.333,1.367,172.71,3.014272,180.00,3.141593,180.53,3.150797,177.89,3.104777,176.84,3.086369,172.44,3.009670
2026-07-22 12:44:18.367,1.401,172.71,3.014272,180.00,3.141593,180.53,3.150797,177.89,3.104777,176.84,3.086369,172.44,3.009670
2026-07-22 12:44:18.400,1.434,172.71,3.014272,180.00,3.141593,180.53,3.150797,177.89,3.104777,176.84,3.086369,172.44,3.009670
2026-07-22 12:44:18.432,1.467,172.71,3.014272,180.00,3.141593,180.53,3.150797,177.89,3.104777,176.84,3.086369,172.44,3.009670
2026-07-22 12:44:18.467,1.501,172.71,3.014272,180.00,3.141593,180.53,3.150797,177.89,3.104777,176.84,3.086369,172.44,3.009670
2026-07-22 12:44:18.501,1.534,172.71,3.014272,180.00,3.141593,180.53,3.150797,177.89,3.104777,176.84,3.086369,172.44,3.009670
2026-07-22 12:44:18.534,1.568,172.71,3.014272,180.00,3.141593,180.53,3.150797,177.89,3.104777,176.84,3.086369,172.44,3.009670
2026-07-22 12:44:18.566,1.600,172.71,3.014272,180.00,3.141593,180.53,3.150797,177.89,3.104777,176.84,3.086369,172.44,3.009670
2026-07-22 12:44:18.603,1.634,172.71,3.014272,180.00,3.141593,180.53,3.150797,177.89,3.104777,176.84,3.086369,172.44,3.009670
2026-07-22 12:44:18.633,1.668,172.71,3.014272,180.00,3.141593,180.53,3.150797,177.89,3.104777,176.84,3.086369,172.44,3.009670
2026-07-22 12:44:18.667,1.701,172.71,3.014272,180.00,3.141593,180.53,3.150797,177.89,3.104777,176.84,3.086369,172.44,3.009670
2026-07-22 12:44:18.700,1.734,172.71,3.014272,180.00,3.141593,180.53,3.150797,177.89,3.104777,176.84,3.086369,172.44,3.009670
2026-07-22 12:44:18.733,1.767,172.71,3.014272,180.00,3.141593,180.53,3.150797,177.89,3.104777,176.84,3.086369,172.44,3.009670
2026-07-22 12:44:18.767,1.801,172.71,3.014272,180.00,3.141593,180.53,3.150797,177.89,3.104777,176.84,3.086369,172.44,3.009670
2026-07-22 12:44:18.799,1.834,172.71,3.014272,180.00,3.141593,180.53,3.150797,177.89,3.104777,176.84,3.086369,172.44,3.009670
2026-07-22 12:44:18.833,1.867,172.71,3.014272,180.00,3.141593,180.53,3.150797,177.89,3.104777,176.84,3.086369,172.44,3.009670
2026-07-22 12:44:18.866,1.901,172.71,3.014272,180.00,3.141593,180.53,3.150797,177.89,3.104777,176.84,3.086369,172.44,3.009670
2026-07-22 12:44:18.900,1.934,172.71,3.014272,180.00,3.141593,180.53,3.150797,177.89,3.104777,176.84,3.086369,172.44,3.009670
2026-07-22 12:44:18.933,1.968,172.71,3.014272,180.00,3.141593,180.53,3.150797,177.89,3.104777,176.84,3.086369,172.44,3.009670
2026-07-22 12:44:18.967,2.001,172.71,3.014272,180.00,3.141593,180.53,3.150797,177.89,3.104777,176.84,3.086369,172.44,3.009670
2026-07-22 12:44:19.000,2.035,172.71,3.014272,180.00,3.141593,180.53,3.150797,177.89,3.104777,176.84,3.086369,172.44,3.009670
2026-07-22 12:44:19.033,2.068,172.71,3.014272,180.00,3.141593,180.53,3.150797,177.89,3.104777,176.84,3.086369,172.44,3.009670
2026-07-22 12:44:19.066,2.101,172.71,3.014272,180.00,3.141593,180.53,3.150797,177.89,3.104777,176.84,3.086369,172.44,3.009670
2026-07-22 12:44:19.100,2.135,172.71,3.014272,180.00,3.141593,180.53,3.150797,177.89,3.104777,176.84,3.086369,172.44,3.009670
2026-07-22 12:44:19.133,2.167,172.71,3.014272,180.00,3.141593,180.53,3.150797,177.89,3.104777,176.84,3.086369,172.44,3.009670
2026-07-22 12:44:19.167,2.201,172.71,3.014272,180.00,3.141593,180.53,3.150797,177.89,3.104777,176.84,3.086369,172.44,3.009670
2026-07-22 12:44:19.200,2.234,172.71,3.014272,180.00,3.141593,180.53,3.150797,177.89,3.104777,176.84,3.086369,172.44,3.009670
2026-07-22 12:44:19.233,2.268,172.71,3.014272,180.00,3.141593,180.53,3.150797,177.89,3.104777,176.84,3.086369,172.44,3.009670
2026-07-22 12:44:19.266,2.301,172.71,3.014272,180.00,3.141593,180.53,3.150797,177.89,3.104777,176.84,3.086369,172.44,3.009670
2026-07-22 12:44:19.303,2.334,172.71,3.014272,180.00,3.141593,180.53,3.150797,177.89,3.104777,176.84,3.086369,172.44,3.009670
2026-07-22 12:44:19.337,2.367,172.71,3.014272,180.00,3.141593,180.53,3.150797,177.89,3.104777,176.84,3.086369,172.44,3.009670
2026-07-22 12:44:19.366,2.401,172.71,3.014272,180.00,3.141593,180.53,3.150797,177.89,3.104777,176.84,3.086369,172.44,3.009670
2026-07-22 12:44:19.400,2.434,172.71,3.014272,180.00,3.141593,180.53,3.150797,177.89,3.104777,176.84,3.086369,172.44,3.009670
2026-07-22 12:44:19.434,2.467,172.71,3.014272,180.00,3.141593,180.53,3.150797,177.89,3.104777,176.84,3.086369,172.44,3.009670
2026-07-22 12:44:19.465,2.500,172.71,3.014272,180.00,3.141593,180.53,3.150797,177.89,3.104777,176.84,3.086369,172.44,3.009670
2026-07-22 12:44:19.502,2.535,172.71,3.014272,180.00,3.141593,180.53,3.150797,177.89,3.104777,176.84,3.086369,172.44,3.009670
2026-07-22 12:44:19.533,2.568,172.71,3.014272,180.00,3.141593,180.53,3.150797,177.89,3.104777,176.84,3.086369,172.44,3.009670
2026-07-22 12:44:19.566,2.601,172.71,3.014272,180.00,3.141593,180.53,3.150797,177.89,3.104777,176.84,3.086369,172.44,3.009670
2026-07-22 12:44:19.599,2.634,172.71,3.014272,180.00,3.141593,180.53,3.150797,177.89,3.104777,176.84,3.086369,172.44,3.009670
2026-07-22 12:44:19.633,2.667,172.71,3.014272,180.00,3.141593,180.53,3.150797,177.89,3.104777,176.84,3.086369,172.44,3.009670
2026-07-22 12:44:19.667,2.701,172.71,3.014272,180.00,3.141593,180.53,3.150797,177.89,3.104777,176.84,3.086369,172.44,3.009670
2026-07-22 12:44:19.699,2.734,172.71,3.014272,180.00,3.141593,180.53,3.150797,177.89,3.104777,176.84,3.086369,172.44,3.009670
2026-07-22 12:44:19.733,2.767,172.71,3.014272,180.00,3.141593,180.53,3.150797,177.89,3.104777,176.84,3.086369,172.44,3.009670
2026-07-22 12:44:19.766,2.801,172.71,3.014272,180.00,3.141593,180.53,3.150797,177.89,3.104777,176.84,3.086369,172.44,3.009670
2026-07-22 12:44:19.799,2.834,172.71,3.014272,180.00,3.141593,180.53,3.150797,177.89,3.104777,176.84,3.086369,172.44,3.009670
2026-07-22 12:44:19.833,2.867,172.71,3.014272,180.00,3.141593,180.53,3.150797,177.89,3.104777,176.84,3.086369,172.44,3.009670
2026-07-22 12:44:19.866,2.901,172.71,3.014272,180.00,3.141593,180.53,3.150797,177.89,3.104777,176.84,3.086369,172.44,3.009670
2026-07-22 12:44:19.900,2.934,172.71,3.014272,180.00,3.141593,180.53,3.150797,177.89,3.104777,176.84,3.086369,172.44,3.009670
2026-07-22 12:44:19.932,2.967,172.71,3.014272,180.00,3.141593,180.53,3.150797,177.89,3.104777,176.84,3.086369,172.44,3.009670
2026-07-22 12:44:19.965,3.000,172.71,3.014272,180.00,3.141593,180.53,3.150797,177.89,3.104777,176.84,3.086369,172.44,3.009670
2026-07-22 12:44:19.999,3.034,172.71,3.014272,180.00,3.141593,180.53,3.150797,177.89,3.104777,176.84,3.086369,172.44,3.009670
2026-07-22 12:44:20.032,3.067,172.71,3.014272,180.00,3.141593,180.53,3.150797,177.89,3.104777,176.84,3.086369,172.44,3.009670
2026-07-22 12:44:20.066,3.100,172.71,3.014272,180.00,3.141593,180.53,3.150797,177.89,3.104777,176.84,3.086369,172.44,3.009670
2026-07-22 12:44:20.102,3.134,172.71,3.014272,180.00,3.141593,180.53,3.150797,177.89,3.104777,176.84,3.086369,172.44,3.009670
2026-07-22 12:44:20.136,3.167,172.71,3.014272,180.00,3.141593,180.53,3.150797,177.89,3.104777,176.84,3.086369,172.44,3.009670
2026-07-22 12:44:20.170,3.201,172.71,3.014272,180.00,3.141593,180.53,3.150797,177.89,3.104777,176.84,3.086369,172.44,3.009670
2026-07-22 12:44:20.202,3.234,172.71,3.014272,180.00,3.141593,180.53,3.150797,177.89,3.104777,176.84,3.086369,172.44,3.009670
2026-07-22 12:44:20.234,3.267,172.71,3.014272,180.00,3.141593,180.53,3.150797,177.89,3.104777,176.84,3.086369,172.44,3.009670
2026-07-22 12:44:20.266,3.301,172.71,3.014272,180.00,3.141593,180.53,3.150797,177.89,3.104777,176.84,3.086369,172.44,3.009670
2026-07-22 12:44:20.302,3.334,172.71,3.014272,180.00,3.141593,180.53,3.150797,177.89,3.104777,176.84,3.086369,172.44,3.009670
2026-07-22 12:44:20.334,3.368,172.71,3.014272,180.00,3.141593,180.53,3.150797,177.89,3.104777,176.84,3.086369,172.44,3.009670
2026-07-22 12:44:20.366,3.401,172.71,3.014272,180.00,3.141593,180.53,3.150797,177.89,3.104777,176.84,3.086369,172.44,3.009670
2026-07-22 12:44:20.399,3.434,172.71,3.014272,180.00,3.141593,180.53,3.150797,177.89,3.104777,176.84,3.086369,172.44,3.009670
2026-07-22 12:44:20.433,3.468,172.71,3.014272,180.00,3.141593,180.53,3.150797,177.89,3.104777,176.84,3.086369,172.44,3.009670
2026-07-22 12:44:20.466,3.501,172.71,3.014272,180.00,3.141593,180.53,3.150797,177.89,3.104777,176.84,3.086369,172.44,3.009670
2026-07-22 12:44:20.500,3.534,172.71,3.014272,180.00,3.141593,180.53,3.150797,177.89,3.104777,176.84,3.086369,172.44,3.009670
2026-07-22 12:44:20.532,3.567,172.71,3.014272,180.00,3.141593,180.53,3.150797,177.89,3.104777,176.84,3.086369,172.44,3.009670
2026-07-22 12:44:20.566,3.601,172.71,3.014272,180.00,3.141593,180.53,3.150797,177.89,3.104777,176.84,3.086369,172.44,3.009670
2026-07-22 12:44:20.601,3.634,172.71,3.014272,180.00,3.141593,180.53,3.150797,177.89,3.104777,176.84,3.086369,172.44,3.009670
2026-07-22 12:44:20.633,3.668,172.71,3.014272,180.00,3.141593,180.53,3.150797,177.89,3.104777,176.84,3.086369,172.44,3.009670
2026-07-22 12:44:20.667,3.701,172.71,3.014272,180.00,3.141593,180.53,3.150797,177.89,3.104777,176.84,3.086369,172.44,3.009670
2026-07-22 12:44:20.700,3.734,172.71,3.014272,180.00,3.141593,180.53,3.150797,177.89,3.104777,176.84,3.086369,172.44,3.009670
2026-07-22 12:44:20.733,3.767,172.71,3.014272,180.00,3.141593,180.53,3.150797,177.89,3.104777,176.84,3.086369,172.44,3.009670
2026-07-22 12:44:20.766,3.801,172.71,3.014272,180.00,3.141593,180.53,3.150797,177.89,3.104777,176.84,3.086369,172.44,3.009670
2026-07-22 12:44:20.799,3.834,172.71,3.014272,180.00,3.141593,180.53,3.150797,177.89,3.104777,176.84,3.086369,172.44,3.009670
2026-07-22 12:44:20.833,3.867,172.71,3.014272,180.00,3.141593,180.53,3.150797,177.89,3.104777,176.84,3.086369,172.44,3.009670
2026-07-22 12:44:20.866,3.901,172.71,3.014272,180.00,3.141593,180.53,3.150797,177.89,3.104777,176.84,3.086369,172.44,3.009670
2026-07-22 12:44:20.902,3.935,172.71,3.014272,180.00,3.141593,180.53,3.150797,177.89,3.104777,176.84,3.086369,172.44,3.009670
2026-07-22 12:44:20.933,3.968,172.71,3.014272,180.00,3.141593,180.53,3.150797,177.89,3.104777,176.84,3.086369,172.44,3.009670
2026-07-22 12:44:20.965,4.001,172.71,3.014272,180.00,3.141593,180.53,3.150797,177.89,3.104777,176.84,3.086369,172.44,3.009670
2026-07-22 12:44:21.004,4.034,172.71,3.014272,180.00,3.141593,180.53,3.150797,177.89,3.104777,176.84,3.086369,172.44,3.009670
2026-07-22 12:44:21.034,4.067,172.71,3.014272,180.00,3.141593,180.53,3.150797,177.89,3.104777,176.84,3.086369,172.44,3.009670
2026-07-22 12:44:21.067,4.101,172.71,3.014272,180.00,3.141593,180.53,3.150797,177.89,3.104777,176.84,3.086369,172.44,3.009670
2026-07-22 12:44:21.100,4.134,172.71,3.014272,180.00,3.141593,180.53,3.150797,177.89,3.104777,176.84,3.086369,172.44,3.009670
2026-07-22 12:44:21.133,4.167,172.71,3.014272,180.00,3.141593,180.53,3.150797,177.89,3.104777,176.84,3.086369,172.44,3.009670
2026-07-22 12:44:21.166,4.201,172.71,3.014272,180.00,3.141593,180.53,3.150797,177.89,3.104777,176.84,3.086369,172.44,3.009670
2026-07-22 12:44:21.199,4.234,172.71,3.014272,180.00,3.141593,180.53,3.150797,177.89,3.104777,176.84,3.086369,172.44,3.009670
2026-07-22 12:44:21.233,4.267,172.71,3.014272,180.00,3.141593,180.53,3.150797,177.89,3.104777,176.84,3.086369,172.44,3.009670
2026-07-22 12:44:21.266,4.301,172.71,3.014272,180.00,3.141593,180.53,3.150797,177.89,3.104777,176.84,3.086369,172.44,3.009670
2026-07-22 12:44:21.300,4.334,172.71,3.014272,180.00,3.141593,180.53,3.150797,177.89,3.104777,176.84,3.086369,172.44,3.009670
2026-07-22 12:44:21.333,4.367,172.71,3.014272,180.00,3.141593,180.53,3.150797,177.89,3.104777,176.84,3.086369,172.44,3.009670
2026-07-22 12:44:21.366,4.401,172.71,3.014272,180.00,3.141593,180.53,3.150797,177.89,3.104777,176.84,3.086369,172.44,3.009670
2026-07-22 12:44:21.400,4.434,172.71,3.014272,180.00,3.141593,180.53,3.150797,177.89,3.104777,176.84,3.086369,172.44,3.009670
2026-07-22 12:44:21.434,4.468,172.71,3.014272,180.00,3.141593,180.53,3.150797,177.89,3.104777,176.84,3.086369,172.44,3.009670
2026-07-22 12:44:21.467,4.501,172.71,3.014272,180.00,3.141593,180.53,3.150797,177.89,3.104777,176.84,3.086369,172.44,3.009670
2026-07-22 12:44:21.499,4.534,172.71,3.014272,180.00,3.141593,180.53,3.150797,177.89,3.104777,176.84,3.086369,172.44,3.009670
2026-07-22 12:44:21.533,4.567,172.71,3.014272,180.00,3.141593,180.53,3.150797,177.89,3.104777,176.84,3.086369,172.44,3.009670
2026-07-22 12:44:21.566,4.601,172.71,3.014272,180.00,3.141593,180.53,3.150797,177.89,3.104777,176.84,3.086369,172.44,3.009670
2026-07-22 12:44:21.599,4.634,172.71,3.014272,180.00,3.141593,180.53,3.150797,177.89,3.104777,176.84,3.086369,172.44,3.009670
2026-07-22 12:44:21.633,4.668,172.71,3.014272,180.00,3.141593,180.53,3.150797,177.89,3.104777,176.84,3.086369,172.44,3.009670
2026-07-22 12:44:21.667,4.701,172.71,3.014272,180.00,3.141593,180.53,3.150797,177.89,3.104777,176.84,3.086369,172.44,3.009670
2026-07-22 12:44:21.699,4.734,172.71,3.014272,180.00,3.141593,180.53,3.150797,177.89,3.104777,176.84,3.086369,172.44,3.009670
2026-07-22 12:44:21.736,4.768,172.71,3.014272,180.00,3.141593,180.53,3.150797,177.89,3.104777,176.84,3.086369,172.44,3.009670
2026-07-22 12:44:21.768,4.801,172.71,3.014272,180.00,3.141593,180.53,3.150797,177.89,3.104777,176.84,3.086369,172.44,3.009670
2026-07-22 12:44:21.802,4.834,172.71,3.014272,180.00,3.141593,180.53,3.150797,177.89,3.104777,176.84,3.086369,172.44,3.009670
2026-07-22 12:44:21.838,4.869,172.71,3.014272,180.00,3.141593,180.53,3.150797,177.89,3.104777,176.84,3.086369,172.44,3.009670
2026-07-22 12:44:21.869,4.902,172.71,3.014272,180.00,3.141593,180.53,3.150797,177.89,3.104777,176.84,3.086369,172.44,3.009670
2026-07-22 12:44:21.905,4.935,172.71,3.014272,180.00,3.141593,180.53,3.150797,177.89,3.104777,176.84,3.086369,172.44,3.009670
2026-07-22 12:44:21.937,4.969,172.71,3.014272,180.00,3.141593,180.53,3.150797,177.89,3.104777,176.84,3.086369,172.44,3.009670
2026-07-22 12:44:21.966,5.001,172.71,3.014272,180.00,3.141593,180.53,3.150797,177.89,3.104777,176.84,3.086369,172.44,3.009670
2026-07-22 12:44:22.000,5.034,172.71,3.014272,180.00,3.141593,180.53,3.150797,177.89,3.104777,176.84,3.086369,172.44,3.009670
2026-07-22 12:44:22.034,5.068,172.71,3.014272,180.00,3.141593,180.53,3.150797,177.89,3.104777,176.84,3.086369,172.44,3.009670
2026-07-22 12:44:22.066,5.101,172.71,3.014272,180.00,3.141593,180.53,3.150797,177.89,3.104777,176.84,3.086369,172.44,3.009670
2026-07-22 12:44:22.100,5.134,172.71,3.014272,180.00,3.141593,180.53,3.150797,177.89,3.104777,176.84,3.086369,172.44,3.009670
2026-07-22 12:44:22.133,5.167,172.71,3.014272,180.00,3.141593,180.53,3.150797,177.89,3.104777,176.84,3.086369,172.44,3.009670
2026-07-22 12:44:22.168,5.201,172.71,3.014272,180.00,3.141593,180.53,3.150797,177.89,3.104777,176.84,3.086369,172.44,3.009670
2026-07-22 12:44:22.199,5.234,172.71,3.014272,180.00,3.141593,180.53,3.150797,177.89,3.104777,176.84,3.086369,172.44,3.009670
2026-07-22 12:44:22.233,5.268,172.71,3.014272,180.00,3.141593,180.53,3.150797,177.89,3.104777,176.84,3.086369,172.44,3.009670
2026-07-22 12:44:22.266,5.301,172.71,3.014272,180.00,3.141593,180.53,3.150797,177.89,3.104777,176.84,3.086369,172.44,3.009670
2026-07-22 12:44:22.300,5.334,172.71,3.014272,180.00,3.141593,180.53,3.150797,177.89,3.104777,176.84,3.086369,172.44,3.009670
2026-07-22 12:44:22.333,5.367,172.71,3.014272,180.00,3.141593,180.53,3.150797,177.89,3.104777,176.84,3.086369,172.44,3.009670
2026-07-22 12:44:22.368,5.401,172.71,3.014272,180.00,3.141593,180.53,3.150797,177.89,3.104777,176.84,3.086369,172.44,3.009670
2026-07-22 12:44:22.399,5.434,172.71,3.014272,180.00,3.141593,180.53,3.150797,177.89,3.104777,176.84,3.086369,172.44,3.009670
2026-07-22 12:44:22.435,5.469,172.71,3.014272,180.00,3.141593,180.53,3.150797,177.89,3.104777,176.84,3.086369,172.44,3.009670
2026-07-22 12:44:22.467,5.500,172.71,3.014272,180.00,3.141593,180.53,3.150797,177.89,3.104777,176.84,3.086369,172.44,3.009670
2026-07-22 12:44:22.500,5.534,172.71,3.014272,180.00,3.141593,180.53,3.150797,177.89,3.104777,176.84,3.086369,172.44,3.009670
2026-07-22 12:44:22.534,5.567,172.71,3.014272,180.00,3.141593,180.53,3.150797,177.89,3.104777,176.84,3.086369,172.44,3.009670
2026-07-22 12:44:22.565,5.601,172.71,3.014272,180.00,3.141593,180.53,3.150797,177.89,3.104777,176.84,3.086369,172.44,3.009670
2026-07-22 12:44:22.601,5.634,172.71,3.014272,180.00,3.141593,180.53,3.150797,177.89,3.104777,176.84,3.086369,172.44,3.009670
2026-07-22 12:44:22.635,5.669,172.71,3.014272,180.00,3.141593,180.53,3.150797,177.89,3.104777,176.84,3.086369,172.44,3.009670
2026-07-22 12:44:22.666,5.701,172.71,3.014272,180.00,3.141593,180.53,3.150797,177.89,3.104777,176.84,3.086369,172.44,3.009670
2026-07-22 12:44:22.701,5.735,172.71,3.014272,180.00,3.141593,180.53,3.150797,177.89,3.104777,176.84,3.086369,172.44,3.009670
2026-07-22 12:44:22.733,5.768,172.71,3.014272,180.00,3.141593,180.53,3.150797,177.89,3.104777,176.84,3.086369,172.44,3.009670
2026-07-22 12:44:22.766,5.801,172.71,3.014272,180.00,3.141593,180.53,3.150797,177.89,3.104777,176.84,3.086369,172.44,3.009670
2026-07-22 12:44:22.800,5.835,172.71,3.014272,180.00,3.141593,180.53,3.150797,177.89,3.104777,176.84,3.086369,172.44,3.009670
2026-07-22 12:44:22.833,5.867,172.71,3.014272,180.00,3.141593,180.53,3.150797,177.89,3.104777,176.84,3.086369,172.44,3.009670
2026-07-22 12:44:22.867,5.901,172.71,3.014272,180.00,3.141593,180.53,3.150797,177.89,3.104777,176.84,3.086369,172.44,3.009670
2026-07-22 12:44:22.900,5.934,172.71,3.014272,180.00,3.141593,180.53,3.150797,177.89,3.104777,176.84,3.086369,172.44,3.009670
2026-07-22 12:44:22.933,5.967,172.71,3.014272,180.00,3.141593,180.53,3.150797,177.89,3.104777,176.84,3.086369,172.44,3.009670
2026-07-22 12:44:22.966,6.001,172.71,3.014272,180.00,3.141593,180.53,3.150797,177.89,3.104777,176.84,3.086369,172.44,3.009670
2026-07-22 12:44:22.999,6.034,172.71,3.014272,180.00,3.141593,180.53,3.150797,177.89,3.104777,176.84,3.086369,172.44,3.009670
2026-07-22 12:44:23.033,6.067,172.71,3.014272,180.00,3.141593,180.53,3.150797,177.89,3.104777,176.84,3.086369,172.44,3.009670
2026-07-22 12:44:23.066,6.101,172.71,3.014272,180.00,3.141593,180.53,3.150797,177.89,3.104777,176.84,3.086369,172.44,3.009670
2026-07-22 12:44:23.102,6.134,172.71,3.014272,180.00,3.141593,180.53,3.150797,177.89,3.104777,176.84,3.086369,172.44,3.009670
2026-07-22 12:44:23.133,6.167,172.71,3.014272,180.00,3.141593,180.53,3.150797,177.89,3.104777,176.84,3.086369,172.44,3.009670
2026-07-22 12:44:23.166,6.201,172.71,3.014272,180.00,3.141593,180.53,3.150797,177.89,3.104777,176.84,3.086369,172.44,3.009670
2026-07-22 12:44:23.200,6.234,172.71,3.014272,180.00,3.141593,180.53,3.150797,177.89,3.104777,176.84,3.086369,172.44,3.009670
2026-07-22 12:44:23.233,6.268,172.71,3.014272,180.00,3.141593,180.53,3.150797,177.89,3.104777,176.84,3.086369,172.44,3.009670
2026-07-22 12:44:23.267,6.301,172.71,3.014272,180.00,3.141593,180.53,3.150797,177.89,3.104777,176.84,3.086369,172.44,3.009670
2026-07-22 12:44:23.303,6.334,172.71,3.014272,180.00,3.141593,180.53,3.150797,177.89,3.104777,176.84,3.086369,172.44,3.009670
2026-07-22 12:44:23.335,6.367,172.71,3.014272,180.00,3.141593,180.53,3.150797,177.89,3.104777,176.84,3.086369,172.44,3.009670
2026-07-22 12:44:23.367,6.401,172.71,3.014272,180.00,3.141593,180.53,3.150797,177.89,3.104777,176.84,3.086369,172.44,3.009670
2026-07-22 12:44:23.401,6.434,172.71,3.014272,180.00,3.141593,180.53,3.150797,177.89,3.104777,176.84,3.086369,172.44,3.009670
2026-07-22 12:44:23.432,6.467,172.71,3.014272,180.00,3.141593,180.53,3.150797,177.89,3.104777,176.84,3.086369,172.44,3.009670
2026-07-22 12:44:23.468,6.501,172.71,3.014272,180.00,3.141593,180.53,3.150797,177.89,3.104777,176.84,3.086369,172.44,3.009670
2026-07-22 12:44:23.500,6.534,172.71,3.014272,180.00,3.141593,180.53,3.150797,177.89,3.104777,176.84,3.086369,172.44,3.009670
2026-07-22 12:44:23.533,6.568,172.71,3.014272,180.00,3.141593,180.53,3.150797,177.89,3.104777,176.84,3.086369,172.44,3.009670
2026-07-22 12:44:23.567,6.601,172.71,3.014272,180.00,3.141593,180.53,3.150797,177.89,3.104777,176.84,3.086369,172.44,3.009670
2026-07-22 12:44:23.599,6.634,172.71,3.014272,180.00,3.141593,180.53,3.150797,177.89,3.104777,176.84,3.086369,172.44,3.009670
2026-07-22 12:44:23.633,6.667,172.71,3.014272,180.00,3.141593,180.53,3.150797,177.89,3.104777,176.84,3.086369,172.44,3.009670
2026-07-22 12:44:23.666,6.701,172.71,3.014272,180.00,3.141593,180.53,3.150797,177.89,3.104777,176.84,3.086369,172.44,3.009670
2026-07-22 12:44:23.701,6.735,172.71,3.014272,180.00,3.141593,180.53,3.150797,177.89,3.104777,176.84,3.086369,172.44,3.009670
2026-07-22 12:44:23.732,6.768,172.71,3.014272,180.00,3.141593,180.53,3.150797,177.89,3.104777,176.84,3.086369,172.44,3.009670
2026-07-22 12:44:23.766,6.801,172.71,3.014272,180.00,3.141593,180.53,3.150797,177.89,3.104777,176.84,3.086369,172.44,3.009670
2026-07-22 12:44:23.800,6.835,172.71,3.014272,180.00,3.141593,180.53,3.150797,177.89,3.104777,176.84,3.086369,172.44,3.009670
2026-07-22 12:44:23.833,6.868,172.71,3.014272,180.00,3.141593,180.53,3.150797,177.89,3.104777,176.84,3.086369,172.44,3.009670
2026-07-22 12:44:23.866,6.901,172.71,3.014272,180.00,3.141593,180.53,3.150797,177.89,3.104777,176.84,3.086369,172.44,3.009670
2026-07-22 12:44:23.899,6.934,172.71,3.014272,180.00,3.141593,180.53,3.150797,177.89,3.104777,176.84,3.086369,172.44,3.009670
2026-07-22 12:44:23.933,6.968,172.71,3.014272,180.00,3.141593,180.53,3.150797,177.89,3.104777,176.84,3.086369,172.44,3.009670
2026-07-22 12:44:23.966,7.001,172.71,3.014272,180.00,3.141593,180.53,3.150797,177.89,3.104777,176.84,3.086369,172.44,3.009670
2026-07-22 12:44:23.999,7.034,172.71,3.014272,180.00,3.141593,180.53,3.150797,177.89,3.104777,176.84,3.086369,172.44,3.009670
2026-07-22 12:44:24.033,7.068,172.71,3.014272,180.00,3.141593,180.53,3.150797,177.89,3.104777,176.84,3.086369,172.44,3.009670
2026-07-22 12:44:24.065,7.101,172.71,3.014272,180.00,3.141593,180.53,3.150797,177.89,3.104777,176.84,3.086369,172.44,3.009670
2026-07-22 12:44:24.100,7.134,172.71,3.014272,180.00,3.141593,180.53,3.150797,177.89,3.104777,176.84,3.086369,172.44,3.009670
2026-07-22 12:44:24.133,7.168,172.71,3.014272,180.00,3.141593,180.53,3.150797,177.89,3.104777,176.84,3.086369,172.44,3.009670
2026-07-22 12:44:24.168,7.201,172.71,3.014272,180.00,3.141593,180.53,3.150797,177.89,3.104777,176.84,3.086369,172.44,3.009670
2026-07-22 12:44:24.201,7.234,172.71,3.014272,180.00,3.141593,180.53,3.150797,177.89,3.104777,176.84,3.086369,172.44,3.009670
2026-07-22 12:44:24.234,7.267,172.71,3.014272,180.00,3.141593,180.53,3.150797,177.89,3.104777,176.84,3.086369,172.44,3.009670
2026-07-22 12:44:24.268,7.301,172.71,3.014272,180.00,3.141593,180.53,3.150797,177.89,3.104777,176.84,3.086369,172.44,3.009670
2026-07-22 12:44:24.300,7.334,172.71,3.014272,180.00,3.141593,180.53,3.150797,177.89,3.104777,176.84,3.086369,172.44,3.009670
2026-07-22 12:44:24.333,7.367,172.71,3.014272,180.00,3.141593,180.53,3.150797,177.89,3.104777,176.84,3.086369,172.44,3.009670
2026-07-22 12:44:24.367,7.401,172.71,3.014272,180.00,3.141593,180.53,3.150797,177.89,3.104777,176.84,3.086369,172.44,3.009670
2026-07-22 12:44:24.399,7.434,172.71,3.014272,180.00,3.141593,180.53,3.150797,177.89,3.104777,176.84,3.086369,172.44,3.009670
2026-07-22 12:44:24.433,7.468,172.71,3.014272,180.00,3.141593,180.53,3.150797,177.89,3.104777,176.84,3.086369,172.44,3.009670
2026-07-22 12:44:24.467,7.501,172.71,3.014272,180.00,3.141593,180.53,3.150797,177.89,3.104777,176.84,3.086369,172.44,3.009670
2026-07-22 12:44:24.500,7.534,172.71,3.014272,180.00,3.141593,180.53,3.150797,177.89,3.104777,176.84,3.086369,172.44,3.009670
2026-07-22 12:44:24.533,7.568,172.71,3.014272,180.00,3.141593,180.53,3.150797,177.89,3.104777,176.84,3.086369,172.44,3.009670
2026-07-22 12:44:24.566,7.601,172.71,3.014272,180.00,3.141593,180.53,3.150797,177.89,3.104777,176.84,3.086369,172.44,3.009670
2026-07-22 12:44:24.601,7.634,172.71,3.014272,180.00,3.141593,180.53,3.150797,177.89,3.104777,176.84,3.086369,172.44,3.009670
2026-07-22 12:44:24.635,7.667,172.71,3.014272,180.00,3.141593,180.53,3.150797,177.89,3.104777,176.84,3.086369,172.44,3.009670
2026-07-22 12:44:24.670,7.701,172.71,3.014272,180.00,3.141593,180.53,3.150797,177.89,3.104777,176.84,3.086369,172.44,3.009670
2026-07-22 12:44:24.699,7.734,172.71,3.014272,180.00,3.141593,180.53,3.150797,177.89,3.104777,176.84,3.086369,172.44,3.009670
2026-07-22 12:44:24.737,7.768,172.71,3.014272,180.00,3.141593,180.53,3.150797,177.89,3.104777,176.84,3.086369,172.44,3.009670
2026-07-22 12:44:24.766,7.801,172.71,3.014272,180.00,3.141593,180.53,3.150797,177.89,3.104777,176.84,3.086369,172.44,3.009670
2026-07-22 12:44:24.799,7.834,172.71,3.014272,180.00,3.141593,180.53,3.150797,177.89,3.104777,176.84,3.086369,172.44,3.009670
2026-07-22 12:44:24.836,7.868,172.71,3.014272,180.00,3.141593,180.53,3.150797,177.89,3.104777,176.84,3.086369,172.44,3.009670
2026-07-22 12:44:24.866,7.901,172.71,3.014272,180.00,3.141593,180.53,3.150797,177.89,3.104777,176.84,3.086369,172.44,3.009670
2026-07-22 12:44:24.901,7.934,172.71,3.014272,180.00,3.141593,180.53,3.150797,177.89,3.104777,176.84,3.086369,172.44,3.009670
2026-07-22 12:44:24.935,7.967,172.71,3.014272,180.00,3.141593,180.53,3.150797,177.89,3.104777,176.84,3.086369,172.44,3.009670
2026-07-22 12:44:24.969,8.001,172.71,3.014272,180.00,3.141593,180.53,3.150797,177.89,3.104777,176.84,3.086369,172.44,3.009670
2026-07-22 12:44:24.999,8.034,172.71,3.014272,180.00,3.141593,180.53,3.150797,177.89,3.104777,176.84,3.086369,172.44,3.009670
2026-07-22 12:44:25.036,8.068,172.71,3.014272,180.00,3.141593,180.53,3.150797,177.89,3.104777,176.84,3.086369,172.44,3.009670
2026-07-22 12:44:25.068,8.101,172.71,3.014272,180.00,3.141593,180.53,3.150797,177.89,3.104777,176.84,3.086369,172.44,3.009670
2026-07-22 12:44:25.100,8.134,172.71,3.014272,180.00,3.141593,180.53,3.150797,177.89,3.104777,176.84,3.086369,172.44,3.009670
2026-07-22 12:44:25.133,8.167,172.71,3.014272,180.00,3.141593,180.53,3.150797,177.89,3.104777,176.84,3.086369,172.44,3.009670
2026-07-22 12:44:25.167,8.201,172.71,3.014272,180.00,3.141593,180.53,3.150797,177.89,3.104777,176.84,3.086369,172.44,3.009670
2026-07-22 12:44:25.199,8.234,172.71,3.014272,180.00,3.141593,180.53,3.150797,177.89,3.104777,176.84,3.086369,172.44,3.009670
2026-07-22 12:44:25.232,8.267,172.71,3.014272,180.00,3.141593,180.53,3.150797,177.89,3.104777,176.84,3.086369,172.44,3.009670
2026-07-22 12:44:25.266,8.301,172.71,3.014272,180.00,3.141593,180.53,3.150797,177.89,3.104777,176.84,3.086369,172.44,3.009670
2026-07-22 12:44:25.299,8.334,172.71,3.014272,180.00,3.141593,180.53,3.150797,177.89,3.104777,176.84,3.086369,172.44,3.009670
2026-07-22 12:44:25.332,8.367,172.71,3.014272,180.00,3.141593,180.53,3.150797,177.89,3.104777,176.84,3.086369,172.44,3.009670
2026-07-22 12:44:25.366,8.401,172.71,3.014272,180.00,3.141593,180.53,3.150797,177.89,3.104777,176.84,3.086369,172.44,3.009670
2026-07-22 12:44:25.400,8.434,172.71,3.014272,180.00,3.141593,180.53,3.150797,177.89,3.104777,176.84,3.086369,172.44,3.009670
2026-07-22 12:44:25.432,8.467,172.71,3.014272,180.00,3.141593,180.53,3.150797,177.89,3.104777,176.84,3.086369,172.44,3.009670
2026-07-22 12:44:25.465,8.501,172.71,3.014272,180.00,3.141593,180.53,3.150797,177.89,3.104777,176.84,3.086369,172.44,3.009670
2026-07-22 12:44:25.499,8.534,172.71,3.014272,180.00,3.141593,180.53,3.150797,177.89,3.104777,176.84,3.086369,172.44,3.009670
2026-07-22 12:44:25.533,8.568,172.71,3.014272,180.00,3.141593,180.53,3.150797,177.89,3.104777,176.84,3.086369,172.44,3.009670
2026-07-22 12:44:25.565,8.601,172.71,3.014272,180.00,3.141593,180.53,3.150797,177.89,3.104777,176.84,3.086369,172.44,3.009670
2026-07-22 12:44:25.599,8.634,172.71,3.014272,180.00,3.141593,180.53,3.150797,177.89,3.104777,176.84,3.086369,172.44,3.009670
2026-07-22 12:44:25.632,8.667,172.71,3.014272,180.00,3.141593,180.53,3.150797,177.89,3.104777,176.84,3.086369,172.44,3.009670
2026-07-22 12:44:25.671,8.701,172.71,3.014272,180.00,3.141593,180.53,3.150797,177.89,3.104777,176.84,3.086369,172.44,3.009670
2026-07-22 12:44:25.700,8.734,172.71,3.014272,180.00,3.141593,180.53,3.150797,177.89,3.104777,176.84,3.086369,172.44,3.009670
2026-07-22 12:44:25.735,8.767,172.71,3.014272,180.00,3.141593,180.53,3.150797,177.89,3.104777,176.84,3.086369,172.44,3.009670
2026-07-22 12:44:25.768,8.801,172.71,3.014272,180.00,3.141593,180.53,3.150797,177.89,3.104777,176.84,3.086369,172.44,3.009670
2026-07-22 12:44:25.798,8.834,172.71,3.014272,180.00,3.141593,180.53,3.150797,177.89,3.104777,176.84,3.086369,172.44,3.009670
2026-07-22 12:44:25.834,8.868,172.71,3.014272,180.00,3.141593,180.53,3.150797,177.89,3.104777,176.84,3.086369,172.44,3.009670
2026-07-22 12:44:25.867,8.901,172.71,3.014272,180.00,3.141593,180.53,3.150797,177.89,3.104777,176.84,3.086369,172.44,3.009670
2026-07-22 12:44:25.899,8.934,172.71,3.014272,180.00,3.141593,180.53,3.150797,177.89,3.104777,176.84,3.086369,172.44,3.009670
2026-07-22 12:44:25.935,8.969,172.71,3.014272,180.00,3.141593,180.53,3.150797,177.89,3.104777,176.84,3.086369,172.44,3.009670
2026-07-22 12:44:25.966,9.001,172.71,3.014272,180.00,3.141593,180.53,3.150797,177.89,3.104777,176.84,3.086369,172.44,3.009670
2026-07-22 12:44:25.999,9.034,172.71,3.014272,180.00,3.141593,180.53,3.150797,177.89,3.104777,176.84,3.086369,172.44,3.009670
2026-07-22 12:44:26.033,9.068,172.71,3.014272,180.00,3.141593,180.53,3.150797,177.89,3.104777,176.84,3.086369,172.44,3.009670
2026-07-22 12:44:26.066,9.101,172.71,3.014272,180.00,3.141593,180.53,3.150797,177.89,3.104777,176.84,3.086369,172.44,3.009670
2026-07-22 12:44:26.099,9.134,172.71,3.014272,180.00,3.141593,180.53,3.150797,177.89,3.104777,176.84,3.086369,172.44,3.009670
2026-07-22 12:44:26.133,9.168,172.71,3.014272,180.00,3.141593,180.53,3.150797,177.89,3.104777,176.84,3.086369,172.44,3.009670
2026-07-22 12:44:26.167,9.201,172.71,3.014272,180.00,3.141593,180.53,3.150797,177.89,3.104777,176.84,3.086369,172.44,3.009670
2026-07-22 12:44:26.200,9.234,172.71,3.014272,180.00,3.141593,180.53,3.150797,177.89,3.104777,176.84,3.086369,172.44,3.009670
2026-07-22 12:44:26.233,9.267,172.71,3.014272,180.00,3.141593,180.53,3.150797,177.89,3.104777,176.84,3.086369,172.44,3.009670
2026-07-22 12:44:26.266,9.301,172.71,3.014272,180.00,3.141593,180.53,3.150797,177.89,3.104777,176.84,3.086369,172.44,3.009670
2026-07-22 12:44:26.300,9.334,172.71,3.014272,180.00,3.141593,180.53,3.150797,177.89,3.104777,176.84,3.086369,172.44,3.009670
2026-07-22 12:44:26.333,9.368,172.71,3.014272,180.00,3.141593,180.53,3.150797,177.89,3.104777,176.84,3.086369,172.44,3.009670
2026-07-22 12:44:26.366,9.401,172.71,3.014272,180.00,3.141593,180.53,3.150797,177.89,3.104777,176.84,3.086369,172.44,3.009670
2026-07-22 12:44:26.400,9.434,172.71,3.014272,180.00,3.141593,180.53,3.150797,177.89,3.104777,176.84,3.086369,172.44,3.009670
2026-07-22 12:44:26.433,9.468,172.71,3.014272,180.00,3.141593,180.53,3.150797,177.89,3.104777,176.84,3.086369,172.44,3.009670
2026-07-22 12:44:26.466,9.501,172.71,3.014272,180.00,3.141593,180.53,3.150797,177.89,3.104777,176.84,3.086369,172.44,3.009670
2026-07-22 12:44:26.500,9.535,172.71,3.014272,180.00,3.141593,180.53,3.150797,177.89,3.104777,176.84,3.086369,172.44,3.009670
2026-07-22 12:44:26.534,9.568,172.71,3.014272,180.00,3.141593,180.53,3.150797,177.89,3.104777,176.84,3.086369,172.44,3.009670
2026-07-22 12:44:26.569,9.601,172.71,3.014272,180.00,3.141593,180.53,3.150797,177.89,3.104777,176.84,3.086369,172.44,3.009670
2026-07-22 12:44:26.602,9.634,172.71,3.014272,180.00,3.141593,180.53,3.150797,177.89,3.104777,176.84,3.086369,172.44,3.009670
2026-07-22 12:44:26.635,9.668,172.71,3.014272,180.00,3.141593,180.53,3.150797,177.89,3.104777,176.84,3.086369,172.44,3.009670
2026-07-22 12:44:26.667,9.701,172.71,3.014272,180.00,3.141593,180.53,3.150797,177.89,3.104777,176.84,3.086369,172.44,3.009670
2026-07-22 12:44:26.700,9.734,172.71,3.014272,180.00,3.141593,180.53,3.150797,177.89,3.104777,176.84,3.086369,172.44,3.009670
2026-07-22 12:44:26.733,9.768,172.71,3.014272,180.00,3.141593,180.53,3.150797,177.89,3.104777,176.84,3.086369,172.44,3.009670
2026-07-22 12:44:26.766,9.801,172.71,3.014272,180.00,3.141593,180.53,3.150797,177.89,3.104777,176.84,3.086369,172.44,3.009670
2026-07-22 12:44:26.800,9.834,172.71,3.014272,180.00,3.141593,180.53,3.150797,177.89,3.104777,176.84,3.086369,172.44,3.009670
2026-07-22 12:44:26.832,9.867,172.71,3.014272,180.00,3.141593,180.53,3.150797,177.89,3.104777,176.84,3.086369,172.44,3.009670
2026-07-22 12:44:26.866,9.901,172.71,3.014272,180.00,3.141593,180.53,3.150797,177.89,3.104777,176.84,3.086369,172.44,3.009670
2026-07-22 12:44:26.900,9.934,172.71,3.014272,180.00,3.141593,180.53,3.150797,177.89,3.104777,176.84,3.086369,172.44,3.009670
2026-07-22 12:44:26.933,9.968,172.71,3.014272,180.00,3.141593,180.53,3.150797,177.89,3.104777,176.84,3.086369,172.44,3.009670
2026-07-22 12:44:26.966,10.001,172.71,3.014272,180.00,3.141593,180.53,3.150797,177.89,3.104777,176.84,3.086369,172.44,3.009670
2026-07-22 12:44:27.000,10.034,172.71,3.014272,180.00,3.141593,180.53,3.150797,177.89,3.104777,176.84,3.086369,172.44,3.009670
2026-07-22 12:44:27.033,10.067,172.71,3.014272,180.00,3.141593,180.53,3.150797,177.89,3.104777,176.84,3.086369,172.44,3.009670
2026-07-22 12:44:27.066,10.100,172.71,3.014272,180.00,3.141593,180.53,3.150797,177.89,3.104777,176.84,3.086369,172.44,3.009670
2026-07-22 12:44:27.099,10.134,172.71,3.014272,180.00,3.141593,180.53,3.150797,177.89,3.104777,176.84,3.086369,172.44,3.009670
2026-07-22 12:44:27.132,10.167,172.71,3.014272,180.00,3.141593,180.53,3.150797,177.89,3.104777,176.84,3.086369,172.44,3.009670
2026-07-22 12:44:27.166,10.201,172.71,3.014272,180.00,3.141593,180.53,3.150797,177.89,3.104777,176.84,3.086369,172.44,3.009670
2026-07-22 12:44:27.200,10.234,172.71,3.014272,180.00,3.141593,180.53,3.150797,177.89,3.104777,176.84,3.086369,172.44,3.009670
2026-07-22 12:44:27.233,10.268,172.71,3.014272,180.00,3.141593,180.53,3.150797,177.89,3.104777,176.84,3.086369,172.44,3.009670
2026-07-22 12:44:27.266,10.301,172.71,3.014272,180.00,3.141593,180.53,3.150797,177.89,3.104777,176.84,3.086369,172.44,3.009670
2026-07-22 12:44:27.299,10.334,172.71,3.014272,180.00,3.141593,180.53,3.150797,177.89,3.104777,176.84,3.086369,172.44,3.009670
2026-07-22 12:44:27.335,10.368,172.71,3.014272,180.00,3.141593,180.53,3.150797,177.89,3.104777,176.84,3.086369,172.44,3.009670
2026-07-22 12:44:27.368,10.401,172.71,3.014272,180.00,3.141593,180.53,3.150797,177.89,3.104777,176.84,3.086369,172.44,3.009670
2026-07-22 12:44:27.402,10.434,172.71,3.014272,180.00,3.141593,180.53,3.150797,177.89,3.104777,176.84,3.086369,172.44,3.009670
2026-07-22 12:44:27.436,10.467,172.71,3.014272,180.00,3.141593,180.53,3.150797,177.89,3.104777,176.84,3.086369,172.44,3.009670
2026-07-22 12:44:27.468,10.501,172.71,3.014272,180.00,3.141593,180.53,3.150797,177.89,3.104777,176.84,3.086369,172.44,3.009670
2026-07-22 12:44:27.500,10.534,172.71,3.014272,180.00,3.141593,180.53,3.150797,177.89,3.104777,176.84,3.086369,172.44,3.009670
2026-07-22 12:44:27.534,10.567,172.71,3.014272,180.00,3.141593,180.53,3.150797,177.89,3.104777,176.84,3.086369,172.44,3.009670
2026-07-22 12:44:27.567,10.601,172.71,3.014272,180.00,3.141593,180.53,3.150797,177.89,3.104777,176.84,3.086369,172.44,3.009670
2026-07-22 12:44:27.600,10.634,172.71,3.014272,180.00,3.141593,180.53,3.150797,177.89,3.104777,176.84,3.086369,172.44,3.009670
2026-07-22 12:44:27.633,10.667,172.71,3.014272,180.00,3.141593,180.53,3.150797,177.89,3.104777,176.84,3.086369,172.44,3.009670
2026-07-22 12:44:27.666,10.701,172.71,3.014272,180.00,3.141593,180.53,3.150797,177.89,3.104777,176.84,3.086369,172.44,3.009670
2026-07-22 12:44:27.699,10.734,172.71,3.014272,180.00,3.141593,180.53,3.150797,177.89,3.104777,176.84,3.086369,172.44,3.009670
2026-07-22 12:44:27.733,10.768,172.71,3.014272,180.00,3.141593,180.53,3.150797,177.89,3.104777,176.84,3.086369,172.44,3.009670
2026-07-22 12:44:27.766,10.801,172.71,3.014272,180.00,3.141593,180.53,3.150797,177.89,3.104777,176.84,3.086369,172.44,3.009670
2026-07-22 12:44:27.800,10.834,172.71,3.014272,180.00,3.141593,180.53,3.150797,177.89,3.104777,176.84,3.086369,172.44,3.009670
2026-07-22 12:44:27.833,10.868,172.71,3.014272,180.00,3.141593,180.53,3.150797,177.89,3.104777,176.84,3.086369,172.44,3.009670
2026-07-22 12:44:27.867,10.901,172.71,3.014272,180.00,3.141593,180.53,3.150797,177.89,3.104777,176.84,3.086369,172.44,3.009670
2026-07-22 12:44:27.902,10.934,172.71,3.014272,180.00,3.141593,180.53,3.150797,177.89,3.104777,176.84,3.086369,172.44,3.009670
2026-07-22 12:44:27.932,10.967,172.71,3.014272,180.00,3.141593,180.53,3.150797,177.89,3.104777,176.84,3.086369,172.44,3.009670
2026-07-22 12:44:27.966,11.000,172.71,3.014272,180.00,3.141593,180.53,3.150797,177.89,3.104777,176.84,3.086369,172.44,3.009670
2026-07-22 12:44:28.000,11.034,172.71,3.014272,180.00,3.141593,180.53,3.150797,177.89,3.104777,176.84,3.086369,172.44,3.009670
2026-07-22 12:44:28.033,11.068,172.71,3.014272,180.00,3.141593,180.53,3.150797,177.89,3.104777,176.84,3.086369,172.44,3.009670
2026-07-22 12:44:28.066,11.101,172.71,3.014272,180.00,3.141593,180.53,3.150797,177.89,3.104777,176.84,3.086369,172.44,3.009670
2026-07-22 12:44:28.099,11.134,172.71,3.014272,180.00,3.141593,180.53,3.150797,177.89,3.104777,176.84,3.086369,172.44,3.009670
2026-07-22 12:44:28.136,11.168,172.71,3.014272,180.00,3.141593,180.53,3.150797,177.89,3.104777,176.84,3.086369,172.44,3.009670
2026-07-22 12:44:28.165,11.201,172.71,3.014272,180.00,3.141593,180.53,3.150797,177.89,3.104777,176.84,3.086369,172.44,3.009670
2026-07-22 12:44:28.202,11.234,172.71,3.014272,180.00,3.141593,180.53,3.150797,177.89,3.104777,176.84,3.086369,172.44,3.009670
2026-07-22 12:44:28.235,11.268,172.71,3.014272,180.00,3.141593,180.53,3.150797,177.89,3.104777,176.84,3.086369,172.44,3.009670
2026-07-22 12:44:28.267,11.301,172.71,3.014272,180.00,3.141593,180.53,3.150797,177.89,3.104777,176.84,3.086369,172.44,3.009670
2026-07-22 12:44:28.299,11.334,172.71,3.014272,180.00,3.141593,180.53,3.150797,177.89,3.104777,176.84,3.086369,172.44,3.009670
2026-07-22 12:44:28.332,11.367,172.71,3.014272,180.00,3.141593,180.53,3.150797,177.89,3.104777,176.84,3.086369,172.44,3.009670
2026-07-22 12:44:28.366,11.401,172.71,3.014272,180.00,3.141593,180.53,3.150797,177.89,3.104777,176.84,3.086369,172.44,3.009670
2026-07-22 12:44:28.402,11.434,172.71,3.014272,180.00,3.141593,180.53,3.150797,177.89,3.104777,176.84,3.086369,172.44,3.009670
2026-07-22 12:44:28.434,11.468,172.71,3.014272,180.00,3.141593,180.53,3.150797,177.89,3.104777,176.84,3.086369,172.44,3.009670
2026-07-22 12:44:28.466,11.501,172.71,3.014272,180.00,3.141593,180.53,3.150797,177.89,3.104777,176.84,3.086369,172.44,3.009670
2026-07-22 12:44:28.500,11.534,172.71,3.014272,180.00,3.141593,180.53,3.150797,177.89,3.104777,176.84,3.086369,172.44,3.009670
2026-07-22 12:44:28.533,11.567,172.71,3.014272,180.00,3.141593,180.53,3.150797,177.89,3.104777,176.84,3.086369,172.44,3.009670
2026-07-22 12:44:28.566,11.601,172.71,3.014272,180.00,3.141593,180.53,3.150797,177.89,3.104777,176.84,3.086369,172.44,3.009670
2026-07-22 12:44:28.599,11.634,172.71,3.014272,180.00,3.141593,180.53,3.150797,177.89,3.104777,176.84,3.086369,172.44,3.009670
2026-07-22 12:44:28.632,11.667,172.71,3.014272,180.00,3.141593,180.53,3.150797,177.89,3.104777,176.84,3.086369,172.44,3.009670
2026-07-22 12:44:28.666,11.700,172.71,3.014272,180.00,3.141593,180.53,3.150797,177.89,3.104777,176.84,3.086369,172.44,3.009670
2026-07-22 12:44:28.699,11.734,172.71,3.014272,180.00,3.141593,180.53,3.150797,177.89,3.104777,176.84,3.086369,172.44,3.009670
2026-07-22 12:44:28.733,11.768,172.71,3.014272,180.00,3.141593,180.53,3.150797,177.89,3.104777,176.84,3.086369,172.44,3.009670
2026-07-22 12:44:28.766,11.801,172.71,3.014272,180.00,3.141593,180.53,3.150797,177.89,3.104777,176.84,3.086369,172.44,3.009670
2026-07-22 12:44:28.799,11.834,172.71,3.014272,180.00,3.141593,180.53,3.150797,177.89,3.104777,176.84,3.086369,172.44,3.009670
2026-07-22 12:44:28.833,11.868,172.71,3.014272,180.00,3.141593,180.53,3.150797,177.89,3.104777,176.84,3.086369,172.44,3.009670
2026-07-22 12:44:28.868,11.901,172.71,3.014272,180.00,3.141593,180.53,3.150797,177.89,3.104777,176.84,3.086369,172.44,3.009670
2026-07-22 12:44:28.900,11.934,172.71,3.014272,180.00,3.141593,180.53,3.150797,177.89,3.104777,176.84,3.086369,172.44,3.009670
2026-07-22 12:44:28.935,11.968,172.71,3.014272,180.00,3.141593,180.53,3.150797,177.89,3.104777,176.84,3.086369,172.44,3.009670
2026-07-22 12:44:28.971,12.001,172.71,3.014272,180.00,3.141593,180.53,3.150797,177.89,3.104777,176.84,3.086369,172.44,3.009670
2026-07-22 12:44:29.002,12.034,172.71,3.014272,180.00,3.141593,180.53,3.150797,177.89,3.104777,176.84,3.086369,172.44,3.009670
2026-07-22 12:44:29.035,12.067,172.71,3.014272,180.00,3.141593,180.53,3.150797,177.89,3.104777,176.84,3.086369,172.44,3.009670
2026-07-22 12:44:29.067,12.101,172.71,3.014272,180.00,3.141593,180.53,3.150797,177.89,3.104777,176.84,3.086369,172.44,3.009670
2026-07-22 12:44:29.099,12.134,172.71,3.014272,180.00,3.141593,180.53,3.150797,177.89,3.104777,176.84,3.086369,172.44,3.009670
2026-07-22 12:44:29.133,12.168,172.71,3.014272,180.00,3.141593,180.53,3.150797,177.89,3.104777,176.84,3.086369,172.44,3.009670
2026-07-22 12:44:29.166,12.201,172.71,3.014272,180.00,3.141593,180.53,3.150797,177.89,3.104777,176.84,3.086369,172.44,3.009670
2026-07-22 12:44:29.200,12.234,172.71,3.014272,180.00,3.141593,180.53,3.150797,177.89,3.104777,176.84,3.086369,172.44,3.009670
2026-07-22 12:44:29.233,12.268,172.71,3.014272,180.00,3.141593,180.53,3.150797,177.89,3.104777,176.84,3.086369,172.44,3.009670
2026-07-22 12:44:29.267,12.301,172.71,3.014272,180.00,3.141593,180.53,3.150797,177.89,3.104777,176.84,3.086369,172.44,3.009670
2026-07-22 12:44:29.299,12.334,172.71,3.014272,180.00,3.141593,180.53,3.150797,177.89,3.104777,176.84,3.086369,172.44,3.009670
2026-07-22 12:44:29.333,12.368,172.71,3.014272,180.00,3.141593,180.53,3.150797,177.89,3.104777,176.84,3.086369,172.44,3.009670
2026-07-22 12:44:29.366,12.401,172.71,3.014272,180.00,3.141593,180.53,3.150797,177.89,3.104777,176.84,3.086369,172.44,3.009670
2026-07-22 12:44:29.401,12.435,172.71,3.014272,180.00,3.141593,180.53,3.150797,177.89,3.104777,176.84,3.086369,172.44,3.009670
2026-07-22 12:44:29.433,12.467,172.71,3.014272,180.00,3.141593,180.53,3.150797,177.89,3.104777,176.84,3.086369,172.44,3.009670
2026-07-22 12:44:29.467,12.501,172.71,3.014272,180.00,3.141593,180.53,3.150797,177.89,3.104777,176.84,3.086369,172.44,3.009670
2026-07-22 12:44:29.500,12.534,172.71,3.014272,180.00,3.141593,180.53,3.150797,177.89,3.104777,176.84,3.086369,172.44,3.009670
2026-07-22 12:44:29.532,12.567,172.71,3.014272,180.00,3.141593,180.53,3.150797,177.89,3.104777,176.84,3.086369,172.44,3.009670
2026-07-22 12:44:29.566,12.601,172.71,3.014272,180.00,3.141593,180.53,3.150797,177.89,3.104777,176.84,3.086369,172.44,3.009670
2026-07-22 12:44:29.600,12.634,172.71,3.014272,180.00,3.141593,180.53,3.150797,177.89,3.104777,176.84,3.086369,172.44,3.009670
2026-07-22 12:44:29.633,12.668,172.71,3.014272,180.00,3.141593,180.53,3.150797,177.89,3.104777,176.84,3.086369,172.44,3.009670
2026-07-22 12:44:29.666,12.700,172.71,3.014272,180.00,3.141593,180.53,3.150797,177.89,3.104777,176.84,3.086369,172.44,3.009670
2026-07-22 12:44:29.699,12.734,172.71,3.014272,180.00,3.141593,180.53,3.150797,177.89,3.104777,176.84,3.086369,172.44,3.009670
2026-07-22 12:44:29.735,12.768,172.71,3.014272,180.00,3.141593,180.53,3.150797,177.89,3.104777,176.84,3.086369,172.44,3.009670
2026-07-22 12:44:29.768,12.801,172.71,3.014272,180.00,3.141593,180.53,3.150797,177.89,3.104777,176.84,3.086369,172.44,3.009670
2026-07-22 12:44:29.799,12.834,172.71,3.014272,180.00,3.141593,180.53,3.150797,177.89,3.104777,176.84,3.086369,172.44,3.009670
2026-07-22 12:44:29.833,12.867,172.71,3.014272,180.00,3.141593,180.53,3.150797,177.89,3.104777,176.84,3.086369,172.44,3.009670
2026-07-22 12:44:29.867,12.902,172.71,3.014272,180.00,3.141593,180.53,3.150797,177.89,3.104777,176.84,3.086369,172.44,3.009670
2026-07-22 12:44:29.900,12.934,172.71,3.014272,180.00,3.141593,180.53,3.150797,177.89,3.104777,176.84,3.086369,172.44,3.009670
2026-07-22 12:44:29.933,12.968,172.71,3.014272,180.00,3.141593,180.53,3.150797,177.89,3.104777,176.84,3.086369,172.44,3.009670
2026-07-22 12:44:29.966,13.001,172.71,3.014272,180.00,3.141593,180.53,3.150797,177.89,3.104777,176.84,3.086369,172.44,3.009670
2026-07-22 12:44:30.000,13.034,172.71,3.014272,180.00,3.141593,180.53,3.150797,177.89,3.104777,176.84,3.086369,172.44,3.009670
2026-07-22 12:44:30.033,13.068,172.71,3.014272,180.00,3.141593,180.53,3.150797,177.89,3.104777,176.84,3.086369,172.44,3.009670
2026-07-22 12:44:30.068,13.102,172.71,3.014272,180.00,3.141593,180.53,3.150797,177.89,3.104777,176.84,3.086369,172.44,3.009670
2026-07-22 12:44:30.099,13.134,172.71,3.014272,180.00,3.141593,180.53,3.150797,177.89,3.104777,176.84,3.086369,172.44,3.009670
2026-07-22 12:44:30.132,13.167,172.71,3.014272,180.00,3.141593,180.53,3.150797,177.89,3.104777,176.84,3.086369,172.44,3.009670
2026-07-22 12:44:30.167,13.201,172.71,3.014272,180.00,3.141593,180.53,3.150797,177.89,3.104777,176.84,3.086369,172.44,3.009670
2026-07-22 12:44:30.199,13.235,172.71,3.014272,180.00,3.141593,180.53,3.150797,177.89,3.104777,176.84,3.086369,172.44,3.009670
2026-07-22 12:44:30.233,13.267,172.71,3.014272,180.00,3.141593,180.53,3.150797,177.89,3.104777,176.84,3.086369,172.44,3.009670
2026-07-22 12:44:30.266,13.301,172.71,3.014272,180.00,3.141593,180.53,3.150797,177.89,3.104777,176.84,3.086369,172.44,3.009670
2026-07-22 12:44:30.299,13.334,172.71,3.014272,180.00,3.141593,180.53,3.150797,177.89,3.104777,176.84,3.086369,172.44,3.009670
2026-07-22 12:44:30.333,13.367,172.71,3.014272,180.00,3.141593,180.53,3.150797,177.89,3.104777,176.84,3.086369,172.44,3.009670
2026-07-22 12:44:30.366,13.400,172.71,3.014272,180.00,3.141593,180.53,3.150797,177.89,3.104777,176.84,3.086369,172.44,3.009670
2026-07-22 12:44:30.400,13.434,172.71,3.014272,180.00,3.141593,180.53,3.150797,177.89,3.104777,176.84,3.086369,172.44,3.009670
2026-07-22 12:44:30.433,13.468,172.71,3.014272,180.00,3.141593,180.53,3.150797,177.89,3.104777,176.84,3.086369,172.44,3.009670
2026-07-22 12:44:30.466,13.501,172.71,3.014272,180.00,3.141593,180.53,3.150797,177.89,3.104777,176.84,3.086369,172.44,3.009670
2026-07-22 12:44:30.501,13.534,172.71,3.014272,180.00,3.141593,180.53,3.150797,177.89,3.104777,176.84,3.086369,172.44,3.009670
2026-07-22 12:44:30.535,13.567,172.71,3.014272,180.00,3.141593,180.53,3.150797,177.89,3.104777,176.84,3.086369,172.44,3.009670
2026-07-22 12:44:30.569,13.600,172.71,3.014272,180.00,3.141593,180.53,3.150797,177.89,3.104777,176.84,3.086369,172.44,3.009670
2026-07-22 12:44:30.601,13.634,172.71,3.014272,180.00,3.141593,180.53,3.150797,177.89,3.104777,176.84,3.086369,172.44,3.009670
2026-07-22 12:44:30.633,13.668,172.71,3.014272,180.00,3.141593,180.53,3.150797,177.89,3.104777,176.84,3.086369,172.44,3.009670
2026-07-22 12:44:30.665,13.700,172.71,3.014272,180.00,3.141593,180.53,3.150797,177.89,3.104777,176.84,3.086369,172.44,3.009670
2026-07-22 12:44:30.699,13.734,172.71,3.014272,180.00,3.141593,180.53,3.150797,177.89,3.104777,176.84,3.086369,172.44,3.009670
2026-07-22 12:44:30.732,13.767,172.71,3.014272,180.00,3.141593,180.53,3.150797,177.89,3.104777,176.84,3.086369,172.44,3.009670
2026-07-22 12:44:30.766,13.801,172.71,3.014272,180.00,3.141593,180.53,3.150797,177.89,3.104777,176.84,3.086369,172.44,3.009670
2026-07-22 12:44:30.799,13.834,172.71,3.014272,180.00,3.141593,180.53,3.150797,177.89,3.104777,176.84,3.086369,172.44,3.009670
2026-07-22 12:44:30.832,13.868,172.71,3.014272,180.00,3.141593,180.53,3.150797,177.89,3.104777,176.84,3.086369,172.44,3.009670
2026-07-22 12:44:30.866,13.901,172.71,3.014272,180.00,3.141593,180.53,3.150797,177.89,3.104777,176.84,3.086369,172.44,3.009670
2026-07-22 12:44:30.899,13.934,172.71,3.014272,180.00,3.141593,180.53,3.150797,177.89,3.104777,176.84,3.086369,172.44,3.009670
2026-07-22 12:44:30.933,13.968,172.71,3.014272,180.00,3.141593,180.53,3.150797,177.89,3.104777,176.84,3.086369,172.44,3.009670
2026-07-22 12:44:30.967,14.001,172.71,3.014272,180.00,3.141593,180.53,3.150797,177.89,3.104777,176.84,3.086369,172.44,3.009670
2026-07-22 12:44:30.999,14.034,172.71,3.014272,180.00,3.141593,180.53,3.150797,177.89,3.104777,176.84,3.086369,172.44,3.009670
2026-07-22 12:44:31.032,14.067,172.71,3.014272,180.00,3.141593,180.53,3.150797,177.89,3.104777,176.84,3.086369,172.44,3.009670
2026-07-22 12:44:31.065,14.101,172.71,3.014272,180.00,3.141593,180.53,3.150797,177.89,3.104777,176.84,3.086369,172.44,3.009670
2026-07-22 12:44:31.100,14.134,172.71,3.014272,180.00,3.141593,180.53,3.150797,177.89,3.104777,176.84,3.086369,172.44,3.009670
2026-07-22 12:44:31.133,14.167,172.71,3.014272,180.00,3.141593,180.53,3.150797,177.89,3.104777,176.84,3.086369,172.44,3.009670
2026-07-22 12:44:31.166,14.201,172.71,3.014272,180.00,3.141593,180.53,3.150797,177.89,3.104777,176.84,3.086369,172.44,3.009670
2026-07-22 12:44:31.199,14.234,172.71,3.014272,180.00,3.141593,180.53,3.150797,177.89,3.104777,176.84,3.086369,172.44,3.009670
2026-07-22 12:44:31.232,14.267,172.71,3.014272,180.00,3.141593,180.53,3.150797,177.89,3.104777,176.84,3.086369,172.44,3.009670
2026-07-22 12:44:31.265,14.300,172.71,3.014272,180.00,3.141593,180.53,3.150797,177.89,3.104777,176.84,3.086369,172.44,3.009670
2026-07-22 12:44:31.299,14.334,172.71,3.014272,180.00,3.141593,180.53,3.150797,177.89,3.104777,176.84,3.086369,172.44,3.009670
2026-07-22 12:44:31.333,14.367,172.71,3.014272,180.00,3.141593,180.53,3.150797,177.89,3.104777,176.84,3.086369,172.44,3.009670
2026-07-22 12:44:31.367,14.400,172.71,3.014272,180.00,3.141593,180.53,3.150797,177.89,3.104777,176.84,3.086369,172.44,3.009670
2026-07-22 12:44:31.402,14.434,172.71,3.014272,180.00,3.141593,180.53,3.150797,177.89,3.104777,176.84,3.086369,172.44,3.009670
2026-07-22 12:44:31.436,14.467,172.71,3.014272,180.00,3.141593,180.53,3.150797,177.89,3.104777,176.84,3.086369,172.44,3.009670
2026-07-22 12:44:31.467,14.501,172.71,3.014272,180.00,3.141593,180.53,3.150797,177.89,3.104777,176.84,3.086369,172.44,3.009670
2026-07-22 12:44:31.499,14.534,172.71,3.014272,180.00,3.141593,180.53,3.150797,177.89,3.104777,176.84,3.086369,172.44,3.009670
2026-07-22 12:44:31.533,14.567,172.71,3.014272,180.00,3.141593,180.53,3.150797,177.89,3.104777,176.84,3.086369,172.44,3.009670
2026-07-22 12:44:31.566,14.601,172.71,3.014272,180.00,3.141593,180.53,3.150797,177.89,3.104777,176.84,3.086369,172.44,3.009670
2026-07-22 12:44:31.600,14.634,172.71,3.014272,180.00,3.141593,180.53,3.150797,177.89,3.104777,176.84,3.086369,172.44,3.009670
2026-07-22 12:44:31.633,14.667,172.71,3.014272,180.00,3.141593,180.53,3.150797,177.89,3.104777,176.84,3.086369,172.44,3.009670
2026-07-22 12:44:31.666,14.701,172.71,3.014272,180.00,3.141593,180.53,3.150797,177.89,3.104777,176.84,3.086369,172.44,3.009670
2026-07-22 12:44:31.699,14.734,172.71,3.014272,180.00,3.141593,180.53,3.150797,177.89,3.104777,176.84,3.086369,172.44,3.009670
2026-07-22 12:44:31.733,14.768,172.71,3.014272,180.00,3.141593,180.53,3.150797,177.89,3.104777,176.84,3.086369,172.44,3.009670
2026-07-22 12:44:31.766,14.801,172.71,3.014272,180.00,3.141593,180.53,3.150797,177.89,3.104777,176.84,3.086369,172.44,3.009670
2026-07-22 12:44:31.800,14.834,172.71,3.014272,180.00,3.141593,180.53,3.150797,177.89,3.104777,176.84,3.086369,172.44,3.009670
2026-07-22 12:44:31.833,14.868,172.71,3.014272,180.00,3.141593,180.53,3.150797,177.89,3.104777,176.84,3.086369,172.44,3.009670
2026-07-22 12:44:31.866,14.901,172.71,3.014272,180.00,3.141593,180.53,3.150797,177.89,3.104777,176.84,3.086369,172.44,3.009670
2026-07-22 12:44:31.899,14.934,172.71,3.014272,180.00,3.141593,180.53,3.150797,177.89,3.104777,176.84,3.086369,172.44,3.009670
2026-07-22 12:44:31.933,14.968,172.71,3.014272,180.00,3.141593,180.53,3.150797,177.89,3.104777,176.84,3.086369,172.44,3.009670
2026-07-22 12:44:31.966,15.001,172.71,3.014272,180.00,3.141593,180.53,3.150797,177.89,3.104777,176.84,3.086369,172.44,3.009670
2026-07-22 12:44:31.999,15.034,172.71,3.014272,180.00,3.141593,180.53,3.150797,177.89,3.104777,176.84,3.086369,172.44,3.009670
2026-07-22 12:44:32.033,15.067,172.71,3.014272,180.00,3.141593,180.53,3.150797,177.89,3.104777,176.84,3.086369,172.44,3.009670
2026-07-22 12:44:32.065,15.100,172.71,3.014272,180.00,3.141593,180.53,3.150797,177.89,3.104777,176.84,3.086369,172.44,3.009670
2026-07-22 12:44:32.101,15.134,172.71,3.014272,180.00,3.141593,180.53,3.150797,177.89,3.104777,176.84,3.086369,172.44,3.009670
2026-07-22 12:44:32.134,15.167,172.71,3.014272,180.00,3.141593,180.53,3.150797,177.89,3.104777,176.84,3.086369,172.44,3.009670
2026-07-22 12:44:32.169,15.200,172.71,3.014272,180.00,3.141593,180.53,3.150797,177.89,3.104777,176.84,3.086369,172.44,3.009670
2026-07-22 12:44:32.201,15.234,172.71,3.014272,180.00,3.141593,180.53,3.150797,177.89,3.104777,176.84,3.086369,172.44,3.009670
2026-07-22 12:44:32.232,15.267,172.71,3.014272,180.00,3.141593,180.53,3.150797,177.89,3.104777,176.84,3.086369,172.44,3.009670
2026-07-22 12:44:32.266,15.301,172.71,3.014272,180.00,3.141593,180.53,3.150797,177.89,3.104777,176.84,3.086369,172.44,3.009670
2026-07-22 12:44:32.299,15.334,172.71,3.014272,180.00,3.141593,180.53,3.150797,177.89,3.104777,176.84,3.086369,172.44,3.009670
2026-07-22 12:44:32.333,15.367,172.71,3.014272,180.00,3.141593,180.53,3.150797,177.89,3.104777,176.84,3.086369,172.44,3.009670
2026-07-22 12:44:32.366,15.401,172.71,3.014272,180.00,3.141593,180.53,3.150797,177.89,3.104777,176.84,3.086369,172.44,3.009670
2026-07-22 12:44:32.399,15.434,172.71,3.014272,180.00,3.141593,180.53,3.150797,177.89,3.104777,176.84,3.086369,172.44,3.009670
2026-07-22 12:44:32.433,15.468,172.71,3.014272,180.00,3.141593,180.53,3.150797,177.89,3.104777,176.84,3.086369,172.44,3.009670
2026-07-22 12:44:32.466,15.501,172.71,3.014272,180.00,3.141593,180.53,3.150797,177.89,3.104777,176.84,3.086369,172.44,3.009670
2026-07-22 12:44:32.499,15.534,172.71,3.014272,180.00,3.141593,180.53,3.150797,177.89,3.104777,176.84,3.086369,172.44,3.009670
2026-07-22 12:44:32.533,15.568,172.71,3.014272,180.00,3.141593,180.53,3.150797,177.89,3.104777,176.84,3.086369,172.44,3.009670
2026-07-22 12:44:32.566,15.600,172.71,3.014272,180.00,3.141593,180.53,3.150797,177.89,3.104777,176.84,3.086369,172.44,3.009670
2026-07-22 12:44:32.600,15.634,172.71,3.014272,180.00,3.141593,180.53,3.150797,177.89,3.104777,176.84,3.086369,172.44,3.009670
2026-07-22 12:44:32.632,15.667,172.71,3.014272,180.00,3.141593,180.53,3.150797,177.89,3.104777,176.84,3.086369,172.44,3.009670
2026-07-22 12:44:32.665,15.700,172.71,3.014272,180.00,3.141593,180.53,3.150797,177.89,3.104777,176.84,3.086369,172.44,3.009670
2026-07-22 12:44:32.699,15.734,172.71,3.014272,180.00,3.141593,180.53,3.150797,177.89,3.104777,176.84,3.086369,172.44,3.009670
2026-07-22 12:44:32.733,15.768,172.71,3.014272,180.00,3.141593,180.53,3.150797,177.89,3.104777,176.84,3.086369,172.44,3.009670
2026-07-22 12:44:32.766,15.801,172.71,3.014272,180.00,3.141593,180.53,3.150797,177.89,3.104777,176.84,3.086369,172.44,3.009670
2026-07-22 12:44:32.799,15.834,172.71,3.014272,180.00,3.141593,180.53,3.150797,177.89,3.104777,176.84,3.086369,172.44,3.009670
2026-07-22 12:44:32.832,15.867,172.71,3.014272,180.00,3.141593,180.53,3.150797,177.89,3.104777,176.84,3.086369,172.44,3.009670
2026-07-22 12:44:32.866,15.901,172.71,3.014272,180.00,3.141593,180.53,3.150797,177.89,3.104777,176.84,3.086369,172.44,3.009670
2026-07-22 12:44:32.899,15.934,172.71,3.014272,180.00,3.141593,180.53,3.150797,177.89,3.104777,176.84,3.086369,172.44,3.009670
2026-07-22 12:44:32.933,15.967,172.71,3.014272,180.00,3.141593,180.53,3.150797,177.89,3.104777,176.84,3.086369,172.44,3.009670
2026-07-22 12:44:32.968,16.001,172.71,3.014272,180.00,3.141593,180.53,3.150797,177.89,3.104777,176.84,3.086369,172.44,3.009670
2026-07-22 12:44:33.003,16.034,172.71,3.014272,180.00,3.141593,180.53,3.150797,177.89,3.104777,176.84,3.086369,172.44,3.009670
2026-07-22 12:44:33.034,16.067,172.71,3.014272,180.00,3.141593,180.53,3.150797,177.89,3.104777,176.84,3.086369,172.44,3.009670
2026-07-22 12:44:33.068,16.101,172.71,3.014272,180.00,3.141593,180.53,3.150797,177.89,3.104777,176.84,3.086369,172.44,3.009670
2026-07-22 12:44:33.100,16.134,172.71,3.014272,180.00,3.141593,180.53,3.150797,177.89,3.104777,176.84,3.086369,172.44,3.009670
2026-07-22 12:44:33.133,16.167,172.71,3.014272,180.00,3.141593,180.53,3.150797,177.89,3.104777,176.84,3.086369,172.44,3.009670
2026-07-22 12:44:33.166,16.201,172.71,3.014272,180.00,3.141593,180.53,3.150797,177.89,3.104777,176.84,3.086369,172.44,3.009670
2026-07-22 12:44:33.199,16.234,172.71,3.014272,180.00,3.141593,180.53,3.150797,177.89,3.104777,176.84,3.086369,172.44,3.009670
2026-07-22 12:44:33.233,16.267,172.71,3.014272,180.00,3.141593,180.53,3.150797,177.89,3.104777,176.84,3.086369,172.44,3.009670
2026-07-22 12:44:33.266,16.301,172.71,3.014272,180.00,3.141593,180.53,3.150797,177.89,3.104777,176.84,3.086369,172.44,3.009670
2026-07-22 12:44:33.299,16.334,172.71,3.014272,180.00,3.141593,180.53,3.150797,177.89,3.104777,176.84,3.086369,172.44,3.009670
2026-07-22 12:44:33.334,16.367,172.71,3.014272,180.00,3.141593,180.53,3.150797,177.89,3.104777,176.84,3.086369,172.44,3.009670
2026-07-22 12:44:33.367,16.401,172.71,3.014272,180.00,3.141593,180.53,3.150797,177.89,3.104777,176.84,3.086369,172.44,3.009670
2026-07-22 12:44:33.399,16.434,172.71,3.014272,180.00,3.141593,180.53,3.150797,177.89,3.104777,176.84,3.086369,172.44,3.009670
2026-07-22 12:44:33.432,16.467,172.71,3.014272,180.00,3.141593,180.53,3.150797,177.89,3.104777,176.84,3.086369,172.44,3.009670
2026-07-22 12:44:33.466,16.501,172.71,3.014272,180.00,3.141593,180.53,3.150797,177.89,3.104777,176.84,3.086369,172.44,3.009670
2026-07-22 12:44:33.500,16.534,172.71,3.014272,180.00,3.141593,180.53,3.150797,177.89,3.104777,176.84,3.086369,172.44,3.009670
2026-07-22 12:44:33.533,16.568,172.71,3.014272,180.00,3.141593,180.53,3.150797,177.89,3.104777,176.84,3.086369,172.44,3.009670
2026-07-22 12:44:33.566,16.601,172.71,3.014272,180.00,3.141593,180.53,3.150797,177.89,3.104777,176.84,3.086369,172.44,3.009670
2026-07-22 12:44:33.599,16.634,172.71,3.014272,180.00,3.141593,180.53,3.150797,177.89,3.104777,176.84,3.086369,172.44,3.009670
2026-07-22 12:44:33.633,16.667,172.71,3.014272,180.00,3.141593,180.53,3.150797,177.89,3.104777,176.84,3.086369,172.44,3.009670
2026-07-22 12:44:33.666,16.701,172.71,3.014272,180.00,3.141593,180.53,3.150797,177.89,3.104777,176.84,3.086369,172.44,3.009670
2026-07-22 12:44:33.700,16.734,172.71,3.014272,180.00,3.141593,180.53,3.150797,177.89,3.104777,176.84,3.086369,172.44,3.009670
2026-07-22 12:44:33.735,16.767,172.71,3.014272,180.00,3.141593,180.53,3.150797,177.89,3.104777,176.84,3.086369,172.44,3.009670
2026-07-22 12:44:33.770,16.801,172.71,3.014272,180.00,3.141593,180.53,3.150797,177.89,3.104777,176.84,3.086369,172.44,3.009670
2026-07-22 12:44:33.803,16.834,172.71,3.014272,180.00,3.141593,180.53,3.150797,177.89,3.104777,176.84,3.086369,172.44,3.009670
2026-07-22 12:44:33.832,16.867,172.71,3.014272,180.00,3.141593,180.53,3.150797,177.89,3.104777,176.84,3.086369,172.44,3.009670
2026-07-22 12:44:33.866,16.901,172.71,3.014272,180.00,3.141593,180.53,3.150797,177.89,3.104777,176.84,3.086369,172.44,3.009670
2026-07-22 12:44:33.899,16.934,172.71,3.014272,180.00,3.141593,180.53,3.150797,177.89,3.104777,176.84,3.086369,172.44,3.009670
2026-07-22 12:44:33.933,16.968,172.71,3.014272,180.00,3.141593,180.53,3.150797,177.89,3.104777,176.84,3.086369,172.44,3.009670
2026-07-22 12:44:33.967,17.001,172.71,3.014272,180.00,3.141593,180.53,3.150797,177.89,3.104777,176.84,3.086369,172.44,3.009670
2026-07-22 12:44:34.000,17.034,172.71,3.014272,180.00,3.141593,180.53,3.150797,177.89,3.104777,176.84,3.086369,172.44,3.009670
2026-07-22 12:44:34.033,17.067,172.71,3.014272,180.00,3.141593,180.53,3.150797,177.89,3.104777,176.84,3.086369,172.44,3.009670
2026-07-22 12:44:34.068,17.101,172.71,3.014272,180.00,3.141593,180.53,3.150797,177.89,3.104777,176.84,3.086369,172.44,3.009670
2026-07-22 12:44:34.099,17.134,172.71,3.014272,180.00,3.141593,180.53,3.150797,177.89,3.104777,176.84,3.086369,172.44,3.009670
2026-07-22 12:44:34.133,17.167,172.71,3.014272,180.00,3.141593,180.53,3.150797,177.89,3.104777,176.84,3.086369,172.44,3.009670
2026-07-22 12:44:34.170,17.201,172.71,3.014272,180.00,3.141593,180.53,3.150797,177.89,3.104777,176.84,3.086369,172.44,3.009670
2026-07-22 12:44:34.200,17.234,172.71,3.014272,180.00,3.141593,180.53,3.150797,177.89,3.104777,176.84,3.086369,172.44,3.009670
2026-07-22 12:44:34.233,17.268,172.71,3.014272,180.00,3.141593,180.53,3.150797,177.89,3.104777,176.84,3.086369,172.44,3.009670
2026-07-22 12:44:34.267,17.301,172.71,3.014272,180.00,3.141593,180.53,3.150797,177.89,3.104777,176.84,3.086369,172.44,3.009670
2026-07-22 12:44:34.299,17.334,172.71,3.014272,180.00,3.141593,180.53,3.150797,177.89,3.104777,176.84,3.086369,172.44,3.009670
2026-07-22 12:44:34.334,17.367,172.71,3.014272,180.00,3.141593,180.53,3.150797,177.89,3.104777,176.84,3.086369,172.44,3.009670
2026-07-22 12:44:34.367,17.401,172.71,3.014272,180.00,3.141593,180.53,3.150797,177.89,3.104777,176.84,3.086369,172.44,3.009670
2026-07-22 12:44:34.400,17.434,172.71,3.014272,180.00,3.141593,180.53,3.150797,177.89,3.104777,176.84,3.086369,172.44,3.009670
2026-07-22 12:44:34.433,17.467,172.71,3.014272,180.00,3.141593,180.53,3.150797,177.89,3.104777,176.84,3.086369,172.44,3.009670
2026-07-22 12:44:34.467,17.501,172.71,3.014272,180.00,3.141593,180.53,3.150797,177.89,3.104777,176.84,3.086369,172.44,3.009670
2026-07-22 12:44:34.500,17.534,172.71,3.014272,180.00,3.141593,180.53,3.150797,177.89,3.104777,176.84,3.086369,172.44,3.009670
2026-07-22 12:44:34.538,17.567,172.71,3.014272,180.00,3.141593,180.53,3.150797,177.89,3.104777,176.84,3.086369,172.44,3.009670
2026-07-22 12:44:34.568,17.601,172.71,3.014272,180.00,3.141593,180.53,3.150797,177.89,3.104777,176.84,3.086369,172.44,3.009670
2026-07-22 12:44:34.602,17.634,172.71,3.014272,180.00,3.141593,180.53,3.150797,177.89,3.104777,176.84,3.086369,172.44,3.009670
2026-07-22 12:44:34.635,17.668,172.71,3.014272,180.00,3.141593,180.53,3.150797,177.89,3.104777,176.84,3.086369,172.44,3.009670
2026-07-22 12:44:34.669,17.701,172.71,3.014272,180.00,3.141593,180.53,3.150797,177.89,3.104777,176.84,3.086369,172.44,3.009670
2026-07-22 12:44:34.702,17.735,172.71,3.014272,180.00,3.141593,180.53,3.150797,177.89,3.104777,176.84,3.086369,172.44,3.009670
2026-07-22 12:44:34.733,17.768,172.71,3.014272,180.00,3.141593,180.53,3.150797,177.89,3.104777,176.84,3.086369,172.44,3.009670
2026-07-22 12:44:34.767,17.801,172.71,3.014272,180.00,3.141593,180.53,3.150797,177.89,3.104777,176.84,3.086369,172.44,3.009670
2026-07-22 12:44:34.800,17.834,172.71,3.014272,180.00,3.141593,180.53,3.150797,177.89,3.104777,176.84,3.086369,172.44,3.009670
2026-07-22 12:44:34.833,17.868,172.71,3.014272,180.00,3.141593,180.53,3.150797,177.89,3.104777,176.84,3.086369,172.44,3.009670
2026-07-22 12:44:34.868,17.902,172.71,3.014272,180.00,3.141593,180.53,3.150797,177.89,3.104777,176.84,3.086369,172.44,3.009670
2026-07-22 12:44:34.901,17.934,172.71,3.014272,180.00,3.141593,180.53,3.150797,177.89,3.104777,176.84,3.086369,172.44,3.009670
2026-07-22 12:44:34.934,17.967,172.71,3.014272,180.00,3.141593,180.53,3.150797,177.89,3.104777,176.84,3.086369,172.44,3.009670
2026-07-22 12:44:34.968,18.001,172.71,3.014272,180.00,3.141593,180.53,3.150797,177.89,3.104777,176.84,3.086369,172.44,3.009670
2026-07-22 12:44:34.999,18.034,172.71,3.014272,180.00,3.141593,180.53,3.150797,177.89,3.104777,176.84,3.086369,172.44,3.009670
2026-07-22 12:44:35.034,18.068,172.71,3.014272,180.00,3.141593,180.53,3.150797,177.89,3.104777,176.84,3.086369,172.44,3.009670
2026-07-22 12:44:35.066,18.101,172.71,3.014272,180.00,3.141593,180.53,3.150797,177.89,3.104777,176.84,3.086369,172.44,3.009670
2026-07-22 12:44:35.100,18.134,172.71,3.014272,180.00,3.141593,180.53,3.150797,177.89,3.104777,176.84,3.086369,172.44,3.009670
2026-07-22 12:44:35.133,18.167,172.71,3.014272,180.00,3.141593,180.53,3.150797,177.89,3.104777,176.84,3.086369,172.44,3.009670
2026-07-22 12:44:35.166,18.201,172.71,3.014272,180.00,3.141593,180.53,3.150797,177.89,3.104777,176.84,3.086369,172.44,3.009670
2026-07-22 12:44:35.200,18.234,172.71,3.014272,180.00,3.141593,180.53,3.150797,177.89,3.104777,176.84,3.086369,172.44,3.009670
2026-07-22 12:44:35.233,18.268,172.71,3.014272,180.00,3.141593,180.53,3.150797,177.89,3.104777,176.84,3.086369,172.44,3.009670
2026-07-22 12:44:35.267,18.301,172.71,3.014272,180.00,3.141593,180.53,3.150797,177.89,3.104777,176.84,3.086369,172.44,3.009670
2026-07-22 12:44:35.300,18.334,172.71,3.014272,180.00,3.141593,180.53,3.150797,177.89,3.104777,176.84,3.086369,172.44,3.009670
2026-07-22 12:44:35.335,18.367,172.71,3.014272,180.00,3.141593,180.53,3.150797,177.89,3.104777,176.84,3.086369,172.44,3.009670
2026-07-22 12:44:35.368,18.401,172.71,3.014272,180.00,3.141593,180.53,3.150797,177.89,3.104777,176.84,3.086369,172.44,3.009670
2026-07-22 12:44:35.400,18.434,172.71,3.014272,180.00,3.141593,180.53,3.150797,177.89,3.104777,176.84,3.086369,172.44,3.009670
2026-07-22 12:44:35.435,18.469,172.71,3.014272,180.00,3.141593,180.53,3.150797,177.89,3.104777,176.84,3.086369,172.44,3.009670
2026-07-22 12:44:35.470,18.502,172.71,3.014272,180.00,3.141593,180.53,3.150797,177.89,3.104777,176.84,3.086369,172.44,3.009670
2026-07-22 12:44:35.500,18.534,172.71,3.014272,180.00,3.141593,180.53,3.150797,177.89,3.104777,176.84,3.086369,172.44,3.009670
2026-07-22 12:44:35.534,18.569,172.71,3.014272,180.00,3.141593,180.53,3.150797,177.89,3.104777,176.84,3.086369,172.44,3.009670
2026-07-22 12:44:35.566,18.601,172.71,3.014272,180.00,3.141593,180.53,3.150797,177.89,3.104777,176.84,3.086369,172.44,3.009670
2026-07-22 12:44:35.599,18.634,172.71,3.014272,180.00,3.141593,180.53,3.150797,177.89,3.104777,176.84,3.086369,172.44,3.009670
2026-07-22 12:44:35.632,18.668,172.71,3.014272,180.00,3.141593,180.53,3.150797,177.89,3.104777,176.84,3.086369,172.44,3.009670
2026-07-22 12:44:35.668,18.701,172.71,3.014272,180.00,3.141593,180.53,3.150797,177.89,3.104777,176.84,3.086369,172.44,3.009670
2026-07-22 12:44:35.701,18.735,172.71,3.014272,180.00,3.141593,180.53,3.150797,177.89,3.104777,176.84,3.086369,172.44,3.009670
2026-07-22 12:44:35.734,18.767,172.71,3.014272,180.00,3.141593,180.53,3.150797,177.89,3.104777,176.84,3.086369,172.44,3.009670
2026-07-22 12:44:35.771,18.802,172.71,3.014272,180.00,3.141593,180.53,3.150797,177.89,3.104777,176.84,3.086369,172.44,3.009670
2026-07-22 12:44:35.799,18.834,172.71,3.014272,180.00,3.141593,180.53,3.150797,177.89,3.104777,176.84,3.086369,172.44,3.009670
2026-07-22 12:44:35.832,18.867,172.71,3.014272,180.00,3.141593,180.53,3.150797,177.89,3.104777,176.84,3.086369,172.44,3.009670
2026-07-22 12:44:35.865,18.901,172.71,3.014272,180.00,3.141593,180.53,3.150797,177.89,3.104777,176.84,3.086369,172.44,3.009670
2026-07-22 12:44:35.899,18.934,172.71,3.014272,180.00,3.141593,180.53,3.150797,177.89,3.104777,176.84,3.086369,172.44,3.009670
2026-07-22 12:44:35.933,18.968,172.71,3.014272,180.00,3.141593,180.53,3.150797,177.89,3.104777,176.84,3.086369,172.44,3.009670
2026-07-22 12:44:35.966,19.001,172.71,3.014272,180.00,3.141593,180.53,3.150797,177.89,3.104777,176.84,3.086369,172.44,3.009670
2026-07-22 12:44:35.999,19.034,172.71,3.014272,180.00,3.141593,180.53,3.150797,177.89,3.104777,176.84,3.086369,172.44,3.009670
2026-07-22 12:44:36.033,19.068,172.71,3.014272,180.00,3.141593,180.53,3.150797,177.89,3.104777,176.84,3.086369,172.44,3.009670
2026-07-22 12:44:36.066,19.101,172.71,3.014272,180.00,3.141593,180.53,3.150797,177.89,3.104777,176.84,3.086369,172.44,3.009670
2026-07-22 12:44:36.100,19.134,172.71,3.014272,180.00,3.141593,180.53,3.150797,177.89,3.104777,176.84,3.086369,172.44,3.009670
2026-07-22 12:44:36.134,19.168,172.71,3.014272,180.00,3.141593,180.53,3.150797,177.89,3.104777,176.84,3.086369,172.44,3.009670
2026-07-22 12:44:36.167,19.201,172.71,3.014272,180.00,3.141593,180.53,3.150797,177.89,3.104777,176.84,3.086369,172.44,3.009670
2026-07-22 12:44:36.201,19.234,172.71,3.014272,180.00,3.141593,180.53,3.150797,177.89,3.104777,176.84,3.086369,172.44,3.009670
2026-07-22 12:44:36.233,19.268,172.71,3.014272,180.00,3.141593,180.53,3.150797,177.89,3.104777,176.84,3.086369,172.44,3.009670
2026-07-22 12:44:36.265,19.301,172.71,3.014272,180.00,3.141593,180.53,3.150797,177.89,3.104777,176.84,3.086369,172.44,3.009670
2026-07-22 12:44:36.299,19.334,172.71,3.014272,180.00,3.141593,180.53,3.150797,177.89,3.104777,176.84,3.086369,172.44,3.009670
2026-07-22 12:44:36.333,19.367,172.71,3.014272,180.00,3.141593,180.53,3.150797,177.89,3.104777,176.84,3.086369,172.44,3.009670
2026-07-22 12:44:36.366,19.401,172.71,3.014272,180.00,3.141593,180.53,3.150797,177.89,3.104777,176.84,3.086369,172.44,3.009670
2026-07-22 12:44:36.399,19.434,172.71,3.014272,180.00,3.141593,180.53,3.150797,177.89,3.104777,176.84,3.086369,172.44,3.009670
2026-07-22 12:44:36.432,19.468,172.71,3.014272,180.00,3.141593,180.53,3.150797,177.89,3.104777,176.84,3.086369,172.44,3.009670
2026-07-22 12:44:36.466,19.500,172.71,3.014272,180.00,3.141593,180.53,3.150797,177.89,3.104777,176.84,3.086369,172.44,3.009670
2026-07-22 12:44:36.500,19.535,172.71,3.014272,180.00,3.141593,180.53,3.150797,177.89,3.104777,176.84,3.086369,172.44,3.009670
2026-07-22 12:44:36.533,19.567,172.71,3.014272,180.00,3.141593,180.53,3.150797,177.89,3.104777,176.84,3.086369,172.44,3.009670
2026-07-22 12:44:36.565,19.601,172.71,3.014272,180.00,3.141593,180.53,3.150797,177.89,3.104777,176.84,3.086369,172.44,3.009670
2026-07-22 12:44:36.599,19.634,172.71,3.014272,180.00,3.141593,180.53,3.150797,177.89,3.104777,176.84,3.086369,172.44,3.009670
2026-07-22 12:44:36.633,19.668,172.71,3.014272,180.00,3.141593,180.53,3.150797,177.89,3.104777,176.84,3.086369,172.44,3.009670
2026-07-22 12:44:36.666,19.701,172.71,3.014272,180.00,3.141593,180.53,3.150797,177.89,3.104777,176.84,3.086369,172.44,3.009670
2026-07-22 12:44:36.700,19.734,172.71,3.014272,180.00,3.141593,180.53,3.150797,177.89,3.104777,176.84,3.086369,172.44,3.009670
2026-07-22 12:44:36.735,19.767,172.71,3.014272,180.00,3.141593,180.53,3.150797,177.89,3.104777,176.84,3.086369,172.44,3.009670
2026-07-22 12:44:36.766,19.801,172.71,3.014272,180.00,3.141593,180.53,3.150797,177.89,3.104777,176.84,3.086369,172.44,3.009670
2026-07-22 12:44:36.799,19.834,172.71,3.014272,180.00,3.141593,180.53,3.150797,177.89,3.104777,176.84,3.086369,172.44,3.009670
2026-07-22 12:44:36.833,19.868,172.71,3.014272,180.00,3.141593,180.53,3.150797,177.89,3.104777,176.84,3.086369,172.44,3.009670
2026-07-22 12:44:36.866,19.901,172.71,3.014272,180.00,3.141593,180.53,3.150797,177.89,3.104777,176.84,3.086369,172.44,3.009670
2026-07-22 12:44:36.901,19.934,172.71,3.014272,180.00,3.141593,180.53,3.150797,177.89,3.104777,176.84,3.086369,172.44,3.009670
2026-07-22 12:44:36.935,19.967,172.71,3.014272,180.00,3.141593,180.53,3.150797,177.89,3.104777,176.84,3.086369,172.44,3.009670
2026-07-22 12:44:36.968,20.001,172.71,3.014272,180.00,3.141593,180.53,3.150797,177.89,3.104777,176.84,3.086369,172.44,3.009670
2026-07-22 12:44:37.001,20.034,172.71,3.014272,180.00,3.141593,180.53,3.150797,177.89,3.104777,176.84,3.086369,172.44,3.009670
2026-07-22 12:44:37.036,20.068,172.71,3.014272,180.00,3.141593,180.53,3.150797,177.89,3.104777,176.84,3.086369,172.44,3.009670
2026-07-22 12:44:37.069,20.102,172.71,3.014272,180.00,3.141593,180.53,3.150797,177.89,3.104777,176.84,3.086369,172.44,3.009670
2026-07-22 12:44:37.100,20.134,172.71,3.014272,180.00,3.141593,180.53,3.150797,177.89,3.104777,176.84,3.086369,172.44,3.009670
2026-07-22 12:44:37.133,20.167,172.71,3.014272,180.00,3.141593,180.53,3.150797,177.89,3.104777,176.84,3.086369,172.44,3.009670
2026-07-22 12:44:37.166,20.201,172.71,3.014272,180.00,3.141593,180.53,3.150797,177.89,3.104777,176.84,3.086369,172.44,3.009670
2026-07-22 12:44:37.200,20.234,172.71,3.014272,180.00,3.141593,180.53,3.150797,177.89,3.104777,176.84,3.086369,172.44,3.009670
2026-07-22 12:44:37.232,20.267,172.71,3.014272,180.00,3.141593,180.53,3.150797,177.89,3.104777,176.84,3.086369,172.44,3.009670
2026-07-22 12:44:37.266,20.301,172.71,3.014272,180.00,3.141593,180.53,3.150797,177.89,3.104777,176.84,3.086369,172.44,3.009670
2026-07-22 12:44:37.300,20.334,172.71,3.014272,180.00,3.141593,180.53,3.150797,177.89,3.104777,176.84,3.086369,172.44,3.009670
2026-07-22 12:44:37.333,20.367,172.71,3.014272,180.00,3.141593,180.53,3.150797,177.89,3.104777,176.84,3.086369,172.44,3.009670
2026-07-22 12:44:37.368,20.401,172.71,3.014272,180.00,3.141593,180.53,3.150797,177.89,3.104777,176.84,3.086369,172.44,3.009670
2026-07-22 12:44:37.403,20.434,172.71,3.014272,180.00,3.141593,180.53,3.150797,177.89,3.104777,176.84,3.086369,172.44,3.009670
2026-07-22 12:44:37.435,20.468,172.71,3.014272,180.00,3.141593,180.53,3.150797,177.89,3.104777,176.84,3.086369,172.44,3.009670
2026-07-22 12:44:37.467,20.501,172.71,3.014272,180.00,3.141593,180.53,3.150797,177.89,3.104777,176.84,3.086369,172.44,3.009670
2026-07-22 12:44:37.499,20.534,172.71,3.014272,180.00,3.141593,180.53,3.150797,177.89,3.104777,176.84,3.086369,172.44,3.009670
2026-07-22 12:44:37.533,20.567,172.71,3.014272,180.00,3.141593,180.53,3.150797,177.89,3.104777,176.84,3.086369,172.44,3.009670
2026-07-22 12:44:37.567,20.601,172.71,3.014272,180.00,3.141593,180.53,3.150797,177.89,3.104777,176.84,3.086369,172.44,3.009670
2026-07-22 12:44:37.600,20.634,172.71,3.014272,180.00,3.141593,180.53,3.150797,177.89,3.104777,176.84,3.086369,172.44,3.009670
2026-07-22 12:44:37.632,20.667,172.71,3.014272,180.00,3.141593,180.53,3.150797,177.89,3.104777,176.84,3.086369,172.44,3.009670
2026-07-22 12:44:37.668,20.701,172.71,3.014272,180.00,3.141593,180.53,3.150797,177.89,3.104777,176.84,3.086369,172.44,3.009670
2026-07-22 12:44:37.699,20.734,172.71,3.014272,180.00,3.141593,180.53,3.150797,177.89,3.104777,176.84,3.086369,172.44,3.009670
2026-07-22 12:44:37.736,20.768,172.71,3.014272,180.00,3.141593,180.53,3.150797,177.89,3.104777,176.84,3.086369,172.44,3.009670
2026-07-22 12:44:37.767,20.801,172.71,3.014272,180.00,3.141593,180.53,3.150797,177.89,3.104777,176.84,3.086369,172.44,3.009670
2026-07-22 12:44:37.801,20.834,172.71,3.014272,180.00,3.141593,180.53,3.150797,177.89,3.104777,176.84,3.086369,172.44,3.009670
2026-07-22 12:44:37.836,20.868,172.71,3.014272,180.00,3.141593,180.53,3.150797,177.89,3.104777,176.84,3.086369,172.44,3.009670
2026-07-22 12:44:37.870,20.901,172.71,3.014272,180.00,3.141593,180.53,3.150797,177.89,3.104777,176.84,3.086369,172.44,3.009670
2026-07-22 12:44:37.900,20.934,172.71,3.014272,180.00,3.141593,180.53,3.150797,177.89,3.104777,176.84,3.086369,172.44,3.009670
2026-07-22 12:44:37.935,20.967,172.71,3.014272,180.00,3.141593,180.53,3.150797,177.89,3.104777,176.84,3.086369,172.44,3.009670
2026-07-22 12:44:37.967,21.001,172.71,3.014272,180.00,3.141593,180.53,3.150797,177.89,3.104777,176.84,3.086369,172.44,3.009670
2026-07-22 12:44:38.000,21.034,172.71,3.014272,180.00,3.141593,180.53,3.150797,177.89,3.104777,176.84,3.086369,172.44,3.009670
2026-07-22 12:44:38.034,21.067,172.71,3.014272,180.00,3.141593,180.53,3.150797,177.89,3.104777,176.84,3.086369,172.44,3.009670
2026-07-22 12:44:38.066,21.101,172.71,3.014272,180.00,3.141593,180.53,3.150797,177.89,3.104777,176.84,3.086369,172.44,3.009670
2026-07-22 12:44:38.100,21.135,172.71,3.014272,180.00,3.141593,180.53,3.150797,177.89,3.104777,176.84,3.086369,172.44,3.009670
2026-07-22 12:44:38.133,21.168,172.71,3.014272,180.00,3.141593,180.53,3.150797,177.89,3.104777,176.84,3.086369,172.44,3.009670
2026-07-22 12:44:38.166,21.201,172.71,3.014272,180.00,3.141593,180.53,3.150797,177.89,3.104777,176.84,3.086369,172.44,3.009670
2026-07-22 12:44:38.200,21.234,172.71,3.014272,180.00,3.141593,180.53,3.150797,177.89,3.104777,176.84,3.086369,172.44,3.009670
2026-07-22 12:44:38.234,21.268,172.71,3.014272,180.00,3.141593,180.53,3.150797,177.89,3.104777,176.84,3.086369,172.44,3.009670
2026-07-22 12:44:38.268,21.301,172.71,3.014272,180.00,3.141593,180.53,3.150797,177.89,3.104777,176.84,3.086369,172.44,3.009670
2026-07-22 12:44:38.300,21.334,172.71,3.014272,180.00,3.141593,180.53,3.150797,177.89,3.104777,176.84,3.086369,172.44,3.009670
2026-07-22 12:44:38.334,21.368,172.71,3.014272,180.00,3.141593,180.53,3.150797,177.89,3.104777,176.84,3.086369,172.44,3.009670
2026-07-22 12:44:38.366,21.400,172.71,3.014272,180.00,3.141593,180.53,3.150797,177.89,3.104777,176.84,3.086369,172.44,3.009670
2026-07-22 12:44:38.400,21.434,172.71,3.014272,180.00,3.141593,180.53,3.150797,177.89,3.104777,176.84,3.086369,172.44,3.009670
2026-07-22 12:44:38.433,21.468,172.71,3.014272,180.00,3.141593,180.53,3.150797,177.89,3.104777,176.84,3.086369,172.44,3.009670
2026-07-22 12:44:38.466,21.501,172.71,3.014272,180.00,3.141593,180.53,3.150797,177.89,3.104777,176.84,3.086369,172.44,3.009670
2026-07-22 12:44:38.502,21.534,172.71,3.014272,180.00,3.141593,180.53,3.150797,177.89,3.104777,176.84,3.086369,172.44,3.009670
2026-07-22 12:44:38.532,21.567,172.71,3.014272,180.00,3.141593,180.53,3.150797,177.89,3.104777,176.84,3.086369,172.44,3.009670
2026-07-22 12:44:38.566,21.601,172.71,3.014272,180.00,3.141593,180.53,3.150797,177.89,3.104777,176.84,3.086369,172.44,3.009670
2026-07-22 12:44:38.600,21.634,172.71,3.014272,180.00,3.141593,180.53,3.150797,177.89,3.104777,176.84,3.086369,172.44,3.009670
2026-07-22 12:44:38.635,21.668,172.71,3.014272,180.00,3.141593,180.53,3.150797,177.89,3.104777,176.84,3.086369,172.44,3.009670
2026-07-22 12:44:38.667,21.701,172.71,3.014272,180.00,3.141593,180.53,3.150797,177.89,3.104777,176.84,3.086369,172.44,3.009670
2026-07-22 12:44:38.704,21.736,172.71,3.014272,180.00,3.141593,180.53,3.150797,177.89,3.104777,176.84,3.086369,172.44,3.009670
2026-07-22 12:44:38.733,21.769,172.71,3.014272,180.00,3.141593,180.53,3.150797,177.89,3.104777,176.84,3.086369,172.44,3.009670
2026-07-22 12:44:38.766,21.801,172.71,3.014272,180.00,3.141593,180.53,3.150797,177.89,3.104777,176.84,3.086369,172.44,3.009670
2026-07-22 12:44:38.800,21.834,172.71,3.014272,180.00,3.141593,180.53,3.150797,177.89,3.104777,176.84,3.086369,172.44,3.009670
2026-07-22 12:44:38.833,21.868,172.71,3.014272,180.00,3.141593,180.53,3.150797,177.89,3.104777,176.84,3.086369,172.44,3.009670
2026-07-22 12:44:38.866,21.901,172.71,3.014272,180.00,3.141593,180.53,3.150797,177.89,3.104777,176.84,3.086369,172.44,3.009670
2026-07-22 12:44:38.900,21.934,172.71,3.014272,180.00,3.141593,180.53,3.150797,177.89,3.104777,176.84,3.086369,172.44,3.009670
2026-07-22 12:44:38.933,21.968,172.71,3.014272,180.00,3.141593,180.53,3.150797,177.89,3.104777,176.84,3.086369,172.44,3.009670
2026-07-22 12:44:38.966,22.001,172.71,3.014272,180.00,3.141593,180.53,3.150797,177.89,3.104777,176.84,3.086369,172.44,3.009670
2026-07-22 12:44:39.000,22.034,172.71,3.014272,180.00,3.141593,180.53,3.150797,177.89,3.104777,176.84,3.086369,172.44,3.009670
2026-07-22 12:44:39.034,22.067,172.71,3.014272,180.00,3.141593,180.53,3.150797,177.89,3.104777,176.84,3.086369,172.44,3.009670
2026-07-22 12:44:39.066,22.101,172.71,3.014272,180.00,3.141593,180.53,3.150797,177.89,3.104777,176.84,3.086369,172.44,3.009670
2026-07-22 12:44:39.100,22.134,172.71,3.014272,180.00,3.141593,180.53,3.150797,177.89,3.104777,176.84,3.086369,172.44,3.009670
2026-07-22 12:44:39.133,22.167,172.71,3.014272,180.00,3.141593,180.53,3.150797,177.89,3.104777,176.84,3.086369,172.44,3.009670
2026-07-22 12:44:39.167,22.201,172.71,3.014272,180.00,3.141593,180.53,3.150797,177.89,3.104777,176.84,3.086369,172.44,3.009670
2026-07-22 12:44:39.200,22.234,172.71,3.014272,180.00,3.141593,180.53,3.150797,177.89,3.104777,176.84,3.086369,172.44,3.009670
2026-07-22 12:44:39.234,22.268,172.71,3.014272,180.00,3.141593,180.53,3.150797,177.89,3.104777,176.84,3.086369,172.44,3.009670
2026-07-22 12:44:39.266,22.301,172.71,3.014272,180.00,3.141593,180.53,3.150797,177.89,3.104777,176.84,3.086369,172.44,3.009670
2026-07-22 12:44:39.300,22.334,172.71,3.014272,180.00,3.141593,180.53,3.150797,177.89,3.104777,176.84,3.086369,172.44,3.009670
2026-07-22 12:44:39.336,22.367,172.71,3.014272,180.00,3.141593,180.53,3.150797,177.89,3.104777,176.84,3.086369,172.44,3.009670
2026-07-22 12:44:39.369,22.402,172.71,3.014272,180.00,3.141593,180.53,3.150797,177.89,3.104777,176.84,3.086369,172.44,3.009670
2026-07-22 12:44:39.402,22.434,172.71,3.014272,180.00,3.141593,180.53,3.150797,177.89,3.104777,176.84,3.086369,172.44,3.009670
2026-07-22 12:44:39.435,22.468,172.71,3.014272,180.00,3.141593,180.53,3.150797,177.89,3.104777,176.84,3.086369,172.44,3.009670
2026-07-22 12:44:39.472,22.501,172.71,3.014272,180.00,3.141593,180.53,3.150797,177.89,3.104777,176.84,3.086369,172.44,3.009670
2026-07-22 12:44:39.501,22.534,172.71,3.014272,180.00,3.141593,180.53,3.150797,177.89,3.104777,176.84,3.086369,172.44,3.009670
2026-07-22 12:44:39.536,22.568,172.71,3.014272,180.00,3.141593,180.53,3.150797,177.89,3.104777,176.84,3.086369,172.44,3.009670
2026-07-22 12:44:39.566,22.600,172.71,3.014272,180.00,3.141593,180.53,3.150797,177.89,3.104777,176.84,3.086369,172.44,3.009670
2026-07-22 12:44:39.600,22.634,172.71,3.014272,180.00,3.141593,180.53,3.150797,177.89,3.104777,176.84,3.086369,172.44,3.009670
2026-07-22 12:44:39.634,22.667,172.71,3.014272,180.00,3.141593,180.53,3.150797,177.89,3.104777,176.84,3.086369,172.44,3.009670
2026-07-22 12:44:39.671,22.701,172.71,3.014272,180.00,3.141593,180.53,3.150797,177.89,3.104777,176.84,3.086369,172.44,3.009670
2026-07-22 12:44:39.701,22.734,172.71,3.014272,180.00,3.141593,180.53,3.150797,177.89,3.104777,176.84,3.086369,172.44,3.009670
2026-07-22 12:44:39.733,22.768,172.71,3.014272,180.00,3.141593,180.53,3.150797,177.89,3.104777,176.84,3.086369,172.44,3.009670
2026-07-22 12:44:39.767,22.801,172.71,3.014272,180.00,3.141593,180.53,3.150797,177.89,3.104777,176.84,3.086369,172.44,3.009670
2026-07-22 12:44:39.802,22.835,172.71,3.014272,180.00,3.141593,180.53,3.150797,177.89,3.104777,176.84,3.086369,172.44,3.009670
2026-07-22 12:44:39.832,22.867,172.71,3.014272,180.00,3.141593,180.53,3.150797,177.89,3.104777,176.84,3.086369,172.44,3.009670
2026-07-22 12:44:39.865,22.901,172.71,3.014272,180.00,3.141593,180.53,3.150797,177.89,3.104777,176.84,3.086369,172.44,3.009670
2026-07-22 12:44:39.899,22.934,172.71,3.014272,180.00,3.141593,180.53,3.150797,177.89,3.104777,176.84,3.086369,172.44,3.009670
2026-07-22 12:44:39.933,22.968,172.71,3.014272,180.00,3.141593,180.53,3.150797,177.89,3.104777,176.84,3.086369,172.44,3.009670
2026-07-22 12:44:39.966,23.001,172.71,3.014272,180.00,3.141593,180.53,3.150797,177.89,3.104777,176.84,3.086369,172.44,3.009670
2026-07-22 12:44:40.000,23.034,172.71,3.014272,180.00,3.141593,180.53,3.150797,177.89,3.104777,176.84,3.086369,172.44,3.009670
2026-07-22 12:44:40.033,23.068,172.71,3.014272,180.00,3.141593,180.53,3.150797,177.89,3.104777,176.84,3.086369,172.44,3.009670
2026-07-22 12:44:40.066,23.101,172.71,3.014272,180.00,3.141593,180.53,3.150797,177.89,3.104777,176.84,3.086369,172.44,3.009670
2026-07-22 12:44:40.099,23.134,172.71,3.014272,180.00,3.141593,180.53,3.150797,177.89,3.104777,176.84,3.086369,172.44,3.009670
2026-07-22 12:44:40.136,23.167,172.71,3.014272,180.00,3.141593,180.53,3.150797,177.89,3.104777,176.84,3.086369,172.44,3.009670
2026-07-22 12:44:40.167,23.201,172.71,3.014272,180.00,3.141593,180.53,3.150797,177.89,3.104777,176.84,3.086369,172.44,3.009670
2026-07-22 12:44:40.202,23.234,172.79,3.015806,180.00,3.141593,180.53,3.150797,177.89,3.104777,176.84,3.086369,172.44,3.009670
2026-07-22 12:44:40.236,23.268,172.79,3.015806,180.00,3.141593,180.53,3.150797,177.89,3.104777,176.84,3.086369,172.44,3.009670
2026-07-22 12:44:40.268,23.301,172.79,3.015806,180.00,3.141593,180.53,3.150797,177.89,3.104777,176.84,3.086369,172.44,3.009670
2026-07-22 12:44:40.300,23.334,172.79,3.015806,180.00,3.141593,180.53,3.150797,177.89,3.104777,176.84,3.086369,172.44,3.009670
2026-07-22 12:44:40.333,23.367,172.79,3.015806,180.00,3.141593,180.53,3.150797,177.89,3.104777,176.84,3.086369,172.44,3.009670
2026-07-22 12:44:40.367,23.401,172.79,3.015806,180.09,3.143127,180.53,3.150797,177.89,3.104777,176.84,3.086369,172.44,3.009670
2026-07-22 12:44:40.400,23.435,172.79,3.015806,180.09,3.143127,180.53,3.150797,177.89,3.104777,176.84,3.086369,172.44,3.009670
2026-07-22 12:44:40.434,23.468,172.79,3.015806,180.09,3.143127,180.53,3.150797,177.89,3.104777,176.84,3.086369,172.44,3.009670
2026-07-22 12:44:40.467,23.501,172.79,3.015806,180.09,3.143127,180.53,3.150797,177.89,3.104777,176.84,3.086369,172.44,3.009670
2026-07-22 12:44:40.499,23.534,172.71,3.014272,180.00,3.141593,180.53,3.150797,177.89,3.104777,176.84,3.086369,172.44,3.009670
2026-07-22 12:44:40.535,23.568,172.62,3.012738,180.00,3.141593,180.53,3.150797,177.89,3.104777,176.84,3.086369,172.44,3.009670
2026-07-22 12:44:40.567,23.601,172.79,3.015806,180.00,3.141593,180.53,3.150797,177.89,3.104777,176.84,3.086369,172.44,3.009670
2026-07-22 12:44:40.600,23.634,172.79,3.015806,180.00,3.141593,180.18,3.144661,177.89,3.104777,176.84,3.086369,172.44,3.009670
2026-07-22 12:44:40.633,23.668,172.79,3.015806,180.00,3.141593,179.74,3.136991,177.89,3.104777,176.84,3.086369,172.44,3.009670
2026-07-22 12:44:40.666,23.701,172.79,3.015806,180.00,3.141593,178.68,3.118583,177.89,3.104777,176.84,3.086369,172.44,3.009670
2026-07-22 12:44:40.700,23.735,172.79,3.015806,180.26,3.146195,177.01,3.089437,177.89,3.104777,176.84,3.086369,172.44,3.009670
2026-07-22 12:44:40.733,23.767,172.79,3.015806,180.53,3.150797,174.90,3.052622,177.89,3.104777,176.84,3.086369,172.44,3.009670
2026-07-22 12:44:40.766,23.801,172.88,3.017340,180.70,3.153864,172.35,3.008136,177.89,3.104777,176.84,3.086369,172.44,3.009670
2026-07-22 12:44:40.799,23.834,172.88,3.017340,180.88,3.156932,169.54,2.959049,177.89,3.104777,176.84,3.086369,172.44,3.009670
2026-07-22 12:44:40.833,23.867,172.88,3.017340,181.41,3.166136,167.08,2.916097,177.89,3.104777,176.84,3.086369,172.44,3.009670
2026-07-22 12:44:40.866,23.901,172.88,3.017340,182.37,3.183010,164.88,2.877748,177.89,3.104777,176.84,3.086369,172.44,3.009670
2026-07-22 12:44:40.899,23.934,172.88,3.017340,183.60,3.204486,162.60,2.837864,177.89,3.104777,176.84,3.086369,172.44,3.009670
2026-07-22 12:44:40.934,23.967,172.88,3.017340,185.19,3.232098,160.49,2.801049,177.89,3.104777,176.84,3.086369,172.44,3.009670
2026-07-22 12:44:40.968,24.001,172.88,3.017340,186.94,3.262777,158.47,2.765767,177.89,3.104777,176.84,3.086369,172.44,3.009670
2026-07-22 12:44:41.001,24.034,172.88,3.017340,189.05,3.299593,156.18,2.725884,177.89,3.104777,176.84,3.086369,172.44,3.009670
2026-07-22 12:44:41.034,24.067,172.88,3.017340,191.16,3.336408,154.16,2.690602,177.89,3.104777,176.84,3.086369,172.44,3.009670
2026-07-22 12:44:41.068,24.101,172.88,3.017340,193.36,3.374758,151.70,2.647651,177.89,3.104777,176.84,3.086369,172.44,3.009670
2026-07-22 12:44:41.100,24.134,172.88,3.017340,195.73,3.416175,149.24,2.604699,177.89,3.104777,176.84,3.086369,172.44,3.009670
2026-07-22 12:44:41.132,24.168,172.97,3.018874,198.11,3.457593,146.51,2.557146,177.89,3.104777,176.84,3.086369,172.44,3.009670
2026-07-22 12:44:41.166,24.201,172.97,3.018874,200.65,3.502078,143.53,2.504991,177.89,3.104777,176.84,3.086369,172.44,3.009670
2026-07-22 12:44:41.200,24.234,172.97,3.018874,203.29,3.548098,140.27,2.448233,177.89,3.104777,176.84,3.086369,172.44,3.009670
2026-07-22 12:44:41.234,24.267,172.97,3.018874,205.75,3.591049,136.85,2.388408,177.89,3.104777,176.84,3.086369,172.44,3.009670
2026-07-22 12:44:41.266,24.301,172.97,3.018874,208.39,3.637068,133.42,2.328583,177.89,3.104777,176.84,3.086369,172.44,3.009670
2026-07-22 12:44:41.299,24.334,172.97,3.018874,210.94,3.681554,130.08,2.270292,177.89,3.104777,176.84,3.086369,172.44,3.009670
2026-07-22 12:44:41.332,24.367,172.97,3.018874,213.31,3.722971,126.74,2.212000,177.89,3.104777,176.84,3.086369,172.44,3.009670
2026-07-22 12:44:41.366,24.401,172.97,3.018874,215.77,3.765923,123.66,2.158311,177.89,3.104777,176.84,3.086369,172.44,3.009670
2026-07-22 12:44:41.400,24.434,172.97,3.018874,217.97,3.804272,120.59,2.104622,177.89,3.104777,176.84,3.086369,172.44,3.009670
2026-07-22 12:44:41.433,24.468,172.97,3.018874,219.99,3.839554,118.04,2.060136,177.89,3.104777,176.84,3.086369,172.44,3.009670
2026-07-22 12:44:41.466,24.501,172.97,3.018874,221.57,3.867166,116.02,2.024855,177.89,3.104777,176.84,3.086369,172.44,3.009670
2026-07-22 12:44:41.499,24.534,172.97,3.018874,223.07,3.893243,114.43,1.997243,177.89,3.104777,176.84,3.086369,172.44,3.009670
2026-07-22 12:44:41.533,24.568,172.97,3.018874,224.47,3.917787,113.55,1.981903,177.89,3.104777,176.84,3.086369,172.44,3.009670
2026-07-22 12:44:41.566,24.600,172.97,3.018874,225.62,3.937729,113.55,1.981903,177.89,3.104777,176.84,3.086369,172.44,3.009670
2026-07-22 12:44:41.599,24.634,172.97,3.018874,226.32,3.950001,114.43,1.997243,177.89,3.104777,176.84,3.086369,172.44,3.009670
2026-07-22 12:44:41.633,24.667,172.97,3.018874,226.41,3.951535,115.75,2.020253,177.89,3.104777,176.84,3.086369,172.44,3.009670
2026-07-22 12:44:41.666,24.701,172.88,3.017340,226.41,3.951535,117.69,2.054000,177.89,3.104777,176.84,3.086369,172.44,3.009670
2026-07-22 12:44:41.700,24.734,172.88,3.017340,226.41,3.951535,119.79,2.090816,177.89,3.104777,176.84,3.086369,172.44,3.009670
2026-07-22 12:44:41.737,24.768,172.88,3.017340,226.41,3.951535,122.17,2.132233,177.89,3.104777,176.84,3.086369,172.44,3.009670
2026-07-22 12:44:41.767,24.801,172.88,3.017340,225.97,3.943865,124.45,2.172117,177.89,3.104777,176.84,3.086369,172.44,3.009670
2026-07-22 12:44:41.802,24.834,172.88,3.017340,225.00,3.926991,126.65,2.210466,177.89,3.104777,176.84,3.086369,172.44,3.009670
2026-07-22 12:44:41.833,24.868,172.88,3.017340,223.68,3.903981,128.50,2.242680,177.89,3.104777,176.84,3.086369,172.44,3.009670
2026-07-22 12:44:41.868,24.902,172.88,3.017340,222.01,3.874835,130.43,2.276427,177.89,3.104777,176.84,3.086369,172.44,3.009670
2026-07-22 12:44:41.900,24.934,172.88,3.017340,220.25,3.844156,132.19,2.307107,177.89,3.104777,176.84,3.086369,172.44,3.009670
2026-07-22 12:44:41.936,24.967,172.88,3.017340,218.14,3.807340,134.30,2.343923,177.89,3.104777,176.84,3.086369,172.44,3.009670
2026-07-22 12:44:41.967,25.001,172.88,3.017340,216.39,3.776661,136.23,2.377670,177.89,3.104777,176.84,3.086369,172.44,3.009670
2026-07-22 12:44:42.001,25.034,172.88,3.017340,214.54,3.744447,138.34,2.414486,177.89,3.104777,176.84,3.086369,172.44,3.009670
2026-07-22 12:44:42.034,25.068,172.88,3.017340,212.52,3.709166,140.27,2.448233,177.89,3.104777,176.84,3.086369,172.44,3.009670
2026-07-22 12:44:42.066,25.101,172.88,3.017340,210.76,3.678486,142.38,2.485049,177.89,3.104777,176.84,3.086369,172.44,3.009670
2026-07-22 12:44:42.100,25.134,172.88,3.017340,209.00,3.647806,144.49,2.521864,177.89,3.104777,176.84,3.086369,172.44,3.009670
2026-07-22 12:44:42.133,25.168,172.88,3.017340,207.33,3.618661,146.69,2.560214,177.89,3.104777,176.84,3.086369,172.44,3.009670
2026-07-22 12:44:42.166,25.201,172.88,3.017340,205.75,3.591049,148.89,2.598563,177.89,3.104777,176.84,3.086369,172.44,3.009670
2026-07-22 12:44:42.200,25.234,172.88,3.017340,204.17,3.563437,151.26,2.639981,177.89,3.104777,176.84,3.086369,172.44,3.009670
2026-07-22 12:44:42.233,25.267,172.88,3.017340,202.59,3.535826,153.54,2.679864,177.89,3.104777,176.84,3.086369,172.44,3.009670
2026-07-22 12:44:42.267,25.301,172.88,3.017340,200.92,3.506680,155.92,2.721282,177.89,3.104777,176.84,3.086369,172.44,3.009670
2026-07-22 12:44:42.300,25.335,172.97,3.018874,199.34,3.479068,158.03,2.758097,177.89,3.104777,176.84,3.086369,172.44,3.009670
2026-07-22 12:44:42.333,25.368,172.97,3.018874,197.67,3.449923,159.87,2.790311,177.89,3.104777,176.84,3.086369,172.44,3.009670
2026-07-22 12:44:42.367,25.401,172.97,3.018874,196.00,3.420777,161.54,2.819457,177.89,3.104777,176.84,3.086369,172.44,3.009670
2026-07-22 12:44:42.400,25.434,172.97,3.018874,194.33,3.391632,163.21,2.848602,177.89,3.104777,176.84,3.086369,172.44,3.009670
2026-07-22 12:44:42.433,25.468,172.97,3.018874,192.83,3.365554,164.71,2.874680,177.89,3.104777,176.84,3.086369,172.44,3.009670
2026-07-22 12:44:42.466,25.501,172.97,3.018874,191.25,3.337942,166.29,2.902292,177.89,3.104777,176.84,3.086369,172.44,3.009670
2026-07-22 12:44:42.500,25.534,172.97,3.018874,189.84,3.313399,167.78,2.928369,177.89,3.104777,176.84,3.086369,172.44,3.009670
2026-07-22 12:44:42.532,25.568,172.97,3.018874,188.44,3.288855,169.37,2.955981,177.89,3.104777,176.84,3.086369,172.44,3.009670
2026-07-22 12:44:42.568,25.601,172.97,3.018874,187.12,3.265845,170.95,2.983593,177.89,3.104777,176.84,3.086369,172.44,3.009670
2026-07-22 12:44:42.603,25.634,172.97,3.018874,185.89,3.244369,172.44,3.009670,177.89,3.104777,176.84,3.086369,172.44,3.009670
2026-07-22 12:44:42.636,25.668,172.97,3.018874,184.75,3.224428,173.94,3.035748,177.89,3.104777,176.84,3.086369,172.44,3.009670
2026-07-22 12:44:42.668,25.701,172.97,3.018874,183.69,3.206020,175.17,3.057224,177.89,3.104777,176.84,3.086369,172.44,3.009670
2026-07-22 12:44:42.701,25.734,172.97,3.018874,182.72,3.189146,176.31,3.077165,177.89,3.104777,176.84,3.086369,172.44,3.009670
2026-07-22 12:44:42.735,25.769,172.97,3.018874,181.76,3.172272,177.28,3.094039,177.89,3.104777,176.84,3.086369,172.44,3.009670
2026-07-22 12:44:42.768,25.801,172.97,3.018874,181.32,3.164602,177.89,3.104777,177.89,3.104777,176.84,3.086369,172.44,3.009670
2026-07-22 12:44:42.801,25.834,172.97,3.018874,180.88,3.156932,178.15,3.109379,177.89,3.104777,176.84,3.086369,172.44,3.009670
2026-07-22 12:44:42.834,25.868,173.41,3.026544,180.53,3.150797,178.24,3.110913,177.89,3.104777,176.84,3.086369,172.44,3.009670
2026-07-22 12:44:42.866,25.901,174.46,3.044952,180.26,3.146195,178.59,3.117049,177.89,3.104777,176.84,3.086369,172.44,3.009670
2026-07-22 12:44:42.900,25.934,175.96,3.071030,180.26,3.146195,179.03,3.124719,177.89,3.104777,176.84,3.086369,172.44,3.009670
2026-07-22 12:44:42.932,25.967,177.54,3.098641,180.26,3.146195,179.03,3.124719,177.89,3.104777,176.84,3.086369,172.44,3.009670
2026-07-22 12:44:42.967,26.001,179.30,3.129321,180.26,3.146195,179.03,3.124719,177.89,3.104777,176.84,3.086369,172.44,3.009670
2026-07-22 12:44:43.001,26.035,181.32,3.164602,180.26,3.146195,179.21,3.127787,177.89,3.104777,176.84,3.086369,172.44,3.009670
2026-07-22 12:44:43.032,26.067,183.25,3.198350,180.26,3.146195,179.65,3.135457,177.89,3.104777,176.84,3.086369,172.44,3.009670
2026-07-22 12:44:43.066,26.100,184.92,3.227496,180.26,3.146195,180.26,3.146195,177.89,3.104777,176.84,3.086369,172.44,3.009670
2026-07-22 12:44:43.099,26.134,186.06,3.247437,180.26,3.146195,180.53,3.150797,177.89,3.104777,176.84,3.086369,172.44,3.009670
2026-07-22 12:44:43.133,26.168,186.68,3.258175,180.26,3.146195,180.53,3.150797,177.89,3.104777,176.84,3.086369,172.44,3.009670
2026-07-22 12:44:43.166,26.201,186.68,3.258175,180.26,3.146195,180.53,3.150797,177.89,3.104777,176.84,3.086369,172.44,3.009670
2026-07-22 12:44:43.199,26.234,186.68,3.258175,180.26,3.146195,180.53,3.150797,177.89,3.104777,176.84,3.086369,172.44,3.009670
2026-07-22 12:44:43.233,26.267,186.68,3.258175,180.26,3.146195,180.53,3.150797,177.89,3.104777,176.84,3.086369,172.44,3.009670
2026-07-22 12:44:43.266,26.301,186.68,3.258175,180.26,3.146195,180.53,3.150797,177.89,3.104777,176.84,3.086369,172.44,3.009670
2026-07-22 12:44:43.299,26.334,186.68,3.258175,180.26,3.146195,180.53,3.150797,177.89,3.104777,176.84,3.086369,172.44,3.009670
2026-07-22 12:44:43.334,26.368,186.68,3.258175,180.26,3.146195,180.53,3.150797,177.89,3.104777,176.84,3.086369,172.44,3.009670
2026-07-22 12:44:43.368,26.401,186.68,3.258175,180.26,3.146195,180.53,3.150797,177.89,3.104777,176.84,3.086369,172.44,3.009670
2026-07-22 12:44:43.403,26.434,186.68,3.258175,180.26,3.146195,180.53,3.150797,177.89,3.104777,176.84,3.086369,172.44,3.009670
2026-07-22 12:44:43.435,26.468,186.68,3.258175,180.18,3.144661,180.53,3.150797,177.89,3.104777,176.84,3.086369,172.44,3.009670
2026-07-22 12:44:43.468,26.501,186.68,3.258175,180.18,3.144661,180.53,3.150797,177.89,3.104777,176.84,3.086369,172.44,3.009670
2026-07-22 12:44:43.500,26.534,186.68,3.258175,180.18,3.144661,180.53,3.150797,177.89,3.104777,176.84,3.086369,172.44,3.009670
2026-07-22 12:44:43.533,26.567,186.68,3.258175,180.18,3.144661,180.53,3.150797,177.89,3.104777,176.84,3.086369,172.44,3.009670
2026-07-22 12:44:43.567,26.601,186.68,3.258175,180.18,3.144661,180.53,3.150797,177.89,3.104777,176.84,3.086369,172.44,3.009670
2026-07-22 12:44:43.600,26.635,186.68,3.258175,180.18,3.144661,180.53,3.150797,177.89,3.104777,176.84,3.086369,172.44,3.009670
2026-07-22 12:44:43.634,26.668,186.68,3.258175,180.18,3.144661,180.53,3.150797,177.89,3.104777,176.84,3.086369,172.44,3.009670
2026-07-22 12:44:43.666,26.701,186.68,3.258175,180.18,3.144661,180.53,3.150797,177.89,3.104777,176.84,3.086369,172.44,3.009670
2026-07-22 12:44:43.699,26.734,186.68,3.258175,180.18,3.144661,180.53,3.150797,177.89,3.104777,176.84,3.086369,172.44,3.009670
2026-07-22 12:44:43.733,26.768,186.68,3.258175,180.18,3.144661,180.53,3.150797,177.89,3.104777,176.84,3.086369,172.44,3.009670
2026-07-22 12:44:43.768,26.801,186.68,3.258175,180.18,3.144661,180.53,3.150797,177.89,3.104777,176.84,3.086369,172.44,3.009670
2026-07-22 12:44:43.801,26.834,186.68,3.258175,180.18,3.144661,180.53,3.150797,177.89,3.104777,176.84,3.086369,172.44,3.009670
2026-07-22 12:44:43.832,26.867,186.68,3.258175,180.18,3.144661,180.53,3.150797,177.89,3.104777,176.84,3.086369,172.44,3.009670
2026-07-22 12:44:43.868,26.901,186.68,3.258175,180.18,3.144661,180.53,3.150797,177.89,3.104777,176.84,3.086369,172.44,3.009670
2026-07-22 12:44:43.901,26.934,186.68,3.258175,180.18,3.144661,180.53,3.150797,177.89,3.104777,176.84,3.086369,172.44,3.009670
2026-07-22 12:44:43.932,26.967,186.68,3.258175,180.18,3.144661,180.53,3.150797,177.89,3.104777,176.84,3.086369,172.44,3.009670
2026-07-22 12:44:43.967,27.001,186.68,3.258175,180.18,3.144661,180.53,3.150797,177.89,3.104777,176.84,3.086369,172.44,3.009670
2026-07-22 12:44:44.000,27.034,186.68,3.258175,180.18,3.144661,180.53,3.150797,177.89,3.104777,176.84,3.086369,172.44,3.009670
2026-07-22 12:44:44.032,27.067,186.68,3.258175,180.18,3.144661,180.53,3.150797,177.89,3.104777,176.84,3.086369,172.44,3.009670
2026-07-22 12:44:44.067,27.101,186.68,3.258175,180.18,3.144661,180.53,3.150797,177.89,3.104777,176.84,3.086369,172.44,3.009670
2026-07-22 12:44:44.100,27.134,186.68,3.258175,180.18,3.144661,180.53,3.150797,177.89,3.104777,176.84,3.086369,172.44,3.009670
2026-07-22 12:44:44.134,27.168,186.68,3.258175,180.18,3.144661,180.53,3.150797,177.89,3.104777,176.84,3.086369,172.44,3.009670
2026-07-22 12:44:44.169,27.201,186.68,3.258175,180.18,3.144661,180.53,3.150797,177.89,3.104777,176.84,3.086369,172.44,3.009670
2026-07-22 12:44:44.200,27.234,186.68,3.258175,180.18,3.144661,180.53,3.150797,177.89,3.104777,176.84,3.086369,172.44,3.009670
2026-07-22 12:44:44.236,27.269,186.68,3.258175,180.18,3.144661,180.53,3.150797,177.89,3.104777,176.84,3.086369,172.44,3.009670
2026-07-22 12:44:44.269,27.301,186.68,3.258175,180.18,3.144661,180.53,3.150797,177.89,3.104777,176.84,3.086369,172.44,3.009670
2026-07-22 12:44:44.300,27.334,186.68,3.258175,180.18,3.144661,180.53,3.150797,177.89,3.104777,176.84,3.086369,172.44,3.009670
2026-07-22 12:44:44.335,27.368,186.68,3.258175,180.18,3.144661,180.53,3.150797,177.89,3.104777,176.84,3.086369,172.44,3.009670
2026-07-22 12:44:44.370,27.401,186.68,3.258175,180.18,3.144661,180.53,3.150797,177.89,3.104777,176.84,3.086369,172.44,3.009670
2026-07-22 12:44:44.403,27.434,186.68,3.258175,180.18,3.144661,180.53,3.150797,177.89,3.104777,176.84,3.086369,172.44,3.009670
2026-07-22 12:44:44.435,27.467,186.68,3.258175,180.09,3.143127,180.53,3.150797,177.89,3.104777,176.84,3.086369,172.44,3.009670
2026-07-22 12:44:44.468,27.501,186.68,3.258175,180.09,3.143127,180.53,3.150797,177.89,3.104777,176.84,3.086369,172.44,3.009670
2026-07-22 12:44:44.500,27.534,186.68,3.258175,180.09,3.143127,180.53,3.150797,177.89,3.104777,176.84,3.086369,172.44,3.009670
2026-07-22 12:44:44.532,27.567,186.68,3.258175,180.09,3.143127,180.53,3.150797,177.89,3.104777,176.84,3.086369,172.44,3.009670
2026-07-22 12:44:44.566,27.601,186.68,3.258175,180.09,3.143127,180.53,3.150797,177.89,3.104777,176.84,3.086369,172.44,3.009670
2026-07-22 12:44:44.599,27.634,186.68,3.258175,180.09,3.143127,180.53,3.150797,177.89,3.104777,176.84,3.086369,172.44,3.009670
2026-07-22 12:44:44.633,27.668,186.68,3.258175,180.09,3.143127,180.53,3.150797,177.89,3.104777,176.84,3.086369,172.44,3.009670
2026-07-22 12:44:44.666,27.701,186.68,3.258175,180.09,3.143127,180.53,3.150797,177.89,3.104777,176.84,3.086369,172.44,3.009670
2026-07-22 12:44:44.699,27.734,186.68,3.258175,180.09,3.143127,180.53,3.150797,177.89,3.104777,176.84,3.086369,172.44,3.009670
2026-07-22 12:44:44.734,27.768,186.68,3.258175,180.09,3.143127,180.53,3.150797,177.89,3.104777,176.84,3.086369,172.44,3.009670
2026-07-22 12:44:44.766,27.801,186.68,3.258175,180.09,3.143127,180.53,3.150797,177.89,3.104777,176.84,3.086369,172.44,3.009670
2026-07-22 12:44:44.800,27.834,186.68,3.258175,180.18,3.144661,180.53,3.150797,177.89,3.104777,176.84,3.086369,172.44,3.009670
2026-07-22 12:44:44.833,27.867,186.68,3.258175,180.18,3.144661,180.53,3.150797,177.89,3.104777,176.84,3.086369,172.44,3.009670
2026-07-22 12:44:44.866,27.901,186.68,3.258175,180.18,3.144661,180.53,3.150797,177.89,3.104777,176.84,3.086369,172.44,3.009670
2026-07-22 12:44:44.899,27.934,186.68,3.258175,180.18,3.144661,180.53,3.150797,177.89,3.104777,176.84,3.086369,172.44,3.009670
2026-07-22 12:44:44.932,27.967,186.68,3.258175,180.18,3.144661,180.53,3.150797,177.89,3.104777,176.84,3.086369,172.44,3.009670
2026-07-22 12:44:44.965,28.001,186.68,3.258175,180.18,3.144661,180.53,3.150797,177.89,3.104777,176.84,3.086369,172.44,3.009670
2026-07-22 12:44:45.000,28.034,186.68,3.258175,180.18,3.144661,180.53,3.150797,177.89,3.104777,176.84,3.086369,172.44,3.009670
2026-07-22 12:44:45.033,28.067,186.68,3.258175,180.18,3.144661,180.53,3.150797,177.89,3.104777,176.84,3.086369,172.44,3.009670
2026-07-22 12:44:45.066,28.101,186.68,3.258175,180.18,3.144661,180.53,3.150797,177.89,3.104777,176.84,3.086369,172.44,3.009670
2026-07-22 12:44:45.099,28.134,186.68,3.258175,180.18,3.144661,180.53,3.150797,177.89,3.104777,176.84,3.086369,172.44,3.009670
2026-07-22 12:44:45.132,28.167,186.68,3.258175,180.18,3.144661,180.53,3.150797,177.89,3.104777,176.84,3.086369,172.44,3.009670
2026-07-22 12:44:45.167,28.201,186.77,3.259709,180.18,3.144661,180.53,3.150797,177.89,3.104777,176.84,3.086369,172.44,3.009670
2026-07-22 12:44:45.199,28.234,186.77,3.259709,180.18,3.144661,180.53,3.150797,177.89,3.104777,176.84,3.086369,172.44,3.009670
2026-07-22 12:44:45.234,28.268,186.86,3.261243,180.18,3.144661,180.53,3.150797,177.89,3.104777,176.84,3.086369,172.44,3.009670
2026-07-22 12:44:45.267,28.301,186.94,3.262777,180.18,3.144661,180.53,3.150797,177.89,3.104777,176.84,3.086369,172.44,3.009670
2026-07-22 12:44:45.301,28.334,186.94,3.262777,180.18,3.144661,180.53,3.150797,177.89,3.104777,176.84,3.086369,172.44,3.009670
2026-07-22 12:44:45.332,28.367,186.94,3.262777,180.18,3.144661,180.44,3.149263,177.89,3.104777,176.84,3.086369,172.44,3.009670
2026-07-22 12:44:45.367,28.401,186.94,3.262777,180.18,3.144661,180.35,3.147729,177.89,3.104777,176.84,3.086369,172.44,3.009670
2026-07-22 12:44:45.399,28.434,186.94,3.262777,180.18,3.144661,180.26,3.146195,177.89,3.104777,176.84,3.086369,172.44,3.009670
2026-07-22 12:44:45.433,28.468,186.94,3.262777,180.18,3.144661,179.65,3.135457,177.89,3.104777,176.84,3.086369,172.44,3.009670
2026-07-22 12:44:45.466,28.501,187.03,3.264311,180.26,3.146195,178.42,3.113981,177.89,3.104777,176.84,3.086369,172.44,3.009670
2026-07-22 12:44:45.499,28.534,187.03,3.264311,180.26,3.146195,176.57,3.081767,177.89,3.104777,176.84,3.086369,172.44,3.009670
2026-07-22 12:44:45.533,28.568,187.03,3.264311,180.35,3.147729,174.38,3.043418,177.89,3.104777,176.84,3.086369,172.44,3.009670
2026-07-22 12:44:45.567,28.601,187.03,3.264311,180.35,3.147729,172.00,3.002000,177.89,3.104777,176.84,3.086369,172.44,3.009670
2026-07-22 12:44:45.601,28.634,187.03,3.264311,180.35,3.147729,169.72,2.962117,177.89,3.104777,176.84,3.086369,172.44,3.009670
2026-07-22 12:44:45.633,28.667,187.03,3.264311,180.35,3.147729,168.22,2.936039,177.89,3.104777,176.84,3.086369,172.44,3.009670
2026-07-22 12:44:45.666,28.701,187.12,3.265845,180.44,3.149263,166.99,2.914563,177.89,3.104777,176.84,3.086369,172.44,3.009670
2026-07-22 12:44:45.699,28.734,187.12,3.265845,180.44,3.149263,166.20,2.900758,177.89,3.104777,176.84,3.086369,172.44,3.009670
2026-07-22 12:44:45.734,28.768,187.12,3.265845,180.62,3.152331,166.03,2.897690,177.89,3.104777,176.84,3.086369,172.44,3.009670
2026-07-22 12:44:45.768,28.800,187.21,3.267379,181.05,3.160000,166.03,2.897690,177.89,3.104777,176.84,3.086369,172.44,3.009670
2026-07-22 12:44:45.803,28.834,187.21,3.267379,181.93,3.175340,165.94,2.896156,177.89,3.104777,176.84,3.086369,172.44,3.009670
2026-07-22 12:44:45.836,28.868,187.21,3.267379,182.99,3.193748,165.50,2.888486,177.89,3.104777,176.84,3.086369,172.44,3.009670
2026-07-22 12:44:45.869,28.901,187.21,3.267379,184.13,3.213690,165.23,2.883884,177.89,3.104777,176.84,3.086369,172.44,3.009670
2026-07-22 12:44:45.899,28.934,187.21,3.267379,185.27,3.233632,165.23,2.883884,177.89,3.104777,176.84,3.086369,172.44,3.009670
2026-07-22 12:44:45.933,28.968,187.21,3.267379,186.33,3.252039,165.23,2.883884,177.89,3.104777,176.84,3.086369,172.44,3.009670
2026-07-22 12:44:45.966,29.001,187.21,3.267379,187.29,3.268913,165.23,2.883884,177.89,3.104777,176.84,3.086369,172.44,3.009670
2026-07-22 12:44:46.001,29.034,187.21,3.267379,187.91,3.279651,165.23,2.883884,177.89,3.104777,176.84,3.086369,172.44,3.009670
2026-07-22 12:44:46.034,29.068,187.21,3.267379,188.53,3.290389,165.15,2.882350,177.89,3.104777,176.84,3.086369,172.44,3.009670
2026-07-22 12:44:46.066,29.101,187.21,3.267379,188.96,3.298059,165.15,2.882350,177.89,3.104777,176.84,3.086369,172.44,3.009670
2026-07-22 12:44:46.099,29.134,187.21,3.267379,189.23,3.302661,165.15,2.882350,177.89,3.104777,176.84,3.086369,172.44,3.009670
2026-07-22 12:44:46.133,29.167,187.21,3.267379,189.32,3.304195,165.15,2.882350,177.89,3.104777,176.84,3.086369,172.44,3.009670
2026-07-22 12:44:46.167,29.201,187.21,3.267379,189.32,3.304195,165.15,2.882350,177.89,3.104777,176.84,3.086369,172.44,3.009670
2026-07-22 12:44:46.199,29.234,187.21,3.267379,189.32,3.304195,165.15,2.882350,177.89,3.104777,176.84,3.086369,172.44,3.009670
2026-07-22 12:44:46.233,29.267,187.21,3.267379,189.32,3.304195,165.23,2.883884,177.89,3.104777,176.84,3.086369,172.44,3.009670
2026-07-22 12:44:46.269,29.301,187.21,3.267379,189.32,3.304195,165.23,2.883884,177.89,3.104777,176.84,3.086369,172.44,3.009670
2026-07-22 12:44:46.299,29.334,187.21,3.267379,189.32,3.304195,165.23,2.883884,177.89,3.104777,176.84,3.086369,172.44,3.009670
2026-07-22 12:44:46.332,29.367,187.21,3.267379,189.32,3.304195,165.59,2.890020,177.89,3.104777,176.84,3.086369,172.44,3.009670
2026-07-22 12:44:46.366,29.401,187.21,3.267379,189.32,3.304195,166.03,2.897690,177.89,3.104777,176.84,3.086369,172.44,3.009670
2026-07-22 12:44:46.399,29.434,187.21,3.267379,189.32,3.304195,166.20,2.900758,177.89,3.104777,176.84,3.086369,172.44,3.009670
2026-07-22 12:44:46.433,29.468,187.21,3.267379,189.32,3.304195,166.20,2.900758,177.89,3.104777,176.84,3.086369,172.44,3.009670
2026-07-22 12:44:46.466,29.501,187.21,3.267379,189.32,3.304195,166.20,2.900758,177.89,3.104777,176.84,3.086369,172.44,3.009670
2026-07-22 12:44:46.499,29.534,187.21,3.267379,189.32,3.304195,166.20,2.900758,177.89,3.104777,176.84,3.086369,172.44,3.009670
2026-07-22 12:44:46.534,29.567,187.21,3.267379,189.32,3.304195,166.20,2.900758,177.89,3.104777,176.84,3.086369,172.44,3.009670
2026-07-22 12:44:46.567,29.600,187.21,3.267379,189.32,3.304195,166.20,2.900758,177.89,3.104777,176.84,3.086369,172.44,3.009670
2026-07-22 12:44:46.599,29.634,187.21,3.267379,189.32,3.304195,166.20,2.900758,177.89,3.104777,176.84,3.086369,172.44,3.009670
2026-07-22 12:44:46.634,29.668,187.21,3.267379,189.32,3.304195,166.20,2.900758,177.89,3.104777,176.84,3.086369,172.44,3.009670
2026-07-22 12:44:46.666,29.701,187.21,3.267379,189.32,3.304195,166.29,2.902292,177.89,3.104777,176.84,3.086369,172.44,3.009670
2026-07-22 12:44:46.699,29.734,187.21,3.267379,189.32,3.304195,166.99,2.914563,177.89,3.104777,176.84,3.086369,172.44,3.009670
2026-07-22 12:44:46.732,29.767,187.12,3.265845,189.32,3.304195,168.13,2.934505,177.89,3.104777,176.84,3.086369,172.44,3.009670
2026-07-22 12:44:46.766,29.801,187.12,3.265845,189.32,3.304195,169.98,2.966719,177.89,3.104777,176.84,3.086369,172.44,3.009670
2026-07-22 12:44:46.800,29.834,187.12,3.265845,189.32,3.304195,172.09,3.003534,177.89,3.104777,176.84,3.086369,172.44,3.009670
2026-07-22 12:44:46.833,29.868,187.12,3.265845,189.23,3.302661,173.67,3.031146,177.89,3.104777,176.84,3.086369,172.44,3.009670
2026-07-22 12:44:46.866,29.901,187.12,3.265845,189.23,3.302661,174.90,3.052622,177.89,3.104777,176.84,3.086369,172.44,3.009670
2026-07-22 12:44:46.900,29.934,187.12,3.265845,189.14,3.301127,175.43,3.061826,177.89,3.104777,176.84,3.086369,172.44,3.009670
2026-07-22 12:44:46.933,29.968,187.12,3.265845,188.88,3.296525,175.34,3.060292,177.89,3.104777,176.84,3.086369,172.44,3.009670
2026-07-22 12:44:46.966,30.001,187.12,3.265845,188.17,3.284253,175.34,3.060292,177.89,3.104777,176.84,3.086369,172.44,3.009670
2026-07-22 12:44:46.999,30.034,187.12,3.265845,187.29,3.268913,175.96,3.071030,177.89,3.104777,176.84,3.086369,172.44,3.009670
2026-07-22 12:44:47.033,30.068,187.12,3.265845,186.15,3.248971,176.31,3.077165,177.89,3.104777,176.84,3.086369,172.44,3.009670
2026-07-22 12:44:47.065,30.101,187.12,3.265845,185.10,3.230564,176.66,3.083301,177.89,3.104777,176.84,3.086369,172.44,3.009670
2026-07-22 12:44:47.099,30.134,187.12,3.265845,183.96,3.210622,177.54,3.098641,177.89,3.104777,176.84,3.086369,172.44,3.009670
2026-07-22 12:44:47.133,30.167,187.12,3.265845,182.90,3.192214,178.51,3.115515,177.89,3.104777,176.84,3.086369,172.44,3.009670
2026-07-22 12:44:47.166,30.201,187.12,3.265845,182.11,3.178408,179.03,3.124719,177.89,3.104777,176.84,3.086369,172.44,3.009670
2026-07-22 12:44:47.199,30.234,187.12,3.265845,181.49,3.167670,179.21,3.127787,177.89,3.104777,176.84,3.086369,172.44,3.009670
2026-07-22 12:44:47.232,30.267,187.12,3.265845,180.88,3.156932,179.30,3.129321,177.89,3.104777,176.84,3.086369,172.44,3.009670
2026-07-22 12:44:47.266,30.301,187.12,3.265845,180.44,3.149263,179.38,3.130855,177.89,3.104777,176.84,3.086369,172.44,3.009670
2026-07-22 12:44:47.299,30.334,187.12,3.265845,180.26,3.146195,179.47,3.132389,177.89,3.104777,176.84,3.086369,172.44,3.009670
2026-07-22 12:44:47.335,30.368,187.12,3.265845,180.26,3.146195,179.56,3.133923,177.89,3.104777,176.84,3.086369,172.44,3.009670
2026-07-22 12:44:47.366,30.401,187.12,3.265845,180.26,3.146195,179.74,3.136991,177.89,3.104777,176.84,3.086369,172.44,3.009670
2026-07-22 12:44:47.401,30.434,187.12,3.265845,180.26,3.146195,179.82,3.138525,177.89,3.104777,176.84,3.086369,172.44,3.009670
2026-07-22 12:44:47.432,30.467,187.12,3.265845,180.26,3.146195,179.91,3.140059,177.89,3.104777,176.84,3.086369,172.44,3.009670
2026-07-22 12:44:47.468,30.502,187.12,3.265845,180.26,3.146195,180.00,3.141593,177.89,3.104777,176.84,3.086369,172.44,3.009670
2026-07-22 12:44:47.500,30.534,187.12,3.265845,180.26,3.146195,180.00,3.141593,177.89,3.104777,176.84,3.086369,172.44,3.009670
2026-07-22 12:44:47.532,30.567,187.12,3.265845,180.26,3.146195,180.00,3.141593,177.89,3.104777,176.84,3.086369,172.44,3.009670
2026-07-22 12:44:47.568,30.602,187.12,3.265845,180.26,3.146195,180.09,3.143127,177.89,3.104777,176.84,3.086369,172.44,3.009670
2026-07-22 12:44:47.601,30.634,187.12,3.265845,180.26,3.146195,180.09,3.143127,177.89,3.104777,176.84,3.086369,172.44,3.009670
2026-07-22 12:44:47.634,30.667,187.12,3.265845,180.26,3.146195,180.26,3.146195,177.89,3.104777,176.84,3.086369,172.44,3.009670
2026-07-22 12:44:47.666,30.701,187.12,3.265845,180.26,3.146195,180.26,3.146195,177.89,3.104777,176.84,3.086369,172.44,3.009670
2026-07-22 12:44:47.699,30.734,187.12,3.265845,180.26,3.146195,180.26,3.146195,177.89,3.104777,176.84,3.086369,172.44,3.009670
2026-07-22 12:44:47.732,30.767,187.12,3.265845,180.26,3.146195,180.26,3.146195,177.89,3.104777,176.84,3.086369,172.44,3.009670
2026-07-22 12:44:47.766,30.801,187.12,3.265845,180.26,3.146195,180.26,3.146195,177.89,3.104777,176.84,3.086369,172.44,3.009670
2026-07-22 12:44:47.800,30.834,187.12,3.265845,180.26,3.146195,180.26,3.146195,177.89,3.104777,176.84,3.086369,172.44,3.009670
2026-07-22 12:44:47.833,30.868,187.12,3.265845,180.26,3.146195,180.26,3.146195,177.89,3.104777,176.84,3.086369,172.44,3.009670
2026-07-22 12:44:47.866,30.901,187.12,3.265845,180.26,3.146195,180.26,3.146195,177.89,3.104777,176.84,3.086369,172.44,3.009670
2026-07-22 12:44:47.899,30.934,187.12,3.265845,180.26,3.146195,180.26,3.146195,177.89,3.104777,176.84,3.086369,172.44,3.009670
2026-07-22 12:44:47.933,30.968,187.12,3.265845,180.26,3.146195,180.26,3.146195,177.89,3.104777,176.84,3.086369,172.44,3.009670
2026-07-22 12:44:47.967,31.001,187.12,3.265845,180.26,3.146195,180.26,3.146195,177.89,3.104777,176.84,3.086369,172.44,3.009670
2026-07-22 12:44:48.000,31.034,187.12,3.265845,180.18,3.144661,180.26,3.146195,177.89,3.104777,176.84,3.086369,172.44,3.009670
2026-07-22 12:44:48.033,31.068,187.12,3.265845,180.18,3.144661,180.26,3.146195,177.89,3.104777,176.84,3.086369,172.44,3.009670
2026-07-22 12:44:48.066,31.101,187.12,3.265845,180.18,3.144661,180.26,3.146195,177.89,3.104777,176.84,3.086369,172.44,3.009670
2026-07-22 12:44:48.100,31.134,187.12,3.265845,180.18,3.144661,180.26,3.146195,177.89,3.104777,176.84,3.086369,172.44,3.009670
2026-07-22 12:44:48.137,31.168,187.12,3.265845,180.18,3.144661,180.26,3.146195,177.89,3.104777,176.84,3.086369,172.44,3.009670
2026-07-22 12:44:48.166,31.201,187.12,3.265845,180.18,3.144661,180.26,3.146195,177.89,3.104777,176.84,3.086369,172.44,3.009670
2026-07-22 12:44:48.201,31.235,187.12,3.265845,180.18,3.144661,180.26,3.146195,177.89,3.104777,176.84,3.086369,172.44,3.009670
2026-07-22 12:44:48.233,31.267,187.12,3.265845,180.18,3.144661,180.26,3.146195,177.89,3.104777,176.84,3.086369,172.44,3.009670
2026-07-22 12:44:48.268,31.301,187.12,3.265845,180.18,3.144661,180.26,3.146195,177.89,3.104777,176.84,3.086369,172.44,3.009670
2026-07-22 12:44:48.300,31.334,187.12,3.265845,180.18,3.144661,180.26,3.146195,177.89,3.104777,176.84,3.086369,172.44,3.009670
2026-07-22 12:44:48.333,31.367,187.12,3.265845,180.18,3.144661,180.26,3.146195,177.89,3.104777,176.84,3.086369,172.44,3.009670
2026-07-22 12:44:48.367,31.401,187.12,3.265845,180.18,3.144661,180.26,3.146195,177.89,3.104777,176.84,3.086369,172.44,3.009670
2026-07-22 12:44:48.400,31.434,187.12,3.265845,180.18,3.144661,180.26,3.146195,177.89,3.104777,176.84,3.086369,172.44,3.009670
2026-07-22 12:44:48.433,31.467,187.12,3.265845,180.18,3.144661,180.26,3.146195,177.89,3.104777,176.84,3.086369,172.44,3.009670
2026-07-22 12:44:48.466,31.501,186.94,3.262777,180.18,3.144661,180.26,3.146195,177.89,3.104777,176.84,3.086369,172.44,3.009670
2026-07-22 12:44:48.500,31.534,186.94,3.262777,180.18,3.144661,180.26,3.146195,177.89,3.104777,176.84,3.086369,172.44,3.009670
2026-07-22 12:44:48.534,31.567,186.86,3.261243,180.18,3.144661,180.26,3.146195,177.89,3.104777,176.84,3.086369,172.44,3.009670
2026-07-22 12:44:48.569,31.601,186.86,3.261243,180.09,3.143127,180.26,3.146195,177.98,3.106311,176.84,3.086369,172.44,3.009670
2026-07-22 12:44:48.599,31.634,186.77,3.259709,180.09,3.143127,180.26,3.146195,178.24,3.110913,177.01,3.089437,172.44,3.009670
2026-07-22 12:44:48.635,31.669,186.77,3.259709,180.09,3.143127,180.26,3.146195,178.33,3.112447,177.01,3.089437,172.44,3.009670
2026-07-22 12:44:48.666,31.701,186.77,3.259709,180.09,3.143127,180.26,3.146195,178.42,3.113981,177.01,3.089437,172.44,3.009670
2026-07-22 12:44:48.699,31.734,186.94,3.262777,180.09,3.143127,180.26,3.146195,178.51,3.115515,177.19,3.092505,172.44,3.009670
2026-07-22 12:44:48.736,31.768,187.12,3.265845,180.09,3.143127,180.26,3.146195,178.51,3.115515,177.28,3.094039,172.44,3.009670
2026-07-22 12:44:48.766,31.801,187.12,3.265845,180.09,3.143127,180.26,3.146195,179.47,3.132389,177.28,3.094039,172.44,3.009670
2026-07-22 12:44:48.799,31.834,187.12,3.265845,180.09,3.143127,180.26,3.146195,181.58,3.169204,177.28,3.094039,172.44,3.009670
2026-07-22 12:44:48.833,31.867,187.12,3.265845,180.09,3.143127,180.26,3.146195,184.48,3.219826,177.28,3.094039,172.44,3.009670
2026-07-22 12:44:48.867,31.901,187.12,3.265845,180.09,3.143127,180.26,3.146195,187.56,3.273515,177.28,3.094039,172.44,3.009670
2026-07-22 12:44:48.904,31.934,187.03,3.264311,180.09,3.143127,180.26,3.146195,190.46,3.324136,177.10,3.090971,172.44,3.009670
2026-07-22 12:44:48.936,31.968,186.94,3.262777,180.09,3.143127,180.26,3.146195,193.45,3.376292,177.10,3.090971,172.44,3.009670
2026-07-22 12:44:48.970,32.001,186.94,3.262777,180.09,3.143127,180.26,3.146195,196.44,3.428447,177.10,3.090971,172.44,3.009670
2026-07-22 12:44:48.999,32.034,186.94,3.262777,180.09,3.143127,180.26,3.146195,198.54,3.465263,177.10,3.090971,172.44,3.009670
2026-07-22 12:44:49.034,32.067,186.94,3.262777,180.09,3.143127,180.26,3.146195,200.65,3.502078,177.10,3.090971,172.44,3.009670
2026-07-22 12:44:49.066,32.101,186.94,3.262777,180.09,3.143127,180.26,3.146195,202.41,3.532758,177.10,3.090971,172.44,3.009670
2026-07-22 12:44:49.101,32.134,187.12,3.265845,180.18,3.144661,180.26,3.146195,203.73,3.555767,177.10,3.090971,172.44,3.009670
2026-07-22 12:44:49.133,32.167,187.12,3.265845,180.18,3.144661,180.26,3.146195,204.52,3.569573,177.10,3.090971,172.44,3.009670
2026-07-22 12:44:49.167,32.201,187.12,3.265845,180.18,3.144661,180.26,3.146195,205.14,3.580311,177.19,3.092505,172.44,3.009670
2026-07-22 12:44:49.200,32.235,187.12,3.265845,180.18,3.144661,180.26,3.146195,205.31,3.583379,177.28,3.094039,172.44,3.009670
2026-07-22 12:44:49.235,32.268,187.12,3.265845,180.18,3.144661,180.26,3.146195,205.66,3.589515,177.28,3.094039,172.44,3.009670
2026-07-22 12:44:49.266,32.301,187.12,3.265845,180.18,3.144661,180.26,3.146195,206.10,3.597185,177.28,3.094039,172.44,3.009670
2026-07-22 12:44:49.299,32.334,187.12,3.265845,180.18,3.144661,180.26,3.146195,206.37,3.601787,177.28,3.094039,172.44,3.009670
2026-07-22 12:44:49.334,32.368,187.12,3.265845,180.18,3.144661,180.26,3.146195,206.02,3.595651,177.28,3.094039,172.44,3.009670
2026-07-22 12:44:49.366,32.401,187.12,3.265845,180.18,3.144661,180.26,3.146195,205.93,3.594117,177.28,3.094039,172.44,3.009670
2026-07-22 12:44:49.399,32.434,187.03,3.264311,180.18,3.144661,180.26,3.146195,205.93,3.594117,177.28,3.094039,172.44,3.009670
2026-07-22 12:44:49.432,32.467,186.86,3.261243,180.18,3.144661,180.26,3.146195,205.93,3.594117,177.28,3.094039,172.44,3.009670
2026-07-22 12:44:49.466,32.501,186.77,3.259709,180.18,3.144661,180.26,3.146195,205.93,3.594117,177.28,3.094039,172.44,3.009670
2026-07-22 12:44:49.499,32.534,186.77,3.259709,180.18,3.144661,180.26,3.146195,205.93,3.594117,177.28,3.094039,172.44,3.009670
2026-07-22 12:44:49.534,32.568,186.77,3.259709,180.09,3.143127,180.26,3.146195,206.02,3.595651,177.28,3.094039,172.44,3.009670
2026-07-22 12:44:49.566,32.601,186.77,3.259709,180.09,3.143127,180.26,3.146195,206.19,3.598719,177.28,3.094039,172.44,3.009670
2026-07-22 12:44:49.600,32.634,186.77,3.259709,180.18,3.144661,180.26,3.146195,206.28,3.600253,177.28,3.094039,172.44,3.009670
2026-07-22 12:44:49.634,32.667,186.77,3.259709,180.18,3.144661,180.26,3.146195,206.37,3.601787,177.28,3.094039,172.44,3.009670
2026-07-22 12:44:49.666,32.701,186.77,3.259709,180.18,3.144661,180.26,3.146195,206.46,3.603321,177.28,3.094039,172.44,3.009670
2026-07-22 12:44:49.702,32.734,186.77,3.259709,180.26,3.146195,180.26,3.146195,206.46,3.603321,177.28,3.094039,172.44,3.009670
2026-07-22 12:44:49.736,32.768,186.77,3.259709,180.26,3.146195,180.26,3.146195,206.54,3.604855,177.28,3.094039,172.44,3.009670
2026-07-22 12:44:49.768,32.801,186.94,3.262777,180.26,3.146195,180.26,3.146195,207.69,3.624797,177.28,3.094039,172.44,3.009670
2026-07-22 12:44:49.804,32.834,186.94,3.262777,180.26,3.146195,180.26,3.146195,210.32,3.670816,177.28,3.094039,172.44,3.009670
2026-07-22 12:44:49.835,32.868,186.94,3.262777,180.26,3.146195,180.26,3.146195,213.13,3.719903,177.28,3.094039,172.44,3.009670
2026-07-22 12:44:49.866,32.901,186.94,3.262777,180.26,3.146195,180.26,3.146195,216.21,3.773593,177.28,3.094039,172.44,3.009670
2026-07-22 12:44:49.899,32.934,186.94,3.262777,180.26,3.146195,180.26,3.146195,219.46,3.830350,177.28,3.094039,172.44,3.009670
2026-07-22 12:44:49.933,32.967,186.94,3.262777,180.26,3.146195,180.26,3.146195,222.45,3.882505,177.19,3.092505,172.44,3.009670
2026-07-22 12:44:49.968,33.001,186.94,3.262777,180.26,3.146195,180.26,3.146195,225.53,3.936195,177.10,3.090971,172.44,3.009670
2026-07-22 12:44:50.000,33.034,186.77,3.259709,180.18,3.144661,180.26,3.146195,228.08,3.980680,177.10,3.090971,172.44,3.009670
2026-07-22 12:44:50.035,33.067,186.77,3.259709,180.18,3.144661,180.26,3.146195,230.71,4.026700,177.10,3.090971,172.44,3.009670
2026-07-22 12:44:50.067,33.101,186.77,3.259709,180.09,3.143127,180.26,3.146195,233.09,4.068117,177.10,3.090971,172.44,3.009670
2026-07-22 12:44:50.099,33.134,186.77,3.259709,180.09,3.143127,180.26,3.146195,235.46,4.109535,177.10,3.090971,172.44,3.009670
2026-07-22 12:44:50.133,33.167,186.77,3.259709,179.91,3.140059,180.26,3.146195,237.83,4.150952,177.10,3.090971,172.44,3.009670
2026-07-22 12:44:50.167,33.201,186.77,3.259709,179.91,3.140059,180.26,3.146195,240.12,4.190836,177.10,3.090971,172.44,3.009670
2026-07-22 12:44:50.200,33.235,186.77,3.259709,179.74,3.136991,180.26,3.146195,242.58,4.233787,177.10,3.090971,172.44,3.009670
2026-07-22 12:44:50.232,33.267,186.77,3.259709,179.74,3.136991,180.26,3.146195,244.95,4.275204,177.10,3.090971,172.44,3.009670
2026-07-22 12:44:50.266,33.301,186.77,3.259709,179.65,3.135457,180.26,3.146195,247.50,4.319690,177.10,3.090971,172.44,3.009670
2026-07-22 12:44:50.300,33.334,186.77,3.259709,179.65,3.135457,180.26,3.146195,250.14,4.365709,177.10,3.090971,172.44,3.009670
2026-07-22 12:44:50.333,33.367,186.77,3.259709,179.65,3.135457,180.26,3.146195,252.86,4.413263,177.10,3.090971,172.44,3.009670
2026-07-22 12:44:50.367,33.401,186.77,3.259709,179.65,3.135457,180.26,3.146195,255.85,4.465418,177.10,3.090971,172.44,3.009670
2026-07-22 12:44:50.399,33.434,186.77,3.259709,179.65,3.135457,180.26,3.146195,258.75,4.516039,177.10,3.090971,172.44,3.009670
2026-07-22 12:44:50.433,33.467,186.77,3.259709,179.65,3.135457,180.26,3.146195,262.09,4.574331,177.10,3.090971,172.44,3.009670
2026-07-22 12:44:50.466,33.501,186.77,3.259709,179.65,3.135457,180.26,3.146195,265.25,4.629554,177.19,3.092505,172.44,3.009670
2026-07-22 12:44:50.503,33.534,186.77,3.259709,179.65,3.135457,180.26,3.146195,268.42,4.684777,177.28,3.094039,172.44,3.009670
2026-07-22 12:44:50.537,33.568,186.68,3.258175,179.65,3.135457,180.26,3.146195,271.67,4.741535,177.28,3.094039,172.44,3.009670
2026-07-22 12:44:50.569,33.601,186.68,3.258175,179.65,3.135457,180.26,3.146195,274.92,4.798292,177.28,3.094039,172.44,3.009670
2026-07-22 12:44:50.601,33.634,186.68,3.258175,179.65,3.135457,180.26,3.146195,277.65,4.845845,177.28,3.094039,172.44,3.009670
2026-07-22 12:44:50.634,33.667,186.68,3.258175,179.65,3.135457,180.26,3.146195,280.81,4.901069,177.28,3.094039,172.44,3.009670
2026-07-22 12:44:50.667,33.701,186.68,3.258175,179.65,3.135457,180.26,3.146195,283.71,4.951690,177.28,3.094039,172.44,3.009670
2026-07-22 12:44:50.703,33.734,186.68,3.258175,179.65,3.135457,180.26,3.146195,286.61,5.002311,177.28,3.094039,172.44,3.009670
2026-07-22 12:44:50.734,33.768,186.68,3.258175,179.65,3.135457,180.26,3.146195,289.34,5.049865,177.28,3.094039,172.44,3.009670
2026-07-22 12:44:50.767,33.801,186.68,3.258175,179.65,3.135457,180.26,3.146195,291.97,5.095884,177.28,3.094039,172.44,3.009670
2026-07-22 12:44:50.799,33.834,186.59,3.256641,179.65,3.135457,180.26,3.146195,294.35,5.137302,177.28,3.094039,172.44,3.009670
2026-07-22 12:44:50.834,33.868,186.59,3.256641,179.65,3.135457,180.26,3.146195,296.63,5.177185,177.28,3.094039,172.44,3.009670
2026-07-22 12:44:50.866,33.901,186.59,3.256641,179.65,3.135457,180.26,3.146195,298.83,5.215535,177.28,3.094039,172.44,3.009670
2026-07-22 12:44:50.900,33.934,186.59,3.256641,179.65,3.135457,180.26,3.146195,301.03,5.253884,177.28,3.094039,172.44,3.009670
2026-07-22 12:44:50.933,33.967,186.59,3.256641,179.65,3.135457,180.26,3.146195,303.13,5.290700,177.28,3.094039,172.44,3.009670
2026-07-22 12:44:50.966,34.001,186.59,3.256641,179.65,3.135457,180.26,3.146195,305.16,5.325981,177.28,3.094039,172.44,3.009670
2026-07-22 12:44:50.999,34.034,186.59,3.256641,179.65,3.135457,180.26,3.146195,307.09,5.359729,177.28,3.094039,172.44,3.009670
2026-07-22 12:44:51.033,34.068,186.59,3.256641,179.65,3.135457,180.26,3.146195,309.20,5.396544,177.28,3.094039,172.44,3.009670
2026-07-22 12:44:51.066,34.101,186.59,3.256641,179.65,3.135457,180.26,3.146195,311.31,5.433360,177.28,3.094039,172.44,3.009670
2026-07-22 12:44:51.100,34.134,186.59,3.256641,179.65,3.135457,180.26,3.146195,313.59,5.473243,177.28,3.094039,172.44,3.009670
2026-07-22 12:44:51.133,34.168,186.59,3.256641,179.65,3.135457,180.26,3.146195,315.88,5.513127,177.28,3.094039,172.44,3.009670
2026-07-22 12:44:51.166,34.201,186.59,3.256641,179.65,3.135457,180.26,3.146195,318.16,5.553010,177.28,3.094039,172.44,3.009670
2026-07-22 12:44:51.199,34.234,186.59,3.256641,179.65,3.135457,180.26,3.146195,320.62,5.595962,177.28,3.094039,172.44,3.009670
2026-07-22 12:44:51.234,34.268,186.59,3.256641,179.65,3.135457,180.26,3.146195,323.00,5.637379,177.28,3.094039,172.44,3.009670
2026-07-22 12:44:51.266,34.301,186.59,3.256641,179.65,3.135457,180.26,3.146195,325.37,5.678797,177.28,3.094039,172.44,3.009670
2026-07-22 12:44:51.300,34.334,186.59,3.256641,179.65,3.135457,180.26,3.146195,327.66,5.718680,177.28,3.094039,172.44,3.009670
2026-07-22 12:44:51.336,34.368,186.59,3.256641,179.65,3.135457,180.26,3.146195,330.03,5.760098,177.28,3.094039,172.44,3.009670
2026-07-22 12:44:51.367,34.401,186.59,3.256641,179.65,3.135457,180.26,3.146195,332.31,5.799981,177.28,3.094039,172.44,3.009670
2026-07-22 12:44:51.401,34.434,186.59,3.256641,179.65,3.135457,180.26,3.146195,334.60,5.839865,177.28,3.094039,172.44,3.009670
2026-07-22 12:44:51.436,34.468,186.59,3.256641,179.65,3.135457,180.26,3.146195,336.88,5.879748,177.28,3.094039,172.44,3.009670
2026-07-22 12:44:51.469,34.502,186.59,3.256641,179.65,3.135457,180.26,3.146195,338.73,5.911962,177.28,3.094039,172.44,3.009670
2026-07-22 12:44:51.502,34.535,186.59,3.256641,179.65,3.135457,180.26,3.146195,340.66,5.945710,177.28,3.094039,172.44,3.009670
2026-07-22 12:44:51.533,34.567,186.59,3.256641,179.65,3.135457,180.26,3.146195,342.42,5.976389,177.28,3.094039,172.44,3.009670
2026-07-22 12:44:51.568,34.601,186.59,3.256641,179.65,3.135457,180.26,3.146195,344.09,6.005535,177.28,3.094039,172.44,3.009670
2026-07-22 12:44:51.601,34.634,186.59,3.256641,179.65,3.135457,180.26,3.146195,345.76,6.034680,177.28,3.094039,172.44,3.009670
2026-07-22 12:44:51.634,34.667,186.59,3.256641,179.65,3.135457,180.26,3.146195,347.26,6.060758,177.28,3.094039,172.44,3.009670
2026-07-22 12:44:51.666,34.701,186.59,3.256641,179.65,3.135457,180.26,3.146195,348.49,6.082234,177.28,3.094039,172.44,3.009670
2026-07-22 12:44:51.699,34.734,186.59,3.256641,179.65,3.135457,180.26,3.146195,349.80,6.105244,177.28,3.094039,172.44,3.009670
2026-07-22 12:44:51.734,34.767,186.59,3.256641,179.65,3.135457,180.26,3.146195,350.95,6.125185,177.28,3.094039,172.44,3.009670
2026-07-22 12:44:51.766,34.801,186.59,3.256641,179.65,3.135457,180.26,3.146195,352.00,6.143593,177.28,3.094039,172.44,3.009670
2026-07-22 12:44:51.799,34.834,186.59,3.256641,179.65,3.135457,180.26,3.146195,352.97,6.160467,177.28,3.094039,172.44,3.009670
2026-07-22 12:44:51.832,34.867,186.59,3.256641,179.65,3.135457,180.26,3.146195,354.11,6.180409,177.28,3.094039,172.44,3.009670
2026-07-22 12:44:51.865,34.901,186.59,3.256641,179.65,3.135457,180.26,3.146195,355.34,6.201884,177.28,3.094039,172.44,3.009670
2026-07-22 12:44:51.901,34.935,186.59,3.256641,179.65,3.135457,180.26,3.146195,356.75,6.226428,177.28,3.094039,172.44,3.009670
2026-07-22 12:44:51.933,34.968,186.59,3.256641,179.65,3.135457,180.26,3.146195,358.07,6.249438,177.28,3.094039,172.44,3.009670
2026-07-22 12:44:51.968,35.002,186.59,3.256641,179.65,3.135457,180.26,3.146195,359.38,6.272447,177.28,3.094039,172.44,3.009670
2026-07-22 12:44:51.999,35.034,186.59,3.256641,179.65,3.135457,180.26,3.146195,0.44,0.007670,177.28,3.094039,172.44,3.009670
2026-07-22 12:44:52.033,35.068,186.59,3.256641,179.65,3.135457,180.26,3.146195,1.41,0.024544,177.28,3.094039,172.44,3.009670
2026-07-22 12:44:52.066,35.101,186.59,3.256641,179.65,3.135457,180.26,3.146195,2.11,0.036816,177.28,3.094039,172.44,3.009670
2026-07-22 12:44:52.103,35.134,186.59,3.256641,179.65,3.135457,180.26,3.146195,2.72,0.047553,177.28,3.094039,172.44,3.009670
2026-07-22 12:44:52.133,35.167,186.59,3.256641,179.65,3.135457,180.26,3.146195,3.16,0.055223,177.28,3.094039,172.44,3.009670
2026-07-22 12:44:52.165,35.201,186.59,3.256641,179.65,3.135457,180.26,3.146195,3.52,0.061359,177.28,3.094039,172.44,3.009670
2026-07-22 12:44:52.201,35.234,186.59,3.256641,179.65,3.135457,180.26,3.146195,3.78,0.065961,177.28,3.094039,172.44,3.009670
2026-07-22 12:44:52.233,35.268,186.59,3.256641,179.65,3.135457,180.26,3.146195,3.78,0.065961,177.28,3.094039,172.44,3.009670
2026-07-22 12:44:52.267,35.301,186.59,3.256641,179.65,3.135457,180.26,3.146195,3.69,0.064427,177.28,3.094039,172.44,3.009670
2026-07-22 12:44:52.299,35.334,186.59,3.256641,179.65,3.135457,180.26,3.146195,3.69,0.064427,177.28,3.094039,172.44,3.009670
2026-07-22 12:44:52.333,35.367,186.59,3.256641,179.65,3.135457,180.26,3.146195,3.69,0.064427,177.28,3.094039,172.44,3.009670
2026-07-22 12:44:52.367,35.401,186.59,3.256641,179.65,3.135457,180.26,3.146195,3.69,0.064427,177.28,3.094039,172.44,3.009670
2026-07-22 12:44:52.400,35.434,186.59,3.256641,179.65,3.135457,180.26,3.146195,3.69,0.064427,177.28,3.094039,172.44,3.009670
2026-07-22 12:44:52.434,35.468,186.59,3.256641,179.65,3.135457,180.26,3.146195,3.69,0.064427,177.28,3.094039,172.44,3.009670
2026-07-22 12:44:52.466,35.501,186.59,3.256641,179.65,3.135457,180.26,3.146195,3.69,0.064427,177.28,3.094039,172.44,3.009670
2026-07-22 12:44:52.500,35.534,186.59,3.256641,179.65,3.135457,180.26,3.146195,3.69,0.064427,177.28,3.094039,172.44,3.009670
2026-07-22 12:44:52.534,35.568,186.59,3.256641,179.65,3.135457,180.26,3.146195,3.69,0.064427,177.28,3.094039,172.44,3.009670
2026-07-22 12:44:52.565,35.601,186.59,3.256641,179.65,3.135457,180.26,3.146195,3.69,0.064427,177.28,3.094039,172.44,3.009670
2026-07-22 12:44:52.599,35.634,186.59,3.256641,179.65,3.135457,180.26,3.146195,3.69,0.064427,177.28,3.094039,172.44,3.009670
2026-07-22 12:44:52.633,35.667,186.68,3.258175,179.65,3.135457,180.26,3.146195,3.69,0.064427,177.28,3.094039,172.44,3.009670
2026-07-22 12:44:52.666,35.701,186.68,3.258175,179.74,3.136991,180.26,3.146195,3.69,0.064427,177.28,3.094039,172.44,3.009670
2026-07-22 12:44:52.699,35.734,186.68,3.258175,179.74,3.136991,180.26,3.146195,3.69,0.064427,177.28,3.094039,172.44,3.009670
2026-07-22 12:44:52.735,35.768,186.68,3.258175,179.74,3.136991,180.26,3.146195,3.69,0.064427,177.28,3.094039,172.44,3.009670
2026-07-22 12:44:52.766,35.801,186.68,3.258175,179.74,3.136991,180.26,3.146195,3.69,0.064427,177.28,3.094039,172.44,3.009670
2026-07-22 12:44:52.799,35.834,186.68,3.258175,179.74,3.136991,180.26,3.146195,3.69,0.064427,177.28,3.094039,172.44,3.009670
2026-07-22 12:44:52.833,35.867,186.68,3.258175,179.74,3.136991,180.26,3.146195,3.69,0.064427,177.28,3.094039,172.44,3.009670
2026-07-22 12:44:52.866,35.901,186.68,3.258175,179.74,3.136991,180.26,3.146195,3.69,0.064427,177.28,3.094039,172.44,3.009670
2026-07-22 12:44:52.900,35.934,186.68,3.258175,179.74,3.136991,180.26,3.146195,3.69,0.064427,177.28,3.094039,172.44,3.009670
2026-07-22 12:44:52.933,35.968,186.68,3.258175,179.74,3.136991,180.26,3.146195,3.69,0.064427,177.28,3.094039,172.44,3.009670
2026-07-22 12:44:52.966,36.001,186.68,3.258175,179.74,3.136991,180.26,3.146195,3.69,0.064427,177.28,3.094039,172.44,3.009670
2026-07-22 12:44:53.003,36.034,186.68,3.258175,179.74,3.136991,180.26,3.146195,3.69,0.064427,177.28,3.094039,172.44,3.009670
2026-07-22 12:44:53.035,36.068,186.68,3.258175,179.74,3.136991,180.26,3.146195,3.69,0.064427,177.28,3.094039,172.44,3.009670
2026-07-22 12:44:53.067,36.101,186.68,3.258175,179.74,3.136991,180.26,3.146195,3.69,0.064427,177.28,3.094039,172.44,3.009670
2026-07-22 12:44:53.100,36.134,186.68,3.258175,179.74,3.136991,180.26,3.146195,3.69,0.064427,177.28,3.094039,172.44,3.009670
2026-07-22 12:44:53.133,36.167,186.68,3.258175,179.74,3.136991,180.26,3.146195,3.69,0.064427,177.28,3.094039,172.44,3.009670
2026-07-22 12:44:53.168,36.201,186.68,3.258175,179.74,3.136991,180.26,3.146195,3.69,0.064427,177.28,3.094039,172.44,3.009670
2026-07-22 12:44:53.201,36.235,186.68,3.258175,179.74,3.136991,180.26,3.146195,3.69,0.064427,177.28,3.094039,172.44,3.009670
2026-07-22 12:44:53.235,36.268,186.86,3.261243,179.74,3.136991,180.26,3.146195,3.69,0.064427,177.28,3.094039,172.44,3.009670
2026-07-22 12:44:53.266,36.301,186.94,3.262777,179.74,3.136991,180.26,3.146195,3.69,0.064427,177.28,3.094039,172.44,3.009670
2026-07-22 12:44:53.299,36.334,187.03,3.264311,179.74,3.136991,180.26,3.146195,3.69,0.064427,177.28,3.094039,172.44,3.009670
2026-07-22 12:44:53.333,36.367,187.03,3.264311,179.74,3.136991,180.26,3.146195,3.69,0.064427,177.28,3.094039,172.44,3.009670
2026-07-22 12:44:53.366,36.401,187.03,3.264311,179.74,3.136991,180.26,3.146195,3.69,0.064427,177.28,3.094039,172.44,3.009670
2026-07-22 12:44:53.399,36.434,187.03,3.264311,179.65,3.135457,180.26,3.146195,3.69,0.064427,177.28,3.094039,172.44,3.009670
2026-07-22 12:44:53.432,36.467,187.03,3.264311,179.65,3.135457,180.26,3.146195,3.69,0.064427,177.28,3.094039,172.44,3.009670
2026-07-22 12:44:53.467,36.501,186.94,3.262777,179.65,3.135457,180.26,3.146195,3.69,0.064427,177.28,3.094039,172.44,3.009670
2026-07-22 12:44:53.500,36.534,186.94,3.262777,179.65,3.135457,180.26,3.146195,3.69,0.064427,177.28,3.094039,172.44,3.009670
2026-07-22 12:44:53.532,36.567,186.94,3.262777,179.65,3.135457,180.26,3.146195,3.69,0.064427,177.28,3.094039,172.44,3.009670
2026-07-22 12:44:53.566,36.600,186.94,3.262777,179.65,3.135457,180.26,3.146195,3.69,0.064427,177.28,3.094039,172.44,3.009670
2026-07-22 12:44:53.599,36.634,186.94,3.262777,179.65,3.135457,180.26,3.146195,3.69,0.064427,177.28,3.094039,172.44,3.009670
2026-07-22 12:44:53.633,36.668,186.94,3.262777,179.65,3.135457,180.26,3.146195,3.69,0.064427,177.28,3.094039,172.44,3.009670
2026-07-22 12:44:53.667,36.701,186.94,3.262777,179.65,3.135457,180.26,3.146195,3.69,0.064427,177.28,3.094039,172.44,3.009670
2026-07-22 12:44:53.701,36.735,186.94,3.262777,179.65,3.135457,180.26,3.146195,3.69,0.064427,177.28,3.094039,172.44,3.009670
2026-07-22 12:44:53.737,36.767,186.94,3.262777,179.65,3.135457,180.26,3.146195,3.69,0.064427,177.28,3.094039,172.44,3.009670
2026-07-22 12:44:53.767,36.801,186.94,3.262777,179.65,3.135457,180.26,3.146195,3.69,0.064427,177.28,3.094039,172.44,3.009670
2026-07-22 12:44:53.802,36.834,186.94,3.262777,179.65,3.135457,180.26,3.146195,3.69,0.064427,177.28,3.094039,172.44,3.009670
2026-07-22 12:44:53.836,36.870,186.94,3.262777,179.65,3.135457,180.26,3.146195,3.69,0.064427,177.28,3.094039,172.44,3.009670
2026-07-22 12:44:53.869,36.901,186.94,3.262777,179.65,3.135457,180.26,3.146195,3.69,0.064427,177.28,3.094039,172.44,3.009670
2026-07-22 12:44:53.901,36.934,186.94,3.262777,179.65,3.135457,180.26,3.146195,3.69,0.064427,177.28,3.094039,172.44,3.009670
2026-07-22 12:44:53.933,36.968,186.94,3.262777,179.65,3.135457,180.26,3.146195,3.69,0.064427,177.28,3.094039,172.44,3.009670
2026-07-22 12:44:53.966,37.001,186.94,3.262777,179.65,3.135457,180.26,3.146195,3.69,0.064427,177.28,3.094039,172.44,3.009670
2026-07-22 12:44:54.000,37.034,186.94,3.262777,179.65,3.135457,180.26,3.146195,3.69,0.064427,177.28,3.094039,172.44,3.009670
2026-07-22 12:44:54.034,37.068,186.94,3.262777,179.65,3.135457,180.26,3.146195,3.69,0.064427,177.28,3.094039,172.44,3.009670
2026-07-22 12:44:54.066,37.101,186.94,3.262777,179.65,3.135457,180.26,3.146195,3.69,0.064427,177.28,3.094039,172.44,3.009670
2026-07-22 12:44:54.100,37.134,186.94,3.262777,179.65,3.135457,180.26,3.146195,3.69,0.064427,177.28,3.094039,172.44,3.009670
2026-07-22 12:44:54.133,37.167,186.94,3.262777,179.65,3.135457,180.26,3.146195,3.69,0.064427,177.28,3.094039,172.44,3.009670
2026-07-22 12:44:54.166,37.200,186.94,3.262777,179.65,3.135457,180.26,3.146195,3.69,0.064427,177.28,3.094039,172.44,3.009670
2026-07-22 12:44:54.199,37.234,186.94,3.262777,179.65,3.135457,180.26,3.146195,3.69,0.064427,177.28,3.094039,172.44,3.009670
2026-07-22 12:44:54.232,37.267,186.94,3.262777,179.65,3.135457,180.26,3.146195,3.69,0.064427,177.28,3.094039,172.44,3.009670
2026-07-22 12:44:54.266,37.300,187.03,3.264311,179.65,3.135457,180.26,3.146195,3.69,0.064427,177.28,3.094039,172.44,3.009670
2026-07-22 12:44:54.301,37.334,187.03,3.264311,179.65,3.135457,180.26,3.146195,3.69,0.064427,177.28,3.094039,172.44,3.009670
2026-07-22 12:44:54.334,37.368,187.03,3.264311,179.65,3.135457,180.26,3.146195,3.69,0.064427,177.28,3.094039,172.44,3.009670
2026-07-22 12:44:54.366,37.401,187.03,3.264311,179.65,3.135457,180.26,3.146195,3.69,0.064427,177.28,3.094039,172.44,3.009670
2026-07-22 12:44:54.400,37.434,187.03,3.264311,179.65,3.135457,180.26,3.146195,3.69,0.064427,177.28,3.094039,172.44,3.009670
2026-07-22 12:44:54.433,37.468,187.03,3.264311,179.65,3.135457,180.26,3.146195,3.69,0.064427,177.28,3.094039,172.44,3.009670
2026-07-22 12:44:54.467,37.501,187.03,3.264311,179.65,3.135457,180.26,3.146195,3.69,0.064427,177.28,3.094039,172.44,3.009670
2026-07-22 12:44:54.502,37.534,187.12,3.265845,179.65,3.135457,180.26,3.146195,3.69,0.064427,177.28,3.094039,172.44,3.009670
2026-07-22 12:44:54.535,37.568,187.12,3.265845,179.65,3.135457,180.26,3.146195,3.69,0.064427,177.28,3.094039,172.44,3.009670
2026-07-22 12:44:54.568,37.601,187.12,3.265845,179.65,3.135457,180.26,3.146195,3.69,0.064427,177.28,3.094039,172.44,3.009670
2026-07-22 12:44:54.602,37.634,187.12,3.265845,179.65,3.135457,180.26,3.146195,3.69,0.064427,177.28,3.094039,172.44,3.009670
2026-07-22 12:44:54.632,37.667,187.12,3.265845,179.65,3.135457,180.26,3.146195,3.69,0.064427,177.28,3.094039,172.44,3.009670
2026-07-22 12:44:54.668,37.701,187.12,3.265845,179.65,3.135457,180.26,3.146195,3.69,0.064427,177.28,3.094039,172.44,3.009670
2026-07-22 12:44:54.701,37.734,187.12,3.265845,179.74,3.136991,180.09,3.143127,3.69,0.064427,177.28,3.094039,172.44,3.009670
2026-07-22 12:44:54.734,37.768,187.12,3.265845,179.74,3.136991,179.82,3.138525,3.69,0.064427,177.28,3.094039,172.44,3.009670
2026-07-22 12:44:54.767,37.801,187.12,3.265845,179.91,3.140059,179.74,3.136991,3.69,0.064427,177.28,3.094039,172.44,3.009670
2026-07-22 12:44:54.800,37.834,187.21,3.267379,180.18,3.144661,179.65,3.135457,3.69,0.064427,177.28,3.094039,172.44,3.009670
2026-07-22 12:44:54.834,37.868,187.21,3.267379,180.26,3.146195,179.56,3.133923,3.69,0.064427,177.28,3.094039,172.44,3.009670
2026-07-22 12:44:54.867,37.901,187.21,3.267379,180.26,3.146195,179.12,3.126253,3.78,0.065961,177.28,3.094039,172.44,3.009670
2026-07-22 12:44:54.900,37.934,187.21,3.267379,180.35,3.147729,177.98,3.106311,3.78,0.065961,177.28,3.094039,172.44,3.009670
2026-07-22 12:44:54.933,37.968,187.21,3.267379,180.44,3.149263,176.31,3.077165,3.78,0.065961,177.28,3.094039,172.44,3.009670
2026-07-22 12:44:54.967,38.001,187.21,3.267379,180.79,3.155398,174.11,3.038816,3.78,0.065961,177.28,3.094039,172.44,3.009670
2026-07-22 12:44:55.000,38.034,187.21,3.267379,181.67,3.170738,171.83,2.998932,3.78,0.065961,177.28,3.094039,172.44,3.009670
2026-07-22 12:44:55.032,38.067,187.21,3.267379,183.08,3.195282,169.45,2.957515,3.78,0.065961,177.28,3.094039,172.44,3.009670
2026-07-22 12:44:55.066,38.101,187.21,3.267379,184.92,3.227496,167.26,2.919165,3.78,0.065961,177.28,3.094039,172.44,3.009670
2026-07-22 12:44:55.099,38.134,187.21,3.267379,187.21,3.267379,165.15,2.882350,3.78,0.065961,177.28,3.094039,172.44,3.009670
2026-07-22 12:44:55.133,38.167,187.21,3.267379,189.67,3.310331,163.12,2.847068,3.78,0.065961,177.28,3.094039,172.44,3.009670
2026-07-22 12:44:55.167,38.201,187.21,3.267379,192.30,3.356350,161.02,2.810253,3.78,0.065961,177.28,3.094039,172.44,3.009670
2026-07-22 12:44:55.199,38.234,187.21,3.267379,194.85,3.400835,158.91,2.773437,3.78,0.065961,177.28,3.094039,172.44,3.009670
2026-07-22 12:44:55.233,38.267,187.21,3.267379,197.23,3.442253,156.62,2.733554,3.78,0.065961,177.28,3.094039,172.44,3.009670
2026-07-22 12:44:55.266,38.301,187.21,3.267379,199.51,3.482136,153.98,2.687534,3.78,0.065961,177.28,3.094039,172.44,3.009670
2026-07-22 12:44:55.299,38.334,187.21,3.267379,201.62,3.518952,151.17,2.638447,3.78,0.065961,177.28,3.094039,172.44,3.009670
2026-07-22 12:44:55.336,38.368,187.21,3.267379,203.64,3.554233,148.27,2.587826,3.78,0.065961,177.28,3.094039,172.44,3.009670
2026-07-22 12:44:55.367,38.401,187.21,3.267379,205.49,3.586447,145.72,2.543340,3.78,0.065961,177.28,3.094039,172.44,3.009670
2026-07-22 12:44:55.401,38.434,187.21,3.267379,207.33,3.618661,143.17,2.498855,3.78,0.065961,177.28,3.094039,172.44,3.009670
2026-07-22 12:44:55.432,38.467,187.21,3.267379,209.09,3.649340,140.89,2.458971,3.78,0.065961,177.28,3.094039,172.44,3.009670
2026-07-22 12:44:55.466,38.501,187.21,3.267379,210.59,3.675418,138.96,2.425224,3.78,0.065961,177.28,3.094039,172.44,3.009670
2026-07-22 12:44:55.500,38.534,187.21,3.267379,212.08,3.701496,137.11,2.393010,3.78,0.065961,177.28,3.094039,172.44,3.009670
2026-07-22 12:44:55.533,38.568,187.21,3.267379,213.31,3.722971,135.62,2.366932,3.78,0.065961,177.28,3.094039,172.44,3.009670
2026-07-22 12:44:55.567,38.601,187.21,3.267379,214.37,3.741379,134.30,2.343923,3.78,0.065961,177.28,3.094039,172.44,3.009670
2026-07-22 12:44:55.600,38.634,187.21,3.267379,215.16,3.755185,133.15,2.323981,3.78,0.065961,177.28,3.094039,172.44,3.009670
2026-07-22 12:44:55.634,38.667,187.21,3.267379,215.86,3.767457,132.45,2.311709,3.78,0.065961,177.28,3.094039,172.44,3.009670
2026-07-22 12:44:55.666,38.701,187.21,3.267379,216.56,3.779729,132.19,2.307107,3.78,0.065961,177.28,3.094039,172.44,3.009670
2026-07-22 12:44:55.699,38.734,187.21,3.267379,217.00,3.787399,132.28,2.308641,3.78,0.065961,177.28,3.094039,172.44,3.009670
2026-07-22 12:44:55.734,38.767,187.21,3.267379,217.09,3.788933,132.54,2.313243,3.78,0.065961,177.28,3.094039,172.44,3.009670
2026-07-22 12:44:55.766,38.801,187.21,3.267379,217.09,3.788933,133.15,2.323981,3.78,0.065961,177.28,3.094039,172.44,3.009670
2026-07-22 12:44:55.799,38.834,187.21,3.267379,217.09,3.788933,134.12,2.340855,3.78,0.065961,177.28,3.094039,172.44,3.009670
2026-07-22 12:44:55.833,38.867,187.21,3.267379,217.09,3.788933,135.44,2.363864,3.78,0.065961,177.28,3.094039,172.44,3.009670
2026-07-22 12:44:55.866,38.901,187.21,3.267379,217.09,3.788933,136.76,2.386874,3.78,0.065961,177.28,3.094039,172.44,3.009670
2026-07-22 12:44:55.900,38.934,187.21,3.267379,217.00,3.787399,138.16,2.411418,3.78,0.065961,177.28,3.094039,172.44,3.009670
2026-07-22 12:44:55.934,38.968,187.21,3.267379,216.65,3.781263,139.22,2.429826,3.78,0.065961,177.28,3.094039,172.44,3.009670
2026-07-22 12:44:55.967,39.001,187.21,3.267379,215.86,3.767457,140.19,2.446699,3.78,0.065961,177.28,3.094039,172.44,3.009670
2026-07-22 12:44:55.999,39.034,187.21,3.267379,214.72,3.747515,141.06,2.462039,3.78,0.065961,177.28,3.094039,172.44,3.009670
2026-07-22 12:44:56.033,39.068,187.21,3.267379,213.40,3.724505,141.94,2.477379,3.78,0.065961,177.28,3.094039,172.44,3.009670
2026-07-22 12:44:56.066,39.101,187.21,3.267379,211.90,3.698428,142.82,2.492719,3.78,0.065961,177.28,3.094039,172.44,3.009670
2026-07-22 12:44:56.100,39.134,187.21,3.267379,210.32,3.670816,144.14,2.515728,3.78,0.065961,177.28,3.094039,172.44,3.009670
2026-07-22 12:44:56.135,39.167,187.21,3.267379,208.92,3.646272,145.55,2.540272,3.78,0.065961,177.28,3.094039,172.44,3.009670
2026-07-22 12:44:56.166,39.201,187.29,3.268913,207.33,3.618661,147.30,2.570952,3.78,0.065961,177.28,3.094039,172.44,3.009670
2026-07-22 12:44:56.200,39.234,187.29,3.268913,205.75,3.591049,149.24,2.604699,3.78,0.065961,177.28,3.094039,172.44,3.009670
2026-07-22 12:44:56.233,39.267,187.29,3.268913,204.26,3.564971,151.26,2.639981,3.78,0.065961,177.28,3.094039,172.44,3.009670
2026-07-22 12:44:56.269,39.301,187.29,3.268913,202.59,3.535826,153.46,2.678330,3.78,0.065961,177.28,3.094039,172.44,3.009670
2026-07-22 12:44:56.302,39.334,187.29,3.268913,201.01,3.508214,155.30,2.710544,3.78,0.065961,177.28,3.094039,172.44,3.009670
2026-07-22 12:44:56.335,39.368,187.29,3.268913,199.51,3.482136,157.15,2.742758,3.78,0.065961,177.28,3.094039,172.44,3.009670
2026-07-22 12:44:56.367,39.401,187.29,3.268913,198.19,3.459127,158.82,2.771903,3.78,0.065961,177.28,3.094039,172.44,3.009670
2026-07-22 12:44:56.399,39.434,187.73,3.276583,197.05,3.439185,160.05,2.793379,3.78,0.065961,177.28,3.094039,172.44,3.009670
2026-07-22 12:44:56.435,39.468,188.79,3.294991,196.17,3.423845,161.02,2.810253,3.78,0.065961,177.28,3.094039,172.44,3.009670
2026-07-22 12:44:56.467,39.501,190.11,3.318000,195.47,3.411573,161.81,2.824059,3.78,0.065961,177.28,3.094039,172.44,3.009670
2026-07-22 12:44:56.500,39.534,190.99,3.333340,194.85,3.400835,162.25,2.831729,3.78,0.065961,177.28,3.094039,172.44,3.009670
2026-07-22 12:44:56.533,39.568,191.51,3.342544,194.33,3.391632,162.42,2.834796,3.78,0.065961,177.28,3.094039,172.44,3.009670
2026-07-22 12:44:56.566,39.601,191.69,3.345612,194.06,3.387030,162.42,2.834796,3.78,0.065961,177.28,3.094039,172.44,3.009670
2026-07-22 12:44:56.599,39.634,191.51,3.342544,193.97,3.385496,162.42,2.834796,3.78,0.065961,177.28,3.094039,172.44,3.009670
2026-07-22 12:44:56.632,39.667,191.51,3.342544,193.97,3.385496,162.42,2.834796,3.78,0.065961,177.28,3.094039,172.44,3.009670
2026-07-22 12:44:56.666,39.701,191.51,3.342544,193.97,3.385496,162.42,2.834796,3.78,0.065961,177.28,3.094039,172.44,3.009670
2026-07-22 12:44:56.699,39.734,191.51,3.342544,193.97,3.385496,162.33,2.833263,3.78,0.065961,177.28,3.094039,172.44,3.009670
2026-07-22 12:44:56.735,39.768,191.60,3.344078,193.97,3.385496,162.33,2.833263,3.78,0.065961,177.28,3.094039,172.44,3.009670
2026-07-22 12:44:56.766,39.801,191.78,3.347146,193.97,3.385496,162.33,2.833263,3.78,0.065961,177.28,3.094039,172.44,3.009670
2026-07-22 12:44:56.800,39.834,191.87,3.348680,193.97,3.385496,162.16,2.830195,3.78,0.065961,177.28,3.094039,172.44,3.009670
2026-07-22 12:44:56.833,39.867,191.95,3.350214,193.97,3.385496,161.46,2.817923,3.78,0.065961,177.28,3.094039,172.44,3.009670
2026-07-22 12:44:56.866,39.901,191.95,3.350214,193.97,3.385496,160.05,2.793379,3.78,0.065961,177.28,3.094039,172.44,3.009670
2026-07-22 12:44:56.901,39.934,191.95,3.350214,193.97,3.385496,158.47,2.765767,3.78,0.065961,177.28,3.094039,172.44,3.009670
2026-07-22 12:44:56.936,39.967,191.95,3.350214,193.97,3.385496,156.45,2.730486,3.78,0.065961,177.28,3.094039,172.44,3.009670
2026-07-22 12:44:56.971,40.001,191.95,3.350214,194.06,3.387030,154.42,2.695204,3.78,0.065961,177.28,3.094039,172.44,3.009670
2026-07-22 12:44:57.001,40.034,191.95,3.350214,194.15,3.388564,152.93,2.669127,3.78,0.065961,177.28,3.094039,172.44,3.009670
2026-07-22 12:44:57.036,40.070,191.95,3.350214,194.15,3.388564,151.88,2.650719,3.78,0.065961,177.28,3.094039,172.44,3.009670
2026-07-22 12:44:57.066,40.101,191.95,3.350214,194.15,3.388564,151.52,2.644583,3.78,0.065961,177.28,3.094039,172.44,3.009670
2026-07-22 12:44:57.101,40.134,192.04,3.351748,194.15,3.388564,151.52,2.644583,3.78,0.065961,177.28,3.094039,172.44,3.009670
2026-07-22 12:44:57.133,40.167,192.04,3.351748,194.15,3.388564,151.52,2.644583,3.78,0.065961,177.28,3.094039,172.44,3.009670
2026-07-22 12:44:57.166,40.201,192.13,3.353282,194.15,3.388564,151.52,2.644583,3.78,0.065961,177.28,3.094039,172.44,3.009670
2026-07-22 12:44:57.199,40.234,192.13,3.353282,194.06,3.387030,151.35,2.641515,3.78,0.065961,177.28,3.094039,172.44,3.009670
2026-07-22 12:44:57.233,40.267,192.13,3.353282,193.80,3.382428,150.91,2.633845,3.78,0.065961,177.28,3.094039,172.44,3.009670
2026-07-22 12:44:57.267,40.301,192.13,3.353282,193.45,3.376292,150.64,2.629243,3.78,0.065961,177.28,3.094039,172.44,3.009670
2026-07-22 12:44:57.299,40.334,192.13,3.353282,193.36,3.374758,150.47,2.626175,3.78,0.065961,177.28,3.094039,172.44,3.009670
2026-07-22 12:44:57.333,40.368,192.13,3.353282,193.36,3.374758,149.85,2.615437,3.78,0.065961,177.28,3.094039,172.44,3.009670
2026-07-22 12:44:57.366,40.401,192.13,3.353282,193.27,3.373224,148.80,2.597029,3.87,0.067495,177.28,3.094039,172.44,3.009670
2026-07-22 12:44:57.399,40.434,192.13,3.353282,193.27,3.373224,147.04,2.566350,3.87,0.067495,177.28,3.094039,172.44,3.009670
2026-07-22 12:44:57.433,40.468,192.13,3.353282,193.27,3.373224,144.40,2.520330,4.39,0.076699,177.28,3.094039,172.44,3.009670
2026-07-22 12:44:57.467,40.501,192.13,3.353282,193.27,3.373224,141.24,2.465107,5.80,0.101243,177.28,3.094039,172.44,3.009670
2026-07-22 12:44:57.499,40.534,192.13,3.353282,193.27,3.373224,137.64,2.402214,8.09,0.141126,177.28,3.094039,172.44,3.009670
2026-07-22 12:44:57.533,40.567,192.13,3.353282,193.27,3.373224,133.95,2.337787,11.16,0.194816,177.28,3.094039,172.44,3.009670
2026-07-22 12:44:57.566,40.601,192.13,3.353282,193.27,3.373224,130.43,2.276427,14.94,0.260777,177.28,3.094039,172.44,3.009670
2026-07-22 12:44:57.599,40.634,192.13,3.353282,193.27,3.373224,127.35,2.222738,19.25,0.335942,177.28,3.094039,172.44,3.009670
2026-07-22 12:44:57.633,40.668,192.13,3.353282,193.27,3.373224,124.54,2.173651,24.17,0.421845,177.28,3.094039,172.44,3.009670
2026-07-22 12:44:57.666,40.701,192.13,3.353282,193.27,3.373224,122.26,2.133767,29.36,0.512350,177.28,3.094039,172.44,3.009670
2026-07-22 12:44:57.699,40.734,192.13,3.353282,193.27,3.373224,120.41,2.101554,34.80,0.607456,177.28,3.094039,172.44,3.009670
2026-07-22 12:44:57.733,40.768,192.13,3.353282,193.27,3.373224,119.00,2.077010,39.29,0.685689,177.28,3.094039,172.44,3.009670
2026-07-22 12:44:57.767,40.801,192.13,3.353282,193.27,3.373224,118.04,2.060136,41.57,0.725573,177.28,3.094039,172.44,3.009670
2026-07-22 12:44:57.802,40.834,192.13,3.353282,193.27,3.373224,116.89,2.040194,40.43,0.705631,177.28,3.094039,172.44,3.009670
2026-07-22 12:44:57.834,40.868,192.13,3.353282,193.18,3.371690,116.02,2.024855,39.81,0.694893,177.28,3.094039,172.44,3.009670
2026-07-22 12:44:57.871,40.903,192.13,3.353282,193.18,3.371690,114.96,2.006447,39.64,0.691825,177.28,3.094039,172.44,3.009670
2026-07-22 12:44:57.901,40.934,192.13,3.353282,193.18,3.371690,113.91,1.988039,39.64,0.691825,177.28,3.094039,172.44,3.009670
2026-07-22 12:44:57.934,40.968,192.13,3.353282,193.18,3.371690,112.76,1.968097,39.64,0.691825,177.28,3.094039,172.44,3.009670
2026-07-22 12:44:57.967,41.001,192.13,3.353282,193.18,3.371690,111.62,1.948156,39.64,0.691825,177.28,3.094039,172.44,3.009670
2026-07-22 12:44:58.001,41.034,192.13,3.353282,193.18,3.371690,110.48,1.928214,39.64,0.691825,177.28,3.094039,172.44,3.009670
2026-07-22 12:44:58.034,41.068,192.13,3.353282,193.18,3.371690,109.16,1.905204,39.64,0.691825,177.28,3.094039,172.44,3.009670
2026-07-22 12:44:58.065,41.100,192.13,3.353282,193.18,3.371690,107.75,1.880660,39.64,0.691825,177.28,3.094039,172.44,3.009670
2026-07-22 12:44:58.100,41.134,192.13,3.353282,193.18,3.371690,106.00,1.849981,39.64,0.691825,177.28,3.094039,172.44,3.009670
2026-07-22 12:44:58.134,41.168,192.13,3.353282,193.18,3.371690,103.80,1.811631,39.64,0.691825,177.28,3.094039,172.44,3.009670
2026-07-22 12:44:58.166,41.201,192.13,3.353282,193.18,3.371690,101.43,1.770214,39.64,0.691825,177.28,3.094039,172.44,3.009670
2026-07-22 12:44:58.199,41.234,192.13,3.353282,193.18,3.371690,98.35,1.716525,39.64,0.691825,177.28,3.094039,172.44,3.009670
2026-07-22 12:44:58.233,41.268,192.13,3.353282,193.10,3.370156,94.66,1.652097,39.64,0.691825,177.28,3.094039,172.44,3.009670
2026-07-22 12:44:58.266,41.301,192.13,3.353282,192.74,3.364020,90.35,1.576932,39.64,0.691825,177.28,3.094039,172.44,3.009670
2026-07-22 12:44:58.300,41.334,192.13,3.353282,191.95,3.350214,85.69,1.495631,39.64,0.691825,177.28,3.094039,172.44,3.009670
2026-07-22 12:44:58.333,41.367,192.13,3.353282,191.07,3.334874,81.56,1.423534,39.64,0.691825,177.28,3.094039,172.44,3.009670
2026-07-22 12:44:58.366,41.401,192.13,3.353282,190.11,3.318000,77.96,1.360641,39.64,0.691825,177.28,3.094039,172.44,3.009670
2026-07-22 12:44:58.400,41.434,192.22,3.354816,189.23,3.302661,74.97,1.308486,39.64,0.691825,177.28,3.094039,172.44,3.009670
2026-07-22 12:44:58.433,41.467,192.48,3.359418,188.35,3.287321,73.12,1.276272,39.64,0.691825,177.28,3.094039,172.44,3.009670
2026-07-22 12:44:58.466,41.501,193.36,3.374758,187.65,3.275049,72.25,1.260932,39.64,0.691825,177.28,3.094039,172.44,3.009670
2026-07-22 12:44:58.504,41.534,194.24,3.390098,186.86,3.261243,72.42,1.264000,39.64,0.691825,177.28,3.094039,172.44,3.009670
2026-07-22 12:44:58.538,41.567,194.85,3.400835,186.15,3.248971,72.95,1.273204,39.64,0.691825,177.28,3.094039,172.44,3.009670
2026-07-22 12:44:58.570,41.601,195.21,3.406971,185.36,3.235165,73.74,1.287010,39.64,0.691825,177.28,3.094039,172.44,3.009670
2026-07-22 12:44:58.601,41.634,195.47,3.411573,184.75,3.224428,74.62,1.302350,39.64,0.691825,177.28,3.094039,172.44,3.009670
2026-07-22 12:44:58.634,41.667,195.38,3.410039,183.96,3.210622,75.85,1.323825,39.64,0.691825,177.28,3.094039,172.44,3.009670
2026-07-22 12:44:58.668,41.703,195.12,3.405437,183.34,3.199884,77.08,1.345301,39.64,0.691825,177.28,3.094039,172.44,3.009670
2026-07-22 12:44:58.702,41.735,195.12,3.405437,182.72,3.189146,78.66,1.372913,39.64,0.691825,177.28,3.094039,172.44,3.009670
2026-07-22 12:44:58.733,41.767,195.12,3.405437,182.20,3.179942,79.72,1.391321,39.64,0.691825,177.28,3.094039,172.44,3.009670
2026-07-22 12:44:58.768,41.801,195.03,3.403903,182.02,3.176874,80.33,1.402058,39.64,0.691825,177.28,3.094039,172.44,3.009670
2026-07-22 12:44:58.801,41.834,195.03,3.403903,181.76,3.172272,80.33,1.402058,39.64,0.691825,177.28,3.094039,172.44,3.009670
2026-07-22 12:44:58.834,41.867,195.03,3.403903,181.58,3.169204,80.33,1.402058,39.64,0.691825,177.28,3.094039,172.44,3.009670
2026-07-22 12:44:58.866,41.901,195.03,3.403903,181.58,3.169204,80.33,1.402058,39.64,0.691825,177.28,3.094039,172.44,3.009670
2026-07-22 12:44:58.900,41.934,195.03,3.403903,181.58,3.169204,80.33,1.402058,39.64,0.691825,177.28,3.094039,172.44,3.009670
2026-07-22 12:44:58.933,41.968,195.03,3.403903,181.58,3.169204,80.33,1.402058,39.64,0.691825,177.28,3.094039,172.44,3.009670
2026-07-22 12:44:58.966,42.001,195.03,3.403903,181.58,3.169204,80.33,1.402058,39.64,0.691825,177.28,3.094039,172.44,3.009670
2026-07-22 12:44:59.000,42.034,195.03,3.403903,181.58,3.169204,80.33,1.402058,39.64,0.691825,177.28,3.094039,172.44,3.009670
2026-07-22 12:44:59.033,42.068,195.03,3.403903,181.58,3.169204,80.33,1.402058,39.64,0.691825,177.28,3.094039,172.44,3.009670
2026-07-22 12:44:59.066,42.101,195.03,3.403903,181.58,3.169204,80.33,1.402058,39.64,0.691825,177.28,3.094039,172.44,3.009670
2026-07-22 12:44:59.100,42.134,195.03,3.403903,181.58,3.169204,80.33,1.402058,39.64,0.691825,177.28,3.094039,172.44,3.009670
2026-07-22 12:44:59.134,42.168,195.03,3.403903,181.58,3.169204,80.33,1.402058,39.64,0.691825,177.28,3.094039,172.44,3.009670
2026-07-22 12:44:59.167,42.201,195.03,3.403903,181.58,3.169204,80.33,1.402058,39.64,0.691825,177.28,3.094039,172.44,3.009670
2026-07-22 12:44:59.200,42.234,195.03,3.403903,181.58,3.169204,80.33,1.402058,39.64,0.691825,177.28,3.094039,172.44,3.009670
2026-07-22 12:44:59.233,42.268,195.03,3.403903,181.58,3.169204,80.33,1.402058,39.64,0.691825,177.28,3.094039,172.44,3.009670
2026-07-22 12:44:59.267,42.301,195.03,3.403903,181.58,3.169204,80.33,1.402058,39.64,0.691825,177.28,3.094039,172.44,3.009670
2026-07-22 12:44:59.300,42.335,195.38,3.410039,181.58,3.169204,80.77,1.409728,39.64,0.691825,177.28,3.094039,172.44,3.009670
2026-07-22 12:44:59.333,42.368,195.47,3.411573,181.49,3.167670,80.95,1.412796,39.64,0.691825,177.28,3.094039,172.44,3.009670
2026-07-22 12:44:59.368,42.401,195.56,3.413107,181.49,3.167670,80.86,1.411262,39.64,0.691825,177.28,3.094039,172.44,3.009670
2026-07-22 12:44:59.403,42.434,195.56,3.413107,181.49,3.167670,80.42,1.403592,39.64,0.691825,177.28,3.094039,172.44,3.009670
2026-07-22 12:44:59.433,42.467,195.47,3.411573,181.58,3.169204,80.24,1.400524,39.64,0.691825,177.28,3.094039,172.44,3.009670
2026-07-22 12:44:59.468,42.501,195.47,3.411573,181.58,3.169204,80.24,1.400524,39.64,0.691825,177.28,3.094039,172.44,3.009670
2026-07-22 12:44:59.500,42.534,195.47,3.411573,181.58,3.169204,80.24,1.400524,39.64,0.691825,177.28,3.094039,172.44,3.009670
2026-07-22 12:44:59.534,42.568,195.47,3.411573,181.58,3.169204,80.24,1.400524,39.64,0.691825,177.28,3.094039,172.44,3.009670
2026-07-22 12:44:59.568,42.601,195.47,3.411573,181.58,3.169204,80.24,1.400524,39.64,0.691825,177.28,3.094039,172.44,3.009670
2026-07-22 12:44:59.601,42.635,195.47,3.411573,181.58,3.169204,80.60,1.406660,39.64,0.691825,177.28,3.094039,172.44,3.009670
2026-07-22 12:44:59.634,42.668,195.47,3.411573,181.58,3.169204,80.95,1.412796,39.64,0.691825,177.28,3.094039,172.44,3.009670
2026-07-22 12:44:59.666,42.701,195.47,3.411573,181.49,3.167670,80.95,1.412796,39.64,0.691825,177.28,3.094039,172.44,3.009670
2026-07-22 12:44:59.699,42.734,195.47,3.411573,181.49,3.167670,80.77,1.409728,39.64,0.691825,177.28,3.094039,172.44,3.009670
2026-07-22 12:44:59.733,42.768,195.38,3.410039,181.49,3.167670,80.33,1.402058,39.64,0.691825,177.28,3.094039,172.44,3.009670
2026-07-22 12:44:59.766,42.801,195.21,3.406971,181.58,3.169204,80.24,1.400524,39.64,0.691825,177.28,3.094039,172.44,3.009670
2026-07-22 12:44:59.800,42.834,195.03,3.403903,181.58,3.169204,80.24,1.400524,39.64,0.691825,177.28,3.094039,172.44,3.009670
2026-07-22 12:44:59.832,42.868,195.03,3.403903,181.58,3.169204,80.24,1.400524,39.64,0.691825,177.28,3.094039,172.44,3.009670
2026-07-22 12:44:59.867,42.901,195.03,3.403903,181.58,3.169204,80.33,1.402058,39.64,0.691825,177.28,3.094039,172.44,3.009670
2026-07-22 12:44:59.900,42.934,195.03,3.403903,181.58,3.169204,80.68,1.408194,39.64,0.691825,177.19,3.092505,172.44,3.009670
2026-07-22 12:44:59.933,42.967,195.03,3.403903,181.41,3.166136,81.04,1.414330,39.64,0.691825,177.01,3.089437,172.44,3.009670
2026-07-22 12:44:59.967,43.000,195.03,3.403903,181.32,3.164602,81.12,1.415864,39.64,0.691825,177.01,3.089437,172.44,3.009670
2026-07-22 12:45:00.002,43.034,195.47,3.411573,181.14,3.161534,81.47,1.422000,39.64,0.691825,177.01,3.089437,172.44,3.009670
2026-07-22 12:45:00.033,43.067,195.56,3.413107,181.14,3.161534,82.71,1.443476,39.38,0.687223,177.01,3.089437,172.44,3.009670
2026-07-22 12:45:00.067,43.102,195.56,3.413107,181.14,3.161534,84.55,1.475690,38.94,0.679553,177.10,3.090971,172.44,3.009670
2026-07-22 12:45:00.099,43.134,195.56,3.413107,181.14,3.161534,86.40,1.507903,38.94,0.679553,177.19,3.092505,172.44,3.009670
2026-07-22 12:45:00.135,43.167,195.56,3.413107,181.14,3.161534,88.15,1.538583,38.85,0.678020,177.28,3.094039,172.44,3.009670
2026-07-22 12:45:00.168,43.201,195.47,3.411573,181.14,3.161534,89.91,1.569262,38.85,0.678020,177.28,3.094039,172.44,3.009670
2026-07-22 12:45:00.199,43.234,195.21,3.406971,181.14,3.161534,91.58,1.598408,38.23,0.667282,177.28,3.094039,172.44,3.009670
2026-07-22 12:45:00.234,43.268,195.21,3.406971,181.14,3.161534,92.99,1.622952,36.21,0.632000,177.28,3.094039,172.44,3.009670
2026-07-22 12:45:00.266,43.301,195.21,3.406971,181.14,3.161534,94.22,1.644427,33.13,0.578311,177.28,3.094039,172.44,3.009670
2026-07-22 12:45:00.300,43.334,195.21,3.406971,181.14,3.161534,95.45,1.665903,28.56,0.498544,177.28,3.094039,172.44,3.009670
2026-07-22 12:45:00.335,43.369,195.21,3.406971,181.14,3.161534,96.77,1.688913,23.47,0.409573,177.28,3.094039,172.44,3.009670
2026-07-22 12:45:00.368,43.401,195.47,3.411573,181.14,3.161534,97.91,1.708855,18.28,0.319068,177.28,3.094039,172.44,3.009670
2026-07-22 12:45:00.400,43.434,195.47,3.411573,181.14,3.161534,98.61,1.721126,13.71,0.239301,177.28,3.094039,172.44,3.009670
2026-07-22 12:45:00.435,43.467,195.47,3.411573,181.23,3.163068,99.05,1.728796,8.96,0.156466,177.28,3.094039,172.44,3.009670
2026-07-22 12:45:00.467,43.501,195.56,3.413107,181.23,3.163068,99.32,1.733398,4.39,0.076699,177.28,3.094039,172.44,3.009670
2026-07-22 12:45:00.500,43.534,195.56,3.413107,181.23,3.163068,99.32,1.733398,0.09,0.001534,177.28,3.094039,172.44,3.009670
2026-07-22 12:45:00.532,43.567,195.56,3.413107,181.23,3.163068,99.32,1.733398,356.22,6.217224,177.28,3.094039,172.44,3.009670
2026-07-22 12:45:00.566,43.601,195.56,3.413107,181.23,3.163068,99.40,1.734932,352.44,6.151263,177.28,3.094039,172.44,3.009670
2026-07-22 12:45:00.600,43.634,195.56,3.413107,181.23,3.163068,99.76,1.741068,348.57,6.083768,177.28,3.094039,172.44,3.009670
2026-07-22 12:45:00.633,43.668,195.64,3.414641,181.23,3.163068,99.93,1.744136,344.79,6.017807,177.28,3.094039,172.44,3.009670
2026-07-22 12:45:00.666,43.701,195.64,3.414641,181.14,3.161534,100.02,1.745670,341.19,5.954913,177.28,3.094039,172.44,3.009670
2026-07-22 12:45:00.699,43.734,195.64,3.414641,181.14,3.161534,100.02,1.745670,337.68,5.893554,177.28,3.094039,172.44,3.009670
2026-07-22 12:45:00.733,43.767,195.64,3.414641,181.14,3.161534,100.02,1.745670,334.25,5.833729,177.28,3.094039,172.44,3.009670
2026-07-22 12:45:00.767,43.801,195.64,3.414641,181.14,3.161534,100.02,1.745670,330.73,5.772370,177.28,3.094039,172.44,3.009670
2026-07-22 12:45:00.799,43.834,195.73,3.416175,181.14,3.161534,100.02,1.745670,327.30,5.712544,177.28,3.094039,172.44,3.009670
2026-07-22 12:45:00.834,43.868,196.26,3.425379,181.14,3.161534,100.02,1.745670,323.70,5.649651,177.28,3.094039,172.44,3.009670
2026-07-22 12:45:00.866,43.901,197.31,3.443787,181.05,3.160000,100.02,1.745670,320.10,5.586758,177.28,3.094039,172.44,3.009670
2026-07-22 12:45:00.900,43.934,198.46,3.463729,181.05,3.160000,100.02,1.745670,316.32,5.520797,177.28,3.094039,172.44,3.009670
2026-07-22 12:45:00.934,43.967,199.07,3.474466,181.05,3.160000,100.02,1.745670,312.28,5.450234,177.28,3.094039,172.44,3.009670
2026-07-22 12:45:00.968,44.001,199.69,3.485204,181.05,3.160000,100.02,1.745670,308.23,5.379671,177.28,3.094039,172.44,3.009670
2026-07-22 12:45:01.002,44.034,200.04,3.491340,181.05,3.160000,100.11,1.747204,303.93,5.304506,177.28,3.094039,172.44,3.009670
2026-07-22 12:45:01.035,44.069,200.39,3.497476,181.05,3.160000,100.20,1.748738,299.79,5.232408,177.28,3.094039,172.44,3.009670
2026-07-22 12:45:01.068,44.101,200.39,3.497476,181.05,3.160000,100.99,1.762544,296.02,5.166447,177.28,3.094039,172.44,3.009670
2026-07-22 12:45:01.100,44.134,200.39,3.497476,181.05,3.160000,102.04,1.780952,291.97,5.095884,177.28,3.094039,172.44,3.009670
2026-07-22 12:45:01.133,44.168,200.39,3.497476,181.05,3.160000,103.18,1.800893,287.23,5.013049,177.28,3.094039,172.44,3.009670
2026-07-22 12:45:01.166,44.201,200.39,3.497476,181.05,3.160000,104.33,1.820835,282.74,4.934816,177.28,3.094039,172.44,3.009670
2026-07-22 12:45:01.200,44.234,200.04,3.491340,181.05,3.160000,105.64,1.843845,278.35,4.858117,177.28,3.094039,172.44,3.009670
2026-07-22 12:45:01.235,44.267,199.95,3.489806,181.05,3.160000,107.05,1.868389,274.04,4.782952,177.28,3.094039,172.44,3.009670
2026-07-22 12:45:01.266,44.301,199.95,3.489806,181.05,3.160000,108.19,1.888330,269.82,4.709321,177.28,3.094039,172.44,3.009670
2026-07-22 12:45:01.300,44.334,199.95,3.489806,181.05,3.160000,109.25,1.906738,265.61,4.635690,177.28,3.094039,172.44,3.009670
2026-07-22 12:45:01.335,44.367,199.95,3.489806,181.05,3.160000,110.13,1.922078,261.65,4.566661,177.28,3.094039,172.44,3.009670
2026-07-22 12:45:01.367,44.401,199.95,3.489806,181.14,3.161534,110.83,1.934350,258.22,4.506836,177.28,3.094039,172.44,3.009670
2026-07-22 12:45:01.399,44.434,199.95,3.489806,181.14,3.161534,111.62,1.948156,254.79,4.447010,177.28,3.094039,172.44,3.009670
2026-07-22 12:45:01.433,44.468,199.95,3.489806,181.14,3.161534,112.50,1.963495,251.28,4.385651,177.28,3.094039,172.44,3.009670
2026-07-22 12:45:01.466,44.501,199.95,3.489806,181.14,3.161534,113.29,1.977301,247.50,4.319690,177.28,3.094039,172.44,3.009670
2026-07-22 12:45:01.500,44.534,200.13,3.492874,181.14,3.161534,114.17,1.992641,243.81,4.255263,177.28,3.094039,172.44,3.009670
2026-07-22 12:45:01.534,44.568,200.30,3.495942,181.14,3.161534,115.22,2.011049,239.77,4.184700,177.28,3.094039,172.44,3.009670
2026-07-22 12:45:01.566,44.601,200.39,3.497476,181.14,3.161534,116.19,2.027923,236.07,4.120272,177.28,3.094039,172.44,3.009670
2026-07-22 12:45:01.599,44.634,200.39,3.497476,181.14,3.161534,116.81,2.038660,232.12,4.051243,177.28,3.094039,172.44,3.009670
2026-07-22 12:45:01.633,44.667,200.39,3.497476,181.14,3.161534,117.42,2.049398,228.16,3.982214,177.28,3.094039,172.44,3.009670
2026-07-22 12:45:01.666,44.701,200.39,3.497476,181.14,3.161534,118.21,2.063204,224.30,3.914719,177.28,3.094039,172.44,3.009670
2026-07-22 12:45:01.699,44.734,200.39,3.497476,181.05,3.160000,118.74,2.072408,220.43,3.847224,177.28,3.094039,172.44,3.009670
2026-07-22 12:45:01.735,44.767,200.39,3.497476,181.05,3.160000,119.53,2.086214,216.74,3.782797,177.28,3.094039,172.44,3.009670
2026-07-22 12:45:01.769,44.801,200.39,3.497476,181.05,3.160000,120.41,2.101554,213.13,3.719903,177.28,3.094039,172.44,3.009670
2026-07-22 12:45:01.802,44.834,200.39,3.497476,181.05,3.160000,121.55,2.121495,209.62,3.658544,177.28,3.094039,172.44,3.009670
2026-07-22 12:45:01.835,44.868,200.39,3.497476,181.05,3.160000,122.70,2.141437,206.19,3.598719,177.28,3.094039,172.44,3.009670
2026-07-22 12:45:01.868,44.902,200.39,3.497476,181.05,3.160000,123.66,2.158311,202.85,3.540428,177.28,3.094039,172.44,3.009670
2026-07-22 12:45:01.899,44.934,200.39,3.497476,181.05,3.160000,124.54,2.173651,199.34,3.479068,177.28,3.094039,172.44,3.009670
2026-07-22 12:45:01.934,44.968,200.39,3.497476,181.14,3.161534,125.24,2.185923,195.29,3.408505,177.28,3.094039,172.44,3.009670
2026-07-22 12:45:01.968,45.001,200.39,3.497476,181.14,3.161534,125.77,2.195127,190.99,3.333340,177.28,3.094039,172.44,3.009670
2026-07-22 12:45:02.001,45.034,200.39,3.497476,181.14,3.161534,126.30,2.204330,187.03,3.264311,177.28,3.094039,172.44,3.009670
2026-07-22 12:45:02.033,45.067,200.39,3.497476,181.14,3.161534,126.83,2.213534,183.08,3.195282,177.28,3.094039,172.44,3.009670
2026-07-22 12:45:02.066,45.101,200.39,3.497476,181.14,3.161534,127.35,2.222738,179.30,3.129321,177.19,3.092505,172.44,3.009670
2026-07-22 12:45:02.099,45.134,200.39,3.497476,181.14,3.161534,128.06,2.235010,176.66,3.083301,177.10,3.090971,172.44,3.009670
2026-07-22 12:45:02.133,45.168,200.39,3.497476,181.23,3.163068,128.76,2.247282,176.13,3.074097,177.10,3.090971,172.44,3.009670
2026-07-22 12:45:02.166,45.201,200.39,3.497476,181.23,3.163068,129.55,2.261088,177.10,3.090971,177.10,3.090971,172.44,3.009670
2026-07-22 12:45:02.200,45.234,200.39,3.497476,181.23,3.163068,130.43,2.276427,177.71,3.101709,177.10,3.090971,172.44,3.009670
2026-07-22 12:45:02.233,45.268,200.39,3.497476,181.23,3.163068,131.40,2.293301,177.89,3.104777,177.10,3.090971,172.44,3.009670
2026-07-22 12:45:02.266,45.301,200.39,3.497476,181.23,3.163068,132.45,2.311709,177.89,3.104777,177.10,3.090971,172.44,3.009670
2026-07-22 12:45:02.299,45.334,200.39,3.497476,181.23,3.163068,133.42,2.328583,177.89,3.104777,177.10,3.090971,172.44,3.009670
2026-07-22 12:45:02.333,45.367,200.39,3.497476,181.23,3.163068,134.47,2.346991,177.89,3.104777,177.10,3.090971,172.44,3.009670
2026-07-22 12:45:02.366,45.401,200.39,3.497476,181.23,3.163068,135.35,2.362330,177.89,3.104777,177.10,3.090971,172.44,3.009670
2026-07-22 12:45:02.400,45.434,200.39,3.497476,181.23,3.163068,136.32,2.379204,177.89,3.104777,177.10,3.090971,172.44,3.009670
2026-07-22 12:45:02.432,45.467,200.39,3.497476,181.23,3.163068,137.37,2.397612,177.89,3.104777,177.10,3.090971,172.44,3.009670
2026-07-22 12:45:02.466,45.501,200.39,3.497476,181.23,3.163068,138.52,2.417554,177.89,3.104777,177.10,3.090971,172.44,3.009670
2026-07-22 12:45:02.499,45.534,200.39,3.497476,181.23,3.163068,139.92,2.442097,177.89,3.104777,177.10,3.090971,172.44,3.009670
2026-07-22 12:45:02.534,45.568,200.39,3.497476,181.23,3.163068,141.68,2.472777,177.89,3.104777,177.10,3.090971,172.44,3.009670
2026-07-22 12:45:02.566,45.601,200.39,3.497476,181.23,3.163068,143.70,2.508059,177.89,3.104777,177.10,3.090971,172.44,3.009670
2026-07-22 12:45:02.602,45.634,200.39,3.497476,181.23,3.163068,145.81,2.544874,177.89,3.104777,177.10,3.090971,172.44,3.009670
2026-07-22 12:45:02.635,45.667,200.39,3.497476,181.23,3.163068,148.27,2.587826,177.89,3.104777,177.10,3.090971,172.44,3.009670
2026-07-22 12:45:02.668,45.702,200.39,3.497476,181.23,3.163068,150.38,2.624641,177.89,3.104777,177.10,3.090971,172.44,3.009670
2026-07-22 12:45:02.701,45.734,200.39,3.497476,181.23,3.163068,152.31,2.658389,177.89,3.104777,177.10,3.090971,172.44,3.009670
2026-07-22 12:45:02.733,45.768,200.39,3.497476,181.23,3.163068,154.07,2.689068,177.89,3.104777,177.10,3.090971,172.44,3.009670
2026-07-22 12:45:02.767,45.801,200.39,3.497476,181.23,3.163068,155.48,2.713612,177.89,3.104777,177.10,3.090971,172.44,3.009670
2026-07-22 12:45:02.799,45.834,200.39,3.497476,181.23,3.163068,156.80,2.736622,177.89,3.104777,177.10,3.090971,172.44,3.009670
2026-07-22 12:45:02.836,45.868,200.39,3.497476,181.23,3.163068,158.12,2.759631,177.89,3.104777,177.10,3.090971,172.44,3.009670
2026-07-22 12:45:02.866,45.901,200.39,3.497476,181.14,3.161534,159.26,2.779573,177.89,3.104777,177.10,3.090971,172.44,3.009670
2026-07-22 12:45:02.899,45.934,200.39,3.497476,181.14,3.161534,160.49,2.801049,177.89,3.104777,177.10,3.090971,172.44,3.009670
2026-07-22 12:45:02.932,45.967,200.39,3.497476,181.14,3.161534,161.63,2.820991,177.89,3.104777,177.10,3.090971,172.44,3.009670
2026-07-22 12:45:02.966,46.001,200.39,3.497476,181.14,3.161534,162.95,2.844000,177.89,3.104777,177.01,3.089437,172.44,3.009670
2026-07-22 12:45:03.000,46.034,200.39,3.497476,181.14,3.161534,164.36,2.868544,177.89,3.104777,177.01,3.089437,172.44,3.009670
2026-07-22 12:45:03.033,46.068,200.39,3.497476,181.14,3.161534,165.85,2.894622,177.89,3.104777,177.01,3.089437,172.44,3.009670
2026-07-22 12:45:03.066,46.101,200.39,3.497476,181.14,3.161534,167.43,2.922233,177.89,3.104777,177.01,3.089437,172.44,3.009670
2026-07-22 12:45:03.100,46.134,200.39,3.497476,181.14,3.161534,169.19,2.952913,177.89,3.104777,177.01,3.089437,172.44,3.009670
2026-07-22 12:45:03.132,46.167,200.48,3.499010,181.14,3.161534,170.95,2.983593,177.89,3.104777,177.01,3.089437,172.44,3.009670
2026-07-22 12:45:03.167,46.201,200.48,3.499010,181.05,3.160000,172.44,3.009670,177.89,3.104777,177.01,3.089437,172.44,3.009670
2026-07-22 12:45:03.200,46.234,200.48,3.499010,181.05,3.160000,173.14,3.021942,177.89,3.104777,177.01,3.089437,172.44,3.009670
2026-07-22 12:45:03.233,46.268,200.48,3.499010,181.05,3.160000,173.50,3.028078,177.89,3.104777,177.01,3.089437,172.44,3.009670
2026-07-22 12:45:03.266,46.301,200.57,3.500544,181.05,3.160000,173.41,3.026544,177.89,3.104777,177.01,3.089437,172.44,3.009670
2026-07-22 12:45:03.300,46.334,200.57,3.500544,181.05,3.160000,173.50,3.028078,177.89,3.104777,177.01,3.089437,172.44,3.009670
2026-07-22 12:45:03.334,46.368,200.57,3.500544,181.05,3.160000,173.94,3.035748,177.89,3.104777,177.01,3.089437,172.44,3.009670
2026-07-22 12:45:03.368,46.401,200.57,3.500544,181.05,3.160000,174.20,3.040350,177.89,3.104777,177.01,3.089437,172.44,3.009670
2026-07-22 12:45:03.401,46.434,200.57,3.500544,181.05,3.160000,174.38,3.043418,177.89,3.104777,177.01,3.089437,172.44,3.009670
2026-07-22 12:45:03.434,46.467,200.57,3.500544,181.05,3.160000,174.38,3.043418,177.89,3.104777,177.01,3.089437,172.44,3.009670
2026-07-22 12:45:03.469,46.502,200.57,3.500544,181.05,3.160000,174.73,3.049554,177.89,3.104777,177.01,3.089437,172.44,3.009670
2026-07-22 12:45:03.500,46.534,200.57,3.500544,181.05,3.160000,175.52,3.063360,177.89,3.104777,177.01,3.089437,172.44,3.009670
2026-07-22 12:45:03.534,46.568,200.57,3.500544,181.05,3.160000,176.48,3.080233,177.89,3.104777,177.01,3.089437,172.44,3.009670
2026-07-22 12:45:03.569,46.601,200.57,3.500544,181.05,3.160000,177.89,3.104777,177.89,3.104777,177.01,3.089437,172.44,3.009670
2026-07-22 12:45:03.602,46.634,200.57,3.500544,181.05,3.160000,179.38,3.130855,177.89,3.104777,177.01,3.089437,172.44,3.009670
2026-07-22 12:45:03.634,46.667,200.57,3.500544,181.05,3.160000,180.35,3.147729,177.89,3.104777,177.01,3.089437,172.44,3.009670
2026-07-22 12:45:03.667,46.702,200.57,3.500544,181.05,3.160000,180.70,3.153864,177.89,3.104777,177.01,3.089437,172.44,3.009670
2026-07-22 12:45:03.699,46.734,200.57,3.500544,181.05,3.160000,180.53,3.150797,177.89,3.104777,177.01,3.089437,172.44,3.009670
2026-07-22 12:45:03.733,46.768,200.57,3.500544,181.05,3.160000,180.53,3.150797,177.89,3.104777,177.01,3.089437,172.44,3.009670
2026-07-22 12:45:03.766,46.801,200.57,3.500544,181.05,3.160000,180.53,3.150797,177.89,3.104777,177.01,3.089437,172.44,3.009670
2026-07-22 12:45:03.799,46.834,200.57,3.500544,181.05,3.160000,180.53,3.150797,177.89,3.104777,177.01,3.089437,172.44,3.009670
2026-07-22 12:45:03.833,46.867,200.57,3.500544,181.05,3.160000,180.53,3.150797,177.89,3.104777,177.01,3.089437,172.44,3.009670
2026-07-22 12:45:03.866,46.901,200.57,3.500544,181.05,3.160000,180.53,3.150797,177.89,3.104777,177.01,3.089437,172.44,3.009670
2026-07-22 12:45:03.899,46.934,200.57,3.500544,181.05,3.160000,180.53,3.150797,177.89,3.104777,177.01,3.089437,172.44,3.009670
2026-07-22 12:45:03.933,46.968,200.57,3.500544,181.05,3.160000,180.53,3.150797,177.89,3.104777,177.01,3.089437,172.44,3.009670
2026-07-22 12:45:03.966,47.001,200.57,3.500544,181.05,3.160000,180.53,3.150797,177.89,3.104777,177.01,3.089437,172.44,3.009670
2026-07-22 12:45:04.000,47.034,200.57,3.500544,181.05,3.160000,180.53,3.150797,177.89,3.104777,177.01,3.089437,172.44,3.009670
2026-07-22 12:45:04.032,47.067,200.48,3.499010,181.05,3.160000,180.53,3.150797,177.89,3.104777,177.01,3.089437,172.44,3.009670
2026-07-22 12:45:04.065,47.101,200.48,3.499010,181.05,3.160000,180.53,3.150797,177.89,3.104777,177.01,3.089437,172.44,3.009670
2026-07-22 12:45:04.101,47.134,200.48,3.499010,181.05,3.160000,180.53,3.150797,177.89,3.104777,177.01,3.089437,172.44,3.009670
2026-07-22 12:45:04.132,47.168,200.48,3.499010,181.05,3.160000,180.53,3.150797,177.89,3.104777,177.01,3.089437,172.44,3.009670
2026-07-22 12:45:04.166,47.201,200.48,3.499010,181.05,3.160000,180.53,3.150797,177.89,3.104777,177.01,3.089437,172.44,3.009670
2026-07-22 12:45:04.201,47.234,200.48,3.499010,181.05,3.160000,180.53,3.150797,177.89,3.104777,177.01,3.089437,172.44,3.009670
2026-07-22 12:45:04.235,47.268,200.48,3.499010,181.05,3.160000,180.53,3.150797,177.89,3.104777,177.01,3.089437,172.44,3.009670
2026-07-22 12:45:04.267,47.302,200.48,3.499010,181.05,3.160000,180.53,3.150797,177.89,3.104777,177.01,3.089437,172.44,3.009670
2026-07-22 12:45:04.301,47.334,200.48,3.499010,181.14,3.161534,180.53,3.150797,177.89,3.104777,177.01,3.089437,172.44,3.009670
2026-07-22 12:45:04.333,47.367,200.48,3.499010,181.14,3.161534,180.53,3.150797,177.89,3.104777,177.01,3.089437,172.44,3.009670
2026-07-22 12:45:04.367,47.402,200.48,3.499010,181.14,3.161534,180.53,3.150797,177.89,3.104777,177.01,3.089437,172.44,3.009670
2026-07-22 12:45:04.399,47.434,200.48,3.499010,181.14,3.161534,180.53,3.150797,177.89,3.104777,177.01,3.089437,172.44,3.009670
2026-07-22 12:45:04.433,47.468,200.48,3.499010,181.05,3.160000,180.53,3.150797,177.89,3.104777,177.01,3.089437,172.44,3.009670
2026-07-22 12:45:04.466,47.501,200.48,3.499010,181.05,3.160000,180.53,3.150797,177.89,3.104777,177.01,3.089437,172.44,3.009670
2026-07-22 12:45:04.499,47.534,200.48,3.499010,181.05,3.160000,180.53,3.150797,177.89,3.104777,177.01,3.089437,172.44,3.009670
2026-07-22 12:45:04.533,47.567,200.48,3.499010,181.05,3.160000,180.53,3.150797,177.89,3.104777,177.01,3.089437,172.44,3.009670
2026-07-22 12:45:04.566,47.601,200.39,3.497476,181.05,3.160000,180.53,3.150797,177.89,3.104777,177.01,3.089437,172.44,3.009670
2026-07-22 12:45:04.599,47.634,200.39,3.497476,181.05,3.160000,180.53,3.150797,177.89,3.104777,177.01,3.089437,172.44,3.009670
2026-07-22 12:45:04.633,47.667,200.39,3.497476,181.05,3.160000,180.53,3.150797,177.89,3.104777,177.01,3.089437,172.44,3.009670
2026-07-22 12:45:04.666,47.701,200.39,3.497476,181.14,3.161534,180.53,3.150797,177.89,3.104777,177.01,3.089437,172.44,3.009670
2026-07-22 12:45:04.699,47.734,200.39,3.497476,181.14,3.161534,180.53,3.150797,177.89,3.104777,177.01,3.089437,172.44,3.009670
2026-07-22 12:45:04.733,47.768,200.39,3.497476,181.14,3.161534,180.53,3.150797,177.89,3.104777,177.01,3.089437,172.44,3.009670
2026-07-22 12:45:04.766,47.801,200.39,3.497476,181.14,3.161534,180.53,3.150797,177.89,3.104777,177.01,3.089437,172.44,3.009670
2026-07-22 12:45:04.800,47.834,200.39,3.497476,181.14,3.161534,180.53,3.150797,177.89,3.104777,177.01,3.089437,172.44,3.009670
2026-07-22 12:45:04.833,47.868,200.39,3.497476,181.14,3.161534,180.18,3.144661,177.89,3.104777,177.01,3.089437,172.44,3.009670
2026-07-22 12:45:04.866,47.901,200.39,3.497476,181.23,3.163068,179.82,3.138525,177.89,3.104777,177.01,3.089437,172.44,3.009670
2026-07-22 12:45:04.899,47.934,200.39,3.497476,181.32,3.164602,179.12,3.126253,177.89,3.104777,177.01,3.089437,172.44,3.009670
2026-07-22 12:45:04.933,47.967,200.39,3.497476,181.32,3.164602,177.80,3.103243,177.89,3.104777,177.01,3.089437,172.44,3.009670
2026-07-22 12:45:04.969,48.001,200.39,3.497476,181.32,3.164602,175.87,3.069496,177.89,3.104777,177.01,3.089437,172.44,3.009670
2026-07-22 12:45:04.999,48.034,200.13,3.492874,181.41,3.166136,173.58,3.029612,177.89,3.104777,177.01,3.089437,172.44,3.009670
2026-07-22 12:45:05.035,48.067,200.04,3.491340,181.58,3.169204,171.12,2.986661,177.89,3.104777,177.01,3.089437,172.44,3.009670
2026-07-22 12:45:05.068,48.102,200.04,3.491340,181.67,3.170738,169.01,2.949845,177.89,3.104777,177.01,3.089437,172.44,3.009670
2026-07-22 12:45:05.101,48.134,200.13,3.492874,181.85,3.173806,167.08,2.916097,177.89,3.104777,177.01,3.089437,172.44,3.009670
2026-07-22 12:45:05.134,48.168,200.30,3.495942,182.37,3.183010,166.11,2.899224,177.89,3.104777,177.01,3.089437,172.44,3.009670
2026-07-22 12:45:05.167,48.201,200.30,3.495942,183.34,3.199884,165.59,2.890020,177.89,3.104777,177.01,3.089437,172.44,3.009670
2026-07-22 12:45:05.202,48.234,200.39,3.497476,184.48,3.219826,165.50,2.888486,177.89,3.104777,177.01,3.089437,172.44,3.009670
2026-07-22 12:45:05.236,48.268,200.39,3.497476,186.06,3.247437,165.50,2.888486,177.89,3.104777,177.01,3.089437,172.44,3.009670
2026-07-22 12:45:05.267,48.301,200.39,3.497476,187.47,3.271981,165.50,2.888486,177.89,3.104777,177.01,3.089437,172.44,3.009670
2026-07-22 12:45:05.301,48.335,200.39,3.497476,189.14,3.301127,165.50,2.888486,177.89,3.104777,177.01,3.089437,172.44,3.009670
2026-07-22 12:45:05.333,48.367,200.39,3.497476,190.63,3.327204,165.50,2.888486,177.89,3.104777,177.01,3.089437,172.44,3.009670
2026-07-22 12:45:05.367,48.401,200.48,3.499010,192.22,3.354816,165.50,2.888486,177.89,3.104777,177.01,3.089437,172.44,3.009670
2026-07-22 12:45:05.400,48.434,200.48,3.499010,193.62,3.379360,165.41,2.886952,177.89,3.104777,177.01,3.089437,172.44,3.009670
2026-07-22 12:45:05.433,48.468,200.57,3.500544,195.03,3.403903,165.06,2.880816,177.89,3.104777,177.01,3.089437,172.44,3.009670
2026-07-22 12:45:05.466,48.501,200.57,3.500544,196.35,3.426913,164.79,2.876214,177.89,3.104777,177.01,3.089437,172.44,3.009670
2026-07-22 12:45:05.500,48.534,200.57,3.500544,197.58,3.448389,164.71,2.874680,177.89,3.104777,177.01,3.089437,172.44,3.009670
2026-07-22 12:45:05.533,48.567,200.57,3.500544,198.54,3.465263,164.71,2.874680,177.89,3.104777,177.01,3.089437,172.44,3.009670
2026-07-22 12:45:05.567,48.601,200.57,3.500544,199.34,3.479068,164.71,2.874680,177.89,3.104777,177.01,3.089437,172.44,3.009670
2026-07-22 12:45:05.599,48.634,200.57,3.500544,199.95,3.489806,164.79,2.876214,177.89,3.104777,177.01,3.089437,172.44,3.009670
2026-07-22 12:45:05.633,48.668,200.57,3.500544,200.48,3.499010,165.06,2.880816,177.89,3.104777,177.01,3.089437,172.44,3.009670
2026-07-22 12:45:05.667,48.701,200.57,3.500544,200.83,3.505146,165.41,2.886952,177.89,3.104777,177.01,3.089437,172.44,3.009670
2026-07-22 12:45:05.699,48.734,200.57,3.500544,200.92,3.506680,165.50,2.888486,177.89,3.104777,177.01,3.089437,172.44,3.009670
2026-07-22 12:45:05.735,48.767,200.57,3.500544,200.92,3.506680,165.50,2.888486,177.89,3.104777,177.01,3.089437,172.44,3.009670
2026-07-22 12:45:05.769,48.801,200.48,3.499010,200.92,3.506680,165.50,2.888486,177.89,3.104777,177.01,3.089437,172.44,3.009670
2026-07-22 12:45:05.803,48.834,200.48,3.499010,200.92,3.506680,165.50,2.888486,177.89,3.104777,177.01,3.089437,172.44,3.009670
2026-07-22 12:45:05.835,48.868,200.48,3.499010,200.92,3.506680,165.59,2.890020,177.89,3.104777,177.01,3.089437,172.44,3.009670
2026-07-22 12:45:05.867,48.901,200.48,3.499010,200.92,3.506680,165.59,2.890020,177.89,3.104777,177.01,3.089437,172.44,3.009670
2026-07-22 12:45:05.902,48.935,200.48,3.499010,200.92,3.506680,165.59,2.890020,177.89,3.104777,177.01,3.089437,172.44,3.009670
2026-07-22 12:45:05.934,48.967,200.48,3.499010,200.83,3.505146,165.59,2.890020,177.89,3.104777,177.01,3.089437,172.44,3.009670
2026-07-22 12:45:05.967,49.001,200.39,3.497476,200.83,3.505146,165.59,2.890020,177.89,3.104777,177.01,3.089437,172.44,3.009670
2026-07-22 12:45:05.999,49.034,200.39,3.497476,200.65,3.502078,165.59,2.890020,177.89,3.104777,177.01,3.089437,172.44,3.009670
2026-07-22 12:45:06.034,49.068,200.30,3.495942,199.95,3.489806,165.59,2.890020,177.89,3.104777,177.01,3.089437,172.44,3.009670
2026-07-22 12:45:06.067,49.101,200.21,3.494408,198.81,3.469865,165.67,2.891554,177.89,3.104777,177.01,3.089437,172.44,3.009670
2026-07-22 12:45:06.100,49.134,200.21,3.494408,197.31,3.443787,165.67,2.891554,177.89,3.104777,177.01,3.089437,172.44,3.009670
2026-07-22 12:45:06.133,49.168,200.21,3.494408,195.82,3.417709,165.85,2.894622,177.89,3.104777,177.01,3.089437,172.44,3.009670
2026-07-22 12:45:06.166,49.201,200.30,3.495942,194.24,3.390098,166.73,2.909962,177.89,3.104777,177.01,3.089437,172.44,3.009670
2026-07-22 12:45:06.200,49.234,200.30,3.495942,192.74,3.364020,168.31,2.937573,177.89,3.104777,177.01,3.089437,172.44,3.009670
2026-07-22 12:45:06.234,49.268,200.39,3.497476,191.25,3.337942,170.77,2.980525,177.89,3.104777,177.01,3.089437,172.44,3.009670
2026-07-22 12:45:06.267,49.301,200.39,3.497476,189.84,3.313399,173.67,3.031146,177.89,3.104777,177.01,3.089437,172.44,3.009670
2026-07-22 12:45:06.300,49.334,200.39,3.497476,188.44,3.288855,176.84,3.086369,177.89,3.104777,177.01,3.089437,172.44,3.009670
2026-07-22 12:45:06.333,49.367,200.39,3.497476,187.12,3.265845,179.74,3.136991,177.89,3.104777,177.01,3.089437,172.44,3.009670
2026-07-22 12:45:06.368,49.401,200.48,3.499010,185.80,3.242835,181.32,3.164602,177.89,3.104777,177.01,3.089437,172.44,3.009670
2026-07-22 12:45:06.400,49.434,200.48,3.499010,184.66,3.222894,180.97,3.158466,177.89,3.104777,177.01,3.089437,172.44,3.009670
2026-07-22 12:45:06.434,49.467,200.48,3.499010,183.60,3.204486,180.44,3.149263,177.89,3.104777,177.01,3.089437,172.44,3.009670
2026-07-22 12:45:06.467,49.501,200.48,3.499010,182.64,3.187612,180.09,3.143127,177.89,3.104777,177.01,3.089437,172.44,3.009670
2026-07-22 12:45:06.499,49.534,200.48,3.499010,181.93,3.175340,180.26,3.146195,177.89,3.104777,177.01,3.089437,172.44,3.009670
2026-07-22 12:45:06.534,49.567,200.48,3.499010,181.67,3.170738,180.26,3.146195,177.89,3.104777,177.01,3.089437,172.44,3.009670
2026-07-22 12:45:06.568,49.601,200.48,3.499010,181.23,3.163068,180.26,3.146195,177.89,3.104777,177.01,3.089437,172.44,3.009670
2026-07-22 12:45:06.602,49.634,200.48,3.499010,180.97,3.158466,180.26,3.146195,177.89,3.104777,177.01,3.089437,172.44,3.009670
2026-07-22 12:45:06.633,49.667,200.48,3.499010,180.88,3.156932,180.26,3.146195,177.89,3.104777,177.01,3.089437,172.44,3.009670
2026-07-22 12:45:06.668,49.701,200.48,3.499010,180.88,3.156932,180.26,3.146195,177.89,3.104777,177.01,3.089437,172.44,3.009670
2026-07-22 12:45:06.701,49.734,200.48,3.499010,180.88,3.156932,180.26,3.146195,177.89,3.104777,177.01,3.089437,172.44,3.009670
2026-07-22 12:45:06.733,49.768,200.48,3.499010,180.88,3.156932,180.26,3.146195,177.89,3.104777,177.01,3.089437,172.44,3.009670
2026-07-22 12:45:06.768,49.801,200.48,3.499010,180.88,3.156932,180.26,3.146195,177.89,3.104777,177.01,3.089437,172.44,3.009670
2026-07-22 12:45:06.800,49.834,200.48,3.499010,180.88,3.156932,180.26,3.146195,177.89,3.104777,177.01,3.089437,172.44,3.009670
2026-07-22 12:45:06.834,49.868,200.21,3.494408,180.88,3.156932,180.26,3.146195,177.89,3.104777,177.01,3.089437,172.44,3.009670
2026-07-22 12:45:06.867,49.901,200.04,3.491340,180.88,3.156932,180.26,3.146195,177.89,3.104777,177.01,3.089437,172.44,3.009670
2026-07-22 12:45:06.900,49.934,200.04,3.491340,180.88,3.156932,180.26,3.146195,177.89,3.104777,177.01,3.089437,172.44,3.009670
2026-07-22 12:45:06.933,49.967,199.95,3.489806,180.88,3.156932,180.26,3.146195,177.89,3.104777,177.01,3.089437,172.44,3.009670
2026-07-22 12:45:06.966,50.001,199.95,3.489806,180.88,3.156932,180.26,3.146195,177.89,3.104777,177.01,3.089437,172.44,3.009670
2026-07-22 12:45:07.000,50.034,199.95,3.489806,180.88,3.156932,180.26,3.146195,177.89,3.104777,177.01,3.089437,172.44,3.009670
2026-07-22 12:45:07.033,50.067,199.86,3.488272,180.88,3.156932,180.26,3.146195,177.89,3.104777,177.01,3.089437,172.44,3.009670
2026-07-22 12:45:07.066,50.101,199.69,3.485204,180.88,3.156932,180.26,3.146195,177.89,3.104777,177.01,3.089437,172.44,3.009670
2026-07-22 12:45:07.100,50.135,198.98,3.472933,180.88,3.156932,180.26,3.146195,177.89,3.104777,177.01,3.089437,172.44,3.009670
2026-07-22 12:45:07.132,50.167,197.31,3.443787,180.88,3.156932,180.26,3.146195,177.89,3.104777,177.01,3.089437,172.44,3.009670
2026-07-22 12:45:07.166,50.201,195.03,3.403903,180.88,3.156932,180.26,3.146195,177.89,3.104777,177.01,3.089437,172.44,3.009670
2026-07-22 12:45:07.200,50.234,192.39,3.357884,180.88,3.156932,180.26,3.146195,177.89,3.104777,177.01,3.089437,172.44,3.009670
2026-07-22 12:45:07.233,50.267,189.40,3.305729,180.88,3.156932,180.26,3.146195,177.89,3.104777,177.01,3.089437,172.44,3.009670
2026-07-22 12:45:07.268,50.301,186.24,3.250505,180.88,3.156932,180.26,3.146195,177.89,3.104777,177.01,3.089437,172.44,3.009670
2026-07-22 12:45:07.300,50.334,183.08,3.195282,180.79,3.155398,180.26,3.146195,177.89,3.104777,177.01,3.089437,172.44,3.009670
2026-07-22 12:45:07.334,50.367,180.09,3.143127,180.70,3.153864,180.26,3.146195,177.89,3.104777,177.01,3.089437,172.44,3.009670
2026-07-22 12:45:07.369,50.401,177.54,3.098641,180.53,3.150797,180.26,3.146195,177.89,3.104777,177.01,3.089437,172.44,3.009670
2026-07-22 12:45:07.401,50.434,175.52,3.063360,180.53,3.150797,180.26,3.146195,177.89,3.104777,177.01,3.089437,172.44,3.009670
2026-07-22 12:45:07.435,50.468,173.85,3.034214,180.53,3.150797,180.26,3.146195,177.89,3.104777,177.01,3.089437,172.44,3.009670
2026-07-22 12:45:07.468,50.501,173.14,3.021942,180.53,3.150797,180.26,3.146195,177.89,3.104777,177.01,3.089437,172.44,3.009670
2026-07-22 12:45:07.500,50.534,173.14,3.021942,180.53,3.150797,180.26,3.146195,177.89,3.104777,177.01,3.089437,172.44,3.009670
2026-07-22 12:45:07.534,50.568,173.14,3.021942,180.53,3.150797,180.26,3.146195,177.89,3.104777,177.01,3.089437,172.44,3.009670
2026-07-22 12:45:07.567,50.601,173.14,3.021942,180.53,3.150797,180.26,3.146195,177.89,3.104777,177.01,3.089437,172.44,3.009670
2026-07-22 12:45:07.599,50.634,173.23,3.023476,180.53,3.150797,180.26,3.146195,177.89,3.104777,177.01,3.089437,172.44,3.009670
2026-07-22 12:45:07.635,50.668,173.32,3.025010,180.53,3.150797,180.26,3.146195,177.89,3.104777,177.01,3.089437,172.44,3.009670
2026-07-22 12:45:07.666,50.701,173.76,3.032680,180.44,3.149263,180.26,3.146195,177.89,3.104777,177.01,3.089437,172.44,3.009670
2026-07-22 12:45:07.699,50.734,175.17,3.057224,180.44,3.149263,180.26,3.146195,177.89,3.104777,177.01,3.089437,172.44,3.009670
2026-07-22 12:45:07.733,50.768,177.28,3.094039,180.44,3.149263,180.26,3.146195,177.89,3.104777,177.01,3.089437,172.44,3.009670
2026-07-22 12:45:07.766,50.801,180.09,3.143127,180.44,3.149263,180.26,3.146195,177.89,3.104777,177.01,3.089437,172.44,3.009670
2026-07-22 12:45:07.802,50.834,183.16,3.196816,180.53,3.150797,180.26,3.146195,177.89,3.104777,177.01,3.089437,172.44,3.009670
2026-07-22 12:45:07.833,50.867,186.33,3.252039,180.62,3.152331,180.26,3.146195,177.89,3.104777,177.01,3.089437,172.44,3.009670
2026-07-22 12:45:07.865,50.900,189.49,3.307263,180.70,3.153864,180.26,3.146195,177.89,3.104777,177.01,3.089437,172.44,3.009670
2026-07-22 12:45:07.900,50.934,191.95,3.350214,180.70,3.153864,180.26,3.146195,177.89,3.104777,177.01,3.089437,172.44,3.009670
2026-07-22 12:45:07.933,50.967,194.15,3.388564,180.70,3.153864,180.26,3.146195,177.89,3.104777,177.01,3.089437,172.44,3.009670
2026-07-22 12:45:07.966,51.001,195.73,3.416175,180.70,3.153864,180.26,3.146195,177.89,3.104777,177.01,3.089437,172.44,3.009670
2026-07-22 12:45:07.999,51.034,197.05,3.439185,180.70,3.153864,180.26,3.146195,177.89,3.104777,177.01,3.089437,172.44,3.009670
2026-07-22 12:45:08.032,51.067,197.93,3.454525,180.70,3.153864,180.26,3.146195,177.89,3.104777,177.01,3.089437,172.44,3.009670
2026-07-22 12:45:08.067,51.101,198.37,3.462195,180.70,3.153864,180.26,3.146195,177.89,3.104777,177.01,3.089437,172.44,3.009670
2026-07-22 12:45:08.099,51.134,198.46,3.463729,180.70,3.153864,180.26,3.146195,177.89,3.104777,177.01,3.089437,172.44,3.009670
2026-07-22 12:45:08.136,51.168,198.46,3.463729,180.79,3.155398,180.26,3.146195,177.89,3.104777,177.01,3.089437,172.44,3.009670
2026-07-22 12:45:08.167,51.201,198.72,3.468331,180.88,3.156932,180.26,3.146195,177.89,3.104777,177.01,3.089437,172.44,3.009670
2026-07-22 12:45:08.200,51.235,198.81,3.469865,181.32,3.164602,180.26,3.146195,177.89,3.104777,177.01,3.089437,172.44,3.009670
2026-07-22 12:45:08.234,51.267,198.90,3.471399,182.20,3.179942,180.26,3.146195,177.89,3.104777,177.01,3.089437,172.44,3.009670
2026-07-22 12:45:08.267,51.301,198.98,3.472933,183.78,3.207554,180.35,3.147729,177.89,3.104777,177.01,3.089437,172.44,3.009670
2026-07-22 12:45:08.299,51.334,198.98,3.472933,185.98,3.245903,180.35,3.147729,177.89,3.104777,177.01,3.089437,172.44,3.009670
2026-07-22 12:45:08.333,51.368,198.98,3.472933,188.70,3.293457,180.53,3.150797,177.89,3.104777,177.01,3.089437,172.44,3.009670
2026-07-22 12:45:08.366,51.401,198.98,3.472933,192.04,3.351748,180.97,3.158466,177.89,3.104777,177.01,3.089437,172.44,3.009670
2026-07-22 12:45:08.399,51.434,198.98,3.472933,195.47,3.411573,180.97,3.158466,177.89,3.104777,177.01,3.089437,172.44,3.009670
2026-07-22 12:45:08.433,51.468,198.98,3.472933,199.16,3.476000,180.97,3.158466,177.89,3.104777,177.01,3.089437,172.44,3.009670
2026-07-22 12:45:08.466,51.501,198.98,3.472933,202.85,3.540428,180.97,3.158466,177.89,3.104777,177.01,3.089437,172.44,3.009670
2026-07-22 12:45:08.500,51.534,198.98,3.472933,206.54,3.604855,180.97,3.158466,177.89,3.104777,177.01,3.089437,172.44,3.009670
2026-07-22 12:45:08.533,51.568,198.98,3.472933,210.06,3.666214,180.97,3.158466,177.89,3.104777,177.01,3.089437,172.44,3.009670
2026-07-22 12:45:08.566,51.601,198.98,3.472933,213.49,3.726039,180.88,3.156932,178.07,3.107845,177.01,3.089437,172.44,3.009670
2026-07-22 12:45:08.599,51.634,198.98,3.472933,216.74,3.782797,180.79,3.155398,178.24,3.110913,177.01,3.089437,172.44,3.009670
2026-07-22 12:45:08.633,51.668,198.90,3.471399,219.90,3.838020,180.70,3.153864,178.24,3.110913,177.01,3.089437,172.44,3.009670
2026-07-22 12:45:08.666,51.701,198.90,3.471399,222.80,3.888641,180.62,3.152331,178.33,3.112447,177.01,3.089437,172.44,3.009670
2026-07-22 12:45:08.700,51.734,198.72,3.468331,225.70,3.939263,180.62,3.152331,178.33,3.112447,177.01,3.089437,172.44,3.009670
2026-07-22 12:45:08.733,51.768,198.54,3.465263,228.34,3.985282,180.26,3.146195,178.33,3.112447,177.01,3.089437,172.44,3.009670
2026-07-22 12:45:08.766,51.801,198.46,3.463729,230.80,4.028234,180.09,3.143127,178.33,3.112447,177.01,3.089437,172.44,3.009670
2026-07-22 12:45:08.799,51.834,198.46,3.463729,233.26,4.071185,180.00,3.141593,178.33,3.112447,177.01,3.089437,172.44,3.009670
2026-07-22 12:45:08.833,51.868,198.46,3.463729,235.55,4.111069,180.00,3.141593,178.33,3.112447,177.01,3.089437,172.44,3.009670
2026-07-22 12:45:08.866,51.900,198.46,3.463729,237.57,4.146350,179.91,3.140059,178.33,3.112447,177.01,3.089437,172.44,3.009670
2026-07-22 12:45:08.900,51.934,198.46,3.463729,239.33,4.177030,179.91,3.140059,178.33,3.112447,177.01,3.089437,172.44,3.009670
2026-07-22 12:45:08.933,51.967,198.46,3.463729,240.82,4.203107,179.82,3.138525,178.33,3.112447,177.01,3.089437,172.44,3.009670
2026-07-22 12:45:08.967,52.001,198.46,3.463729,242.23,4.227651,179.82,3.138525,178.33,3.112447,177.01,3.089437,172.44,3.009670
2026-07-22 12:45:08.999,52.034,198.46,3.463729,243.54,4.250661,179.82,3.138525,178.33,3.112447,177.01,3.089437,172.44,3.009670
2026-07-22 12:45:09.036,52.067,198.46,3.463729,244.69,4.270603,179.82,3.138525,178.33,3.112447,177.01,3.089437,172.44,3.009670
2026-07-22 12:45:09.068,52.101,198.46,3.463729,245.57,4.285942,179.82,3.138525,178.33,3.112447,177.01,3.089437,172.44,3.009670
2026-07-22 12:45:09.099,52.134,198.46,3.463729,246.18,4.296680,179.82,3.138525,178.33,3.112447,177.01,3.089437,172.44,3.009670
2026-07-22 12:45:09.134,52.167,198.46,3.463729,246.53,4.302816,179.82,3.138525,178.33,3.112447,177.01,3.089437,172.44,3.009670
2026-07-22 12:45:09.167,52.201,198.46,3.463729,246.62,4.304350,179.82,3.138525,178.33,3.112447,177.01,3.089437,172.44,3.009670
2026-07-22 12:45:09.201,52.234,198.46,3.463729,246.62,4.304350,179.82,3.138525,178.33,3.112447,177.01,3.089437,172.44,3.009670
2026-07-22 12:45:09.234,52.267,198.46,3.463729,246.62,4.304350,179.82,3.138525,178.33,3.112447,177.01,3.089437,172.44,3.009670
2026-07-22 12:45:09.266,52.301,198.46,3.463729,246.62,4.304350,179.82,3.138525,178.33,3.112447,177.01,3.089437,172.44,3.009670
2026-07-22 12:45:09.299,52.334,198.37,3.462195,246.62,4.304350,179.82,3.138525,178.33,3.112447,177.01,3.089437,172.44,3.009670
2026-07-22 12:45:09.332,52.367,198.63,3.466797,246.53,4.302816,179.82,3.138525,178.33,3.112447,177.01,3.089437,172.44,3.009670
2026-07-22 12:45:09.366,52.401,198.81,3.469865,246.36,4.299748,179.82,3.138525,178.33,3.112447,177.01,3.089437,172.44,3.009670
2026-07-22 12:45:09.399,52.434,198.90,3.471399,245.65,4.287476,179.82,3.138525,178.33,3.112447,177.01,3.089437,172.44,3.009670
2026-07-22 12:45:09.432,52.468,198.90,3.471399,244.25,4.262933,179.82,3.138525,178.33,3.112447,177.01,3.089437,172.44,3.009670
2026-07-22 12:45:09.467,52.501,198.90,3.471399,242.05,4.224583,179.82,3.138525,178.33,3.112447,177.01,3.089437,172.44,3.009670
2026-07-22 12:45:09.500,52.534,198.90,3.471399,239.15,4.173962,179.91,3.140059,178.33,3.112447,177.01,3.089437,172.44,3.009670
2026-07-22 12:45:09.533,52.567,198.90,3.471399,235.63,4.112602,180.00,3.141593,178.33,3.112447,177.01,3.089437,172.44,3.009670
2026-07-22 12:45:09.568,52.601,198.90,3.471399,231.86,4.046641,180.09,3.143127,178.33,3.112447,177.01,3.089437,172.44,3.009670
2026-07-22 12:45:09.600,52.635,198.90,3.471399,227.46,3.969942,180.18,3.144661,178.33,3.112447,177.01,3.089437,172.44,3.009670
2026-07-22 12:45:09.633,52.668,198.90,3.471399,223.42,3.899379,180.18,3.144661,178.33,3.112447,177.01,3.089437,172.44,3.009670
2026-07-22 12:45:09.666,52.701,198.90,3.471399,219.20,3.825748,180.35,3.147729,178.33,3.112447,177.01,3.089437,172.44,3.009670
2026-07-22 12:45:09.699,52.734,198.90,3.471399,215.16,3.755185,180.70,3.153864,178.33,3.112447,177.01,3.089437,172.44,3.009670
2026-07-22 12:45:09.735,52.768,198.90,3.471399,211.03,3.683088,180.97,3.158466,178.33,3.112447,177.01,3.089437,172.44,3.009670
2026-07-22 12:45:09.767,52.801,198.90,3.471399,207.33,3.618661,181.05,3.160000,178.33,3.112447,177.01,3.089437,172.44,3.009670
2026-07-22 12:45:09.801,52.834,198.90,3.471399,203.55,3.552700,181.05,3.160000,178.33,3.112447,177.01,3.089437,172.44,3.009670
2026-07-22 12:45:09.835,52.868,198.90,3.471399,200.57,3.500544,181.05,3.160000,178.33,3.112447,177.01,3.089437,172.44,3.009670
2026-07-22 12:45:09.868,52.901,198.90,3.471399,197.49,3.446855,181.05,3.160000,178.24,3.110913,177.01,3.089437,172.44,3.009670
2026-07-22 12:45:09.902,52.934,198.90,3.471399,194.77,3.399301,181.05,3.160000,178.15,3.109379,177.01,3.089437,172.44,3.009670
2026-07-22 12:45:09.934,52.968,198.81,3.469865,192.13,3.353282,181.05,3.160000,178.15,3.109379,177.01,3.089437,172.44,3.009670
2026-07-22 12:45:09.969,53.001,198.81,3.469865,189.84,3.313399,180.88,3.156932,178.15,3.109379,177.01,3.089437,172.44,3.009670
2026-07-22 12:45:10.000,53.034,198.54,3.465263,187.73,3.276583,180.88,3.156932,178.15,3.109379,177.01,3.089437,172.44,3.009670
2026-07-22 12:45:10.033,53.068,198.37,3.462195,185.45,3.236699,180.79,3.155398,178.15,3.109379,177.01,3.089437,172.44,3.009670
2026-07-22 12:45:10.066,53.101,198.28,3.460661,183.60,3.204486,180.79,3.155398,178.07,3.107845,177.01,3.089437,172.44,3.009670
2026-07-22 12:45:10.100,53.134,198.28,3.460661,181.85,3.173806,180.70,3.153864,178.07,3.107845,177.01,3.089437,172.44,3.009670
2026-07-22 12:45:10.133,53.167,198.28,3.460661,180.88,3.156932,180.70,3.153864,177.98,3.106311,177.01,3.089437,172.44,3.009670
2026-07-22 12:45:10.166,53.201,198.28,3.460661,179.74,3.136991,180.70,3.153864,177.98,3.106311,177.01,3.089437,172.44,3.009670
2026-07-22 12:45:10.199,53.234,198.28,3.460661,179.21,3.127787,180.70,3.153864,177.98,3.106311,177.01,3.089437,172.44,3.009670
2026-07-22 12:45:10.232,53.267,198.28,3.460661,179.21,3.127787,180.70,3.153864,177.98,3.106311,177.01,3.089437,172.44,3.009670
2026-07-22 12:45:10.267,53.301,198.28,3.460661,179.21,3.127787,180.70,3.153864,177.98,3.106311,177.01,3.089437,172.44,3.009670
2026-07-22 12:45:10.300,53.334,198.28,3.460661,179.21,3.127787,180.70,3.153864,177.98,3.106311,177.01,3.089437,172.44,3.009670
2026-07-22 12:45:10.333,53.367,198.28,3.460661,179.21,3.127787,180.70,3.153864,177.98,3.106311,177.01,3.089437,172.44,3.009670
2026-07-22 12:45:10.366,53.401,198.28,3.460661,179.21,3.127787,180.70,3.153864,177.98,3.106311,177.01,3.089437,172.44,3.009670
2026-07-22 12:45:10.401,53.435,198.28,3.460661,179.21,3.127787,180.70,3.153864,177.98,3.106311,177.01,3.089437,172.44,3.009670
2026-07-22 12:45:10.433,53.468,198.28,3.460661,179.21,3.127787,180.70,3.153864,177.98,3.106311,177.01,3.089437,172.44,3.009670
2026-07-22 12:45:10.467,53.501,198.28,3.460661,179.21,3.127787,180.70,3.153864,177.98,3.106311,177.01,3.089437,172.44,3.009670
2026-07-22 12:45:10.501,53.534,198.28,3.460661,179.21,3.127787,180.70,3.153864,177.98,3.106311,177.01,3.089437,172.44,3.009670
2026-07-22 12:45:10.535,53.567,198.28,3.460661,179.21,3.127787,180.70,3.153864,177.98,3.106311,177.01,3.089437,172.44,3.009670
2026-07-22 12:45:10.567,53.601,198.28,3.460661,179.21,3.127787,180.70,3.153864,177.98,3.106311,177.01,3.089437,172.44,3.009670
2026-07-22 12:45:10.601,53.634,198.28,3.460661,179.21,3.127787,180.70,3.153864,177.98,3.106311,177.01,3.089437,172.44,3.009670
2026-07-22 12:45:10.633,53.668,198.37,3.462195,179.21,3.127787,180.70,3.153864,177.98,3.106311,177.01,3.089437,172.44,3.009670
2026-07-22 12:45:10.667,53.701,198.37,3.462195,179.21,3.127787,180.70,3.153864,177.98,3.106311,177.01,3.089437,172.44,3.009670
2026-07-22 12:45:10.701,53.734,198.37,3.462195,179.21,3.127787,180.70,3.153864,177.98,3.106311,177.01,3.089437,172.44,3.009670
2026-07-22 12:45:10.735,53.768,198.37,3.462195,179.21,3.127787,180.70,3.153864,177.98,3.106311,177.01,3.089437,172.44,3.009670
2026-07-22 12:45:10.766,53.801,198.37,3.462195,179.21,3.127787,180.70,3.153864,177.98,3.106311,177.01,3.089437,172.44,3.009670
2026-07-22 12:45:10.801,53.834,198.37,3.462195,179.12,3.126253,180.70,3.153864,177.98,3.106311,177.01,3.089437,172.44,3.009670
2026-07-22 12:45:10.836,53.868,198.37,3.462195,179.12,3.126253,180.70,3.153864,177.89,3.104777,177.01,3.089437,172.44,3.009670
2026-07-22 12:45:10.867,53.901,198.37,3.462195,179.12,3.126253,180.70,3.153864,177.89,3.104777,177.01,3.089437,172.44,3.009670
2026-07-22 12:45:10.900,53.934,198.37,3.462195,179.12,3.126253,180.70,3.153864,177.89,3.104777,177.01,3.089437,172.44,3.009670
2026-07-22 12:45:10.933,53.967,198.37,3.462195,179.12,3.126253,180.70,3.153864,177.89,3.104777,177.01,3.089437,172.44,3.009670
2026-07-22 12:45:10.966,54.001,198.37,3.462195,179.12,3.126253,180.70,3.153864,177.89,3.104777,177.01,3.089437,172.44,3.009670
2026-07-22 12:45:10.999,54.034,198.37,3.462195,179.12,3.126253,180.70,3.153864,177.89,3.104777,177.01,3.089437,172.44,3.009670
2026-07-22 12:45:11.033,54.068,198.37,3.462195,179.12,3.126253,180.70,3.153864,177.89,3.104777,177.01,3.089437,172.44,3.009670
2026-07-22 12:45:11.066,54.101,198.37,3.462195,179.12,3.126253,180.70,3.153864,177.89,3.104777,177.01,3.089437,172.44,3.009670
2026-07-22 12:45:11.099,54.134,198.37,3.462195,179.12,3.126253,180.70,3.153864,177.89,3.104777,177.01,3.089437,172.44,3.009670
2026-07-22 12:45:11.133,54.168,198.37,3.462195,179.12,3.126253,180.70,3.153864,177.89,3.104777,177.01,3.089437,172.44,3.009670
2026-07-22 12:45:11.166,54.201,198.37,3.462195,179.12,3.126253,180.70,3.153864,177.89,3.104777,177.01,3.089437,172.44,3.009670
2026-07-22 12:45:11.200,54.234,198.37,3.462195,179.21,3.127787,180.53,3.150797,177.89,3.104777,177.01,3.089437,172.44,3.009670
2026-07-22 12:45:11.234,54.268,198.37,3.462195,179.21,3.127787,179.65,3.135457,177.89,3.104777,177.01,3.089437,172.44,3.009670
2026-07-22 12:45:11.266,54.301,198.37,3.462195,179.21,3.127787,177.63,3.100175,177.89,3.104777,177.01,3.089437,172.44,3.009670
2026-07-22 12:45:11.300,54.334,198.37,3.462195,179.21,3.127787,174.64,3.048020,177.89,3.104777,177.01,3.089437,172.44,3.009670
2026-07-22 12:45:11.335,54.367,198.37,3.462195,179.21,3.127787,170.95,2.983593,177.89,3.104777,177.01,3.089437,172.44,3.009670
2026-07-22 12:45:11.365,54.401,198.37,3.462195,179.21,3.127787,166.99,2.914563,177.89,3.104777,177.01,3.089437,172.44,3.009670
2026-07-22 12:45:11.399,54.434,198.37,3.462195,179.21,3.127787,163.04,2.845534,177.89,3.104777,177.01,3.089437,172.44,3.009670
2026-07-22 12:45:11.435,54.467,198.37,3.462195,179.21,3.127787,159.61,2.785709,177.89,3.104777,177.01,3.089437,172.44,3.009670
2026-07-22 12:45:11.466,54.501,198.37,3.462195,179.21,3.127787,156.97,2.739690,177.89,3.104777,177.01,3.089437,172.44,3.009670
2026-07-22 12:45:11.499,54.534,198.37,3.462195,179.21,3.127787,154.69,2.699806,177.89,3.104777,177.01,3.089437,172.44,3.009670
2026-07-22 12:45:11.533,54.568,198.37,3.462195,179.21,3.127787,152.84,2.667593,177.89,3.104777,177.01,3.089437,172.44,3.009670
2026-07-22 12:45:11.567,54.601,198.37,3.462195,179.21,3.127787,151.35,2.641515,177.89,3.104777,177.01,3.089437,172.44,3.009670
2026-07-22 12:45:11.601,54.634,198.37,3.462195,179.21,3.127787,150.12,2.620039,177.89,3.104777,177.01,3.089437,172.44,3.009670
2026-07-22 12:45:11.634,54.667,198.37,3.462195,179.21,3.127787,148.89,2.598563,177.89,3.104777,177.01,3.089437,172.44,3.009670
2026-07-22 12:45:11.666,54.701,198.37,3.462195,179.21,3.127787,147.74,2.578622,177.89,3.104777,177.01,3.089437,172.44,3.009670
2026-07-22 12:45:11.700,54.734,198.37,3.462195,179.21,3.127787,146.51,2.557146,177.89,3.104777,177.01,3.089437,172.44,3.009670
2026-07-22 12:45:11.732,54.767,198.37,3.462195,179.21,3.127787,145.02,2.531068,177.89,3.104777,177.01,3.089437,172.44,3.009670
2026-07-22 12:45:11.766,54.801,198.37,3.462195,179.21,3.127787,143.35,2.501923,177.89,3.104777,177.01,3.089437,172.44,3.009670
2026-07-22 12:45:11.799,54.834,198.37,3.462195,179.21,3.127787,141.42,2.468175,177.89,3.104777,177.01,3.089437,172.44,3.009670
2026-07-22 12:45:11.833,54.868,198.37,3.462195,179.21,3.127787,139.39,2.432894,177.89,3.104777,177.01,3.089437,172.44,3.009670
2026-07-22 12:45:11.866,54.901,198.37,3.462195,179.21,3.127787,137.29,2.396078,177.89,3.104777,177.01,3.089437,172.44,3.009670
2026-07-22 12:45:11.899,54.934,198.37,3.462195,179.21,3.127787,135.00,2.356194,177.89,3.104777,177.01,3.089437,172.44,3.009670
2026-07-22 12:45:11.933,54.967,198.37,3.462195,179.21,3.127787,132.71,2.316311,177.89,3.104777,177.01,3.089437,172.44,3.009670
2026-07-22 12:45:11.967,55.001,198.37,3.462195,179.21,3.127787,130.43,2.276427,177.89,3.104777,177.01,3.089437,172.44,3.009670
2026-07-22 12:45:12.000,55.034,198.37,3.462195,179.21,3.127787,128.23,2.238078,177.89,3.104777,177.01,3.089437,172.44,3.009670
2026-07-22 12:45:12.034,55.067,198.37,3.462195,179.21,3.127787,126.04,2.199728,177.89,3.104777,177.01,3.089437,172.44,3.009670
2026-07-22 12:45:12.066,55.101,198.37,3.462195,179.21,3.127787,124.10,2.165981,177.89,3.104777,177.01,3.089437,172.44,3.009670
2026-07-22 12:45:12.100,55.134,198.37,3.462195,179.21,3.127787,122.34,2.135301,177.89,3.104777,177.01,3.089437,172.44,3.009670
2026-07-22 12:45:12.136,55.167,198.37,3.462195,179.21,3.127787,120.59,2.104622,177.89,3.104777,177.01,3.089437,172.44,3.009670
2026-07-22 12:45:12.166,55.200,198.37,3.462195,179.21,3.127787,119.09,2.078544,177.89,3.104777,177.01,3.089437,172.44,3.009670
2026-07-22 12:45:12.202,55.234,198.37,3.462195,179.21,3.127787,117.69,2.054000,177.89,3.104777,177.01,3.089437,172.44,3.009670
2026-07-22 12:45:12.235,55.267,198.37,3.462195,179.21,3.127787,116.37,2.030991,177.89,3.104777,177.01,3.089437,172.44,3.009670
2026-07-22 12:45:12.267,55.301,198.37,3.462195,179.21,3.127787,115.31,2.012583,177.89,3.104777,177.01,3.089437,172.44,3.009670
2026-07-22 12:45:12.300,55.334,198.37,3.462195,179.21,3.127787,114.26,1.994175,177.89,3.104777,177.01,3.089437,172.44,3.009670
2026-07-22 12:45:12.332,55.367,198.37,3.462195,179.21,3.127787,113.38,1.978835,177.89,3.104777,177.01,3.089437,172.44,3.009670
2026-07-22 12:45:12.367,55.401,198.37,3.462195,179.21,3.127787,112.68,1.966563,177.89,3.104777,176.92,3.087903,172.44,3.009670
2026-07-22 12:45:12.399,55.434,198.37,3.462195,179.21,3.127787,112.15,1.957359,177.89,3.104777,176.92,3.087903,172.44,3.009670
2026-07-22 12:45:12.434,55.467,198.37,3.462195,179.21,3.127787,111.71,1.949690,177.89,3.104777,176.92,3.087903,172.44,3.009670
2026-07-22 12:45:12.466,55.501,198.37,3.462195,179.21,3.127787,111.53,1.946622,177.89,3.104777,176.92,3.087903,172.44,3.009670
2026-07-22 12:45:12.499,55.534,198.37,3.462195,179.21,3.127787,111.53,1.946622,177.89,3.104777,176.92,3.087903,0.00,0.000000
2026-07-22 12:45:12.533,55.568,198.37,3.462195,179.21,3.127787,111.62,1.948156,177.89,3.104777,176.92,3.087903,172.44,3.009670
2026-07-22 12:45:12.566,55.601,198.37,3.462195,179.21,3.127787,111.62,1.948156,177.89,3.104777,176.92,3.087903,172.44,3.009670
2026-07-22 12:45:12.599,55.634,198.37,3.462195,179.21,3.127787,111.62,1.948156,177.89,3.104777,176.92,3.087903,172.44,3.009670
2026-07-22 12:45:12.634,55.668,198.37,3.462195,179.21,3.127787,111.62,1.948156,177.89,3.104777,176.92,3.087903,172.44,3.009670
2026-07-22 12:45:12.666,55.701,198.37,3.462195,179.21,3.127787,111.62,1.948156,177.89,3.104777,176.92,3.087903,172.44,3.009670
2026-07-22 12:45:12.699,55.734,198.37,3.462195,179.21,3.127787,111.62,1.948156,177.89,3.104777,176.92,3.087903,172.44,3.009670
2026-07-22 12:45:12.734,55.768,198.37,3.462195,179.21,3.127787,111.53,1.946622,177.89,3.104777,176.92,3.087903,172.44,3.009670
2026-07-22 12:45:12.766,55.801,198.37,3.462195,179.21,3.127787,111.53,1.946622,177.89,3.104777,176.92,3.087903,172.44,3.009670
2026-07-22 12:45:12.799,55.834,198.37,3.462195,179.21,3.127787,111.53,1.946622,177.89,3.104777,176.92,3.087903,172.44,3.009670
2026-07-22 12:45:12.833,55.867,198.37,3.462195,179.21,3.127787,111.53,1.946622,177.89,3.104777,176.92,3.087903,172.44,3.009670
2026-07-22 12:45:12.867,55.901,198.37,3.462195,179.21,3.127787,111.53,1.946622,177.89,3.104777,176.92,3.087903,172.44,3.009670
2026-07-22 12:45:12.899,55.934,198.37,3.462195,179.21,3.127787,111.62,1.948156,177.89,3.104777,176.92,3.087903,172.44,3.009670
2026-07-22 12:45:12.934,55.967,198.37,3.462195,179.21,3.127787,111.80,1.951224,177.89,3.104777,176.92,3.087903,172.44,3.009670
2026-07-22 12:45:12.966,56.001,198.37,3.462195,179.21,3.127787,111.97,1.954292,177.89,3.104777,176.92,3.087903,172.44,3.009670
2026-07-22 12:45:12.999,56.034,198.37,3.462195,179.21,3.127787,112.06,1.955826,177.89,3.104777,176.92,3.087903,172.44,3.009670
2026-07-22 12:45:13.036,56.067,198.37,3.462195,179.21,3.127787,112.06,1.955826,177.89,3.104777,176.92,3.087903,172.44,3.009670
2026-07-22 12:45:13.068,56.101,198.37,3.462195,179.21,3.127787,112.06,1.955826,177.89,3.104777,176.92,3.087903,172.44,3.009670
2026-07-22 12:45:13.098,56.134,198.37,3.462195,179.21,3.127787,112.06,1.955826,177.89,3.104777,176.92,3.087903,172.44,3.009670
2026-07-22 12:45:13.132,56.168,198.37,3.462195,179.21,3.127787,112.15,1.957359,177.89,3.104777,176.92,3.087903,172.44,3.009670
2026-07-22 12:45:13.167,56.201,198.37,3.462195,179.21,3.127787,112.15,1.957359,177.89,3.104777,176.92,3.087903,172.44,3.009670
2026-07-22 12:45:13.202,56.234,198.37,3.462195,179.21,3.127787,112.15,1.957359,177.89,3.104777,176.92,3.087903,172.44,3.009670
2026-07-22 12:45:13.233,56.268,198.37,3.462195,179.21,3.127787,112.15,1.957359,177.89,3.104777,176.92,3.087903,172.44,3.009670
2026-07-22 12:45:13.267,56.301,198.37,3.462195,179.12,3.126253,112.15,1.957359,177.89,3.104777,176.92,3.087903,172.44,3.009670
2026-07-22 12:45:13.299,56.334,198.37,3.462195,179.12,3.126253,112.15,1.957359,177.89,3.104777,176.92,3.087903,172.44,3.009670
2026-07-22 12:45:13.333,56.367,198.37,3.462195,179.12,3.126253,112.24,1.958893,177.89,3.104777,176.92,3.087903,172.44,3.009670
2026-07-22 12:45:13.365,56.400,198.37,3.462195,179.12,3.126253,112.32,1.960427,177.89,3.104777,176.92,3.087903,172.44,3.009670
2026-07-22 12:45:13.399,56.434,198.37,3.462195,179.12,3.126253,112.32,1.960427,177.89,3.104777,176.92,3.087903,172.44,3.009670
2026-07-22 12:45:13.432,56.468,198.37,3.462195,179.12,3.126253,112.32,1.960427,177.89,3.104777,176.92,3.087903,172.44,3.009670
2026-07-22 12:45:13.465,56.501,198.37,3.462195,179.12,3.126253,112.32,1.960427,177.89,3.104777,176.92,3.087903,172.44,3.009670
2026-07-22 12:45:13.500,56.534,198.37,3.462195,179.12,3.126253,112.32,1.960427,177.89,3.104777,176.92,3.087903,172.44,3.009670
2026-07-22 12:45:13.532,56.567,198.37,3.462195,179.12,3.126253,112.32,1.960427,177.89,3.104777,176.92,3.087903,172.44,3.009670
2026-07-22 12:45:13.566,56.600,198.37,3.462195,179.12,3.126253,112.41,1.961961,177.89,3.104777,176.92,3.087903,172.44,3.009670
2026-07-22 12:45:13.599,56.634,198.37,3.462195,179.12,3.126253,113.29,1.977301,177.89,3.104777,176.92,3.087903,172.44,3.009670
2026-07-22 12:45:13.632,56.667,198.37,3.462195,179.12,3.126253,115.05,2.007981,177.89,3.104777,176.92,3.087903,172.44,3.009670
2026-07-22 12:45:13.666,56.701,198.37,3.462195,179.12,3.126253,117.60,2.052466,177.89,3.104777,176.92,3.087903,172.44,3.009670
2026-07-22 12:45:13.701,56.734,198.37,3.462195,179.12,3.126253,120.59,2.104622,177.89,3.104777,176.92,3.087903,172.44,3.009670
2026-07-22 12:45:13.732,56.768,198.37,3.462195,179.12,3.126253,124.19,2.167515,177.89,3.104777,176.92,3.087903,172.44,3.009670
2026-07-22 12:45:13.766,56.801,198.37,3.462195,179.12,3.126253,127.71,2.228874,177.89,3.104777,176.92,3.087903,172.44,3.009670
2026-07-22 12:45:13.803,56.834,198.37,3.462195,179.12,3.126253,131.66,2.297903,177.89,3.104777,176.92,3.087903,172.44,3.009670
2026-07-22 12:45:13.835,56.869,198.37,3.462195,179.12,3.126253,134.82,2.353127,177.89,3.104777,176.92,3.087903,172.44,3.009670
2026-07-22 12:45:13.867,56.901,198.37,3.462195,179.12,3.126253,137.29,2.396078,177.89,3.104777,176.92,3.087903,172.44,3.009670
2026-07-22 12:45:13.901,56.934,198.37,3.462195,179.12,3.126253,139.57,2.435961,177.89,3.104777,176.92,3.087903,172.44,3.009670
2026-07-22 12:45:13.934,56.967,198.37,3.462195,179.12,3.126253,141.24,2.465107,177.89,3.104777,176.92,3.087903,172.44,3.009670
2026-07-22 12:45:13.967,57.001,198.37,3.462195,179.12,3.126253,142.73,2.491185,177.89,3.104777,176.92,3.087903,172.44,3.009670
2026-07-22 12:45:14.000,57.034,198.37,3.462195,179.12,3.126253,144.05,2.514195,177.89,3.104777,176.92,3.087903,172.44,3.009670
2026-07-22 12:45:14.033,57.067,198.37,3.462195,179.12,3.126253,145.28,2.535670,177.89,3.104777,176.92,3.087903,172.44,3.009670
2026-07-22 12:45:14.066,57.101,198.37,3.462195,179.12,3.126253,146.60,2.558680,177.89,3.104777,176.92,3.087903,172.44,3.009670
2026-07-22 12:45:14.100,57.134,198.37,3.462195,179.12,3.126253,148.18,2.586292,177.89,3.104777,176.92,3.087903,172.44,3.009670
2026-07-22 12:45:14.133,57.168,198.37,3.462195,179.12,3.126253,149.94,2.616971,177.89,3.104777,176.92,3.087903,172.44,3.009670
2026-07-22 12:45:14.166,57.201,198.37,3.462195,179.12,3.126253,152.05,2.653787,177.89,3.104777,176.92,3.087903,172.44,3.009670
2026-07-22 12:45:14.200,57.234,198.37,3.462195,179.12,3.126253,154.34,2.693670,177.89,3.104777,176.92,3.087903,172.44,3.009670
2026-07-22 12:45:14.232,57.267,198.37,3.462195,179.12,3.126253,156.71,2.735088,177.89,3.104777,176.92,3.087903,172.44,3.009670
2026-07-22 12:45:14.266,57.301,198.37,3.462195,179.12,3.126253,159.08,2.776505,177.89,3.104777,176.92,3.087903,172.44,3.009670
2026-07-22 12:45:14.300,57.335,198.37,3.462195,179.12,3.126253,161.46,2.817923,177.89,3.104777,176.92,3.087903,172.44,3.009670
2026-07-22 12:45:14.332,57.367,198.37,3.462195,179.12,3.126253,163.74,2.857806,177.89,3.104777,176.92,3.087903,172.44,3.009670
2026-07-22 12:45:14.366,57.401,198.37,3.462195,179.12,3.126253,165.85,2.894622,177.89,3.104777,176.92,3.087903,172.44,3.009670
2026-07-22 12:45:14.399,57.434,198.46,3.463729,179.12,3.126253,167.70,2.926835,177.89,3.104777,176.92,3.087903,172.44,3.009670
2026-07-22 12:45:14.435,57.469,198.46,3.463729,179.12,3.126253,169.19,2.952913,177.89,3.104777,176.92,3.087903,172.44,3.009670
2026-07-22 12:45:14.466,57.501,198.46,3.463729,179.12,3.126253,170.42,2.974389,177.89,3.104777,176.92,3.087903,172.44,3.009670
2026-07-22 12:45:14.499,57.534,198.46,3.463729,179.12,3.126253,171.39,2.991263,177.89,3.104777,176.92,3.087903,172.44,3.009670
2026-07-22 12:45:14.535,57.567,198.54,3.465263,179.12,3.126253,172.09,3.003534,177.89,3.104777,176.92,3.087903,172.44,3.009670
2026-07-22 12:45:14.567,57.601,198.54,3.465263,179.12,3.126253,172.79,3.015806,177.89,3.104777,176.92,3.087903,172.44,3.009670
2026-07-22 12:45:14.600,57.634,198.54,3.465263,179.12,3.126253,173.32,3.025010,177.89,3.104777,176.92,3.087903,172.44,3.009670
2026-07-22 12:45:14.634,57.667,198.63,3.466797,179.12,3.126253,173.32,3.025010,177.89,3.104777,176.92,3.087903,172.44,3.009670
2026-07-22 12:45:14.668,57.701,198.72,3.468331,179.12,3.126253,173.32,3.025010,177.89,3.104777,176.92,3.087903,172.44,3.009670
2026-07-22 12:45:14.701,57.734,198.72,3.468331,179.12,3.126253,173.23,3.023476,177.89,3.104777,176.92,3.087903,172.44,3.009670
2026-07-22 12:45:14.733,57.767,198.72,3.468331,179.12,3.126253,173.06,3.020408,177.89,3.104777,176.92,3.087903,172.44,3.009670
2026-07-22 12:45:14.767,57.801,198.81,3.469865,179.12,3.126253,172.79,3.015806,177.89,3.104777,176.92,3.087903,172.44,3.009670
2026-07-22 12:45:14.801,57.834,198.81,3.469865,179.12,3.126253,172.53,3.011204,177.89,3.104777,176.92,3.087903,172.44,3.009670
2026-07-22 12:45:14.835,57.867,198.81,3.469865,179.12,3.126253,172.35,3.008136,177.89,3.104777,176.92,3.087903,172.44,3.009670
2026-07-22 12:45:14.866,57.901,198.81,3.469865,179.12,3.126253,171.47,2.992797,177.89,3.104777,176.92,3.087903,172.44,3.009670
2026-07-22 12:45:14.900,57.934,198.81,3.469865,179.12,3.126253,169.54,2.959049,177.89,3.104777,176.92,3.087903,172.44,3.009670
2026-07-22 12:45:14.933,57.968,198.81,3.469865,179.12,3.126253,166.38,2.903826,177.89,3.104777,176.92,3.087903,172.44,3.009670
2026-07-22 12:45:14.966,58.001,198.81,3.469865,179.12,3.126253,162.33,2.833263,177.89,3.104777,176.92,3.087903,172.44,3.009670
2026-07-22 12:45:15.000,58.034,198.72,3.468331,179.12,3.126253,157.59,2.750428,177.89,3.104777,176.92,3.087903,172.44,3.009670
2026-07-22 12:45:15.033,58.068,198.63,3.466797,179.12,3.126253,152.49,2.661457,177.89,3.104777,176.92,3.087903,172.44,3.009670
2026-07-22 12:45:15.067,58.101,198.54,3.465263,179.12,3.126253,147.57,2.575554,177.89,3.104777,176.92,3.087903,172.44,3.009670
2026-07-22 12:45:15.100,58.134,198.54,3.465263,179.12,3.126253,142.73,2.491185,177.89,3.104777,176.92,3.087903,172.44,3.009670
2026-07-22 12:45:15.133,58.168,198.54,3.465263,179.12,3.126253,138.25,2.412952,177.89,3.104777,176.92,3.087903,172.44,3.009670
2026-07-22 12:45:15.166,58.201,198.54,3.465263,179.12,3.126253,134.12,2.340855,177.89,3.104777,176.92,3.087903,172.44,3.009670
2026-07-22 12:45:15.199,58.234,198.54,3.465263,179.12,3.126253,130.25,2.273360,177.89,3.104777,176.92,3.087903,172.44,3.009670
2026-07-22 12:45:15.232,58.267,198.54,3.465263,179.12,3.126253,126.47,2.207398,177.89,3.104777,176.92,3.087903,172.44,3.009670
2026-07-22 12:45:15.267,58.301,198.46,3.463729,179.12,3.126253,122.87,2.144505,177.89,3.104777,176.92,3.087903,172.44,3.009670
2026-07-22 12:45:15.300,58.334,198.46,3.463729,179.12,3.126253,119.36,2.083146,177.89,3.104777,176.92,3.087903,172.44,3.009670
2026-07-22 12:45:15.332,58.367,198.46,3.463729,179.12,3.126253,115.93,2.023321,177.89,3.104777,176.92,3.087903,172.44,3.009670
2026-07-22 12:45:15.367,58.401,198.46,3.463729,179.12,3.126253,112.32,1.960427,177.89,3.104777,176.92,3.087903,172.44,3.009670
2026-07-22 12:45:15.399,58.434,198.46,3.463729,179.12,3.126253,108.46,1.892932,177.89,3.104777,176.92,3.087903,172.44,3.009670
2026-07-22 12:45:15.432,58.468,198.54,3.465263,179.12,3.126253,104.68,1.826971,177.89,3.104777,176.92,3.087903,172.44,3.009670
2026-07-22 12:45:15.468,58.502,198.72,3.468331,179.12,3.126253,100.28,1.750272,177.89,3.104777,176.92,3.087903,172.44,3.009670
2026-07-22 12:45:15.501,58.535,198.81,3.469865,179.12,3.126253,96.06,1.676641,177.89,3.104777,176.92,3.087903,172.44,3.009670
2026-07-22 12:45:15.533,58.568,198.90,3.471399,179.12,3.126253,91.67,1.599942,177.89,3.104777,176.92,3.087903,172.44,3.009670
2026-07-22 12:45:15.567,58.601,198.98,3.472933,179.12,3.126253,87.28,1.523243,177.89,3.104777,176.92,3.087903,172.44,3.009670
2026-07-22 12:45:15.599,58.634,198.98,3.472933,179.12,3.126253,83.06,1.449612,177.89,3.104777,176.92,3.087903,172.44,3.009670
2026-07-22 12:45:15.633,58.667,198.98,3.472933,179.12,3.126253,79.28,1.383651,177.89,3.104777,176.92,3.087903,172.44,3.009670
2026-07-22 12:45:15.666,58.701,198.98,3.472933,179.12,3.126253,76.03,1.326893,177.89,3.104777,176.92,3.087903,172.44,3.009670
2026-07-22 12:45:15.700,58.734,198.98,3.472933,179.12,3.126253,73.48,1.282408,177.89,3.104777,176.92,3.087903,172.44,3.009670
2026-07-22 12:45:15.733,58.768,198.98,3.472933,179.12,3.126253,71.89,1.254796,177.89,3.104777,176.92,3.087903,172.44,3.009670
2026-07-22 12:45:15.766,58.800,198.98,3.472933,179.12,3.126253,71.28,1.244058,177.89,3.104777,176.92,3.087903,172.44,3.009670
2026-07-22 12:45:15.799,58.834,198.98,3.472933,179.12,3.126253,71.28,1.244058,177.89,3.104777,176.92,3.087903,172.44,3.009670
2026-07-22 12:45:15.833,58.867,198.98,3.472933,179.12,3.126253,71.81,1.253262,177.89,3.104777,176.92,3.087903,172.44,3.009670
2026-07-22 12:45:15.866,58.901,198.98,3.472933,179.12,3.126253,72.69,1.268602,177.89,3.104777,176.92,3.087903,172.44,3.009670
2026-07-22 12:45:15.900,58.934,198.98,3.472933,179.12,3.126253,73.74,1.287010,177.89,3.104777,176.92,3.087903,172.44,3.009670
2026-07-22 12:45:15.933,58.967,198.98,3.472933,179.12,3.126253,75.06,1.310020,177.89,3.104777,176.92,3.087903,172.44,3.009670
2026-07-22 12:45:15.967,59.001,198.98,3.472933,179.12,3.126253,76.73,1.339165,177.89,3.104777,176.92,3.087903,172.44,3.009670
2026-07-22 12:45:16.000,59.034,198.98,3.472933,179.12,3.126253,78.57,1.371379,177.89,3.104777,176.92,3.087903,172.44,3.009670
2026-07-22 12:45:16.033,59.067,198.98,3.472933,179.12,3.126253,80.95,1.412796,177.89,3.104777,176.92,3.087903,172.44,3.009670
2026-07-22 12:45:16.066,59.101,198.98,3.472933,179.12,3.126253,83.58,1.458816,177.89,3.104777,176.92,3.087903,172.44,3.009670
2026-07-22 12:45:16.100,59.134,198.98,3.472933,179.12,3.126253,86.66,1.512505,177.89,3.104777,176.92,3.087903,172.44,3.009670
2026-07-22 12:45:16.134,59.167,198.98,3.472933,179.12,3.126253,90.09,1.572330,177.89,3.104777,176.92,3.087903,172.44,3.009670
2026-07-22 12:45:16.169,59.201,198.98,3.472933,179.12,3.126253,93.87,1.638291,177.89,3.104777,176.92,3.087903,172.44,3.009670
2026-07-22 12:45:16.202,59.234,198.98,3.472933,179.12,3.126253,98.09,1.711923,177.89,3.104777,176.92,3.087903,172.44,3.009670
2026-07-22 12:45:16.235,59.267,198.98,3.472933,179.12,3.126253,102.39,1.787088,177.89,3.104777,176.92,3.087903,172.44,3.009670
2026-07-22 12:45:16.268,59.302,198.98,3.472933,179.12,3.126253,106.96,1.866855,177.89,3.104777,176.92,3.087903,172.44,3.009670
2026-07-22 12:45:16.300,59.334,198.98,3.472933,179.12,3.126253,111.53,1.946622,177.89,3.104777,176.92,3.087903,172.44,3.009670
2026-07-22 12:45:16.332,59.367,198.98,3.472933,179.12,3.126253,116.37,2.030991,177.89,3.104777,176.92,3.087903,172.44,3.009670
2026-07-22 12:45:16.368,59.401,198.98,3.472933,179.12,3.126253,121.46,2.119961,177.89,3.104777,176.92,3.087903,172.44,3.009670
2026-07-22 12:45:16.401,59.435,198.98,3.472933,179.12,3.126253,126.56,2.208932,177.89,3.104777,176.92,3.087903,172.44,3.009670
2026-07-22 12:45:16.433,59.468,198.98,3.472933,179.12,3.126253,131.75,2.299437,177.89,3.104777,176.92,3.087903,172.44,3.009670
2026-07-22 12:45:16.466,59.501,198.98,3.472933,179.12,3.126253,137.02,2.391476,177.89,3.104777,176.92,3.087903,172.44,3.009670
2026-07-22 12:45:16.499,59.535,198.98,3.472933,179.12,3.126253,142.03,2.478913,177.89,3.104777,176.92,3.087903,172.44,3.009670
2026-07-22 12:45:16.534,59.569,198.98,3.472933,179.12,3.126253,146.60,2.558680,177.89,3.104777,176.92,3.087903,172.44,3.009670
2026-07-22 12:45:16.565,59.601,198.98,3.472933,179.12,3.126253,150.21,2.621573,177.89,3.104777,176.92,3.087903,172.44,3.009670
2026-07-22 12:45:16.600,59.634,198.98,3.472933,179.12,3.126253,153.46,2.678330,177.89,3.104777,176.92,3.087903,172.44,3.009670
2026-07-22 12:45:16.632,59.668,198.98,3.472933,179.12,3.126253,155.74,2.718214,177.89,3.104777,176.92,3.087903,172.44,3.009670
2026-07-22 12:45:16.666,59.701,198.98,3.472933,179.12,3.126253,157.59,2.750428,177.89,3.104777,176.92,3.087903,172.44,3.009670
2026-07-22 12:45:16.699,59.734,198.98,3.472933,179.12,3.126253,159.17,2.778039,177.89,3.104777,176.92,3.087903,172.44,3.009670
2026-07-22 12:45:16.733,59.768,198.98,3.472933,179.12,3.126253,160.75,2.805651,177.89,3.104777,176.92,3.087903,172.44,3.009670
2026-07-22 12:45:16.766,59.801,198.98,3.472933,179.12,3.126253,162.16,2.830195,177.89,3.104777,176.92,3.087903,172.44,3.009670
2026-07-22 12:45:16.800,59.834,198.98,3.472933,179.12,3.126253,163.65,2.856272,177.89,3.104777,176.92,3.087903,172.44,3.009670
2026-07-22 12:45:16.834,59.868,198.98,3.472933,179.12,3.126253,165.41,2.886952,177.89,3.104777,176.92,3.087903,172.44,3.009670
2026-07-22 12:45:16.867,59.902,198.98,3.472933,179.12,3.126253,167.17,2.917631,177.89,3.104777,176.92,3.087903,172.44,3.009670
2026-07-22 12:45:16.900,59.934,198.98,3.472933,179.12,3.126253,169.10,2.951379,177.89,3.104777,176.92,3.087903,172.44,3.009670
2026-07-22 12:45:16.933,59.968,198.98,3.472933,179.12,3.126253,171.21,2.988195,177.89,3.104777,176.92,3.087903,172.44,3.009670
2026-07-22 12:45:16.969,60.001,198.98,3.472933,179.12,3.126253,173.06,3.020408,177.89,3.104777,176.92,3.087903,172.44,3.009670
2026-07-22 12:45:17.002,60.034,198.98,3.472933,179.12,3.126253,174.99,3.054156,177.89,3.104777,176.92,3.087903,172.44,3.009670
2026-07-22 12:45:17.036,60.070,198.98,3.472933,179.12,3.126253,176.40,3.078699,177.89,3.104777,176.92,3.087903,172.44,3.009670
2026-07-22 12:45:17.069,60.102,198.98,3.472933,179.12,3.126253,177.28,3.094039,177.89,3.104777,176.92,3.087903,172.44,3.009670
2026-07-22 12:45:17.102,60.135,198.98,3.472933,179.12,3.126253,177.98,3.106311,177.89,3.104777,176.92,3.087903,172.44,3.009670
2026-07-22 12:45:17.133,60.167,198.98,3.472933,179.12,3.126253,178.51,3.115515,177.89,3.104777,176.92,3.087903,172.44,3.009670
2026-07-22 12:45:17.167,60.201,198.98,3.472933,179.12,3.126253,178.68,3.118583,177.89,3.104777,176.92,3.087903,172.44,3.009670
2026-07-22 12:45:17.201,60.234,198.98,3.472933,179.12,3.126253,178.86,3.121651,177.89,3.104777,176.92,3.087903,172.44,3.009670
2026-07-22 12:45:17.234,60.267,198.98,3.472933,179.12,3.126253,179.03,3.124719,177.89,3.104777,176.92,3.087903,172.44,3.009670
2026-07-22 12:45:17.266,60.301,198.98,3.472933,179.12,3.126253,179.12,3.126253,177.89,3.104777,176.92,3.087903,172.44,3.009670
2026-07-22 12:45:17.299,60.334,198.98,3.472933,179.12,3.126253,179.21,3.127787,177.89,3.104777,176.92,3.087903,172.44,3.009670
2026-07-22 12:45:17.333,60.367,198.98,3.472933,179.12,3.126253,179.30,3.129321,177.89,3.104777,176.92,3.087903,172.44,3.009670
2026-07-22 12:45:17.366,60.401,198.98,3.472933,179.12,3.126253,179.38,3.130855,177.89,3.104777,176.92,3.087903,172.44,3.009670
2026-07-22 12:45:17.399,60.434,198.98,3.472933,179.12,3.126253,179.38,3.130855,177.89,3.104777,176.92,3.087903,172.44,3.009670
2026-07-22 12:45:17.433,60.468,198.98,3.472933,179.12,3.126253,179.38,3.130855,177.89,3.104777,176.92,3.087903,172.44,3.009670
2026-07-22 12:45:17.466,60.501,198.98,3.472933,179.12,3.126253,179.38,3.130855,177.89,3.104777,176.92,3.087903,172.44,3.009670
2026-07-22 12:45:17.499,60.534,198.98,3.472933,179.12,3.126253,179.38,3.130855,177.89,3.104777,176.92,3.087903,172.44,3.009670
2026-07-22 12:45:17.532,60.568,198.98,3.472933,179.12,3.126253,179.38,3.130855,177.89,3.104777,176.92,3.087903,172.44,3.009670
2026-07-22 12:45:17.567,60.601,198.98,3.472933,179.12,3.126253,179.47,3.132389,177.89,3.104777,176.92,3.087903,172.44,3.009670
2026-07-22 12:45:17.599,60.634,198.98,3.472933,179.12,3.126253,179.47,3.132389,177.89,3.104777,176.92,3.087903,172.44,3.009670
2026-07-22 12:45:17.632,60.667,198.98,3.472933,179.12,3.126253,179.47,3.132389,177.89,3.104777,176.92,3.087903,172.44,3.009670
2026-07-22 12:45:17.666,60.701,198.98,3.472933,179.12,3.126253,179.65,3.135457,177.89,3.104777,176.92,3.087903,172.44,3.009670
2026-07-22 12:45:17.700,60.734,198.98,3.472933,179.12,3.126253,180.09,3.143127,177.89,3.104777,176.92,3.087903,172.44,3.009670
2026-07-22 12:45:17.734,60.767,198.98,3.472933,179.12,3.126253,180.26,3.146195,177.89,3.104777,176.92,3.087903,172.44,3.009670
2026-07-22 12:45:17.769,60.801,198.98,3.472933,179.12,3.126253,180.26,3.146195,177.89,3.104777,176.92,3.087903,172.44,3.009670
2026-07-22 12:45:17.803,60.835,198.98,3.472933,179.12,3.126253,180.26,3.146195,177.89,3.104777,176.92,3.087903,172.44,3.009670
2026-07-22 12:45:17.835,60.868,198.98,3.472933,179.12,3.126253,180.26,3.146195,177.89,3.104777,176.92,3.087903,172.44,3.009670
2026-07-22 12:45:17.869,60.902,198.98,3.472933,179.12,3.126253,180.26,3.146195,177.89,3.104777,176.92,3.087903,172.44,3.009670
2026-07-22 12:45:17.900,60.934,198.98,3.472933,179.12,3.126253,180.26,3.146195,177.89,3.104777,176.92,3.087903,172.44,3.009670
2026-07-22 12:45:17.933,60.967,198.98,3.472933,179.12,3.126253,180.26,3.146195,177.89,3.104777,176.92,3.087903,172.44,3.009670
2026-07-22 12:45:17.966,61.001,198.98,3.472933,179.12,3.126253,180.26,3.146195,177.89,3.104777,176.92,3.087903,172.44,3.009670
2026-07-22 12:45:17.999,61.034,198.98,3.472933,179.12,3.126253,180.26,3.146195,177.89,3.104777,176.92,3.087903,172.44,3.009670
2026-07-22 12:45:18.033,61.068,198.98,3.472933,179.12,3.126253,180.26,3.146195,177.89,3.104777,176.92,3.087903,172.44,3.009670
2026-07-22 12:45:18.066,61.101,198.98,3.472933,179.12,3.126253,180.26,3.146195,177.89,3.104777,176.92,3.087903,172.44,3.009670
2026-07-22 12:45:18.099,61.134,198.98,3.472933,179.12,3.126253,180.26,3.146195,177.89,3.104777,176.92,3.087903,172.44,3.009670
2026-07-22 12:45:18.133,61.168,198.98,3.472933,179.12,3.126253,180.26,3.146195,177.89,3.104777,176.92,3.087903,172.44,3.009670
2026-07-22 12:45:18.166,61.201,198.98,3.472933,179.12,3.126253,180.26,3.146195,177.89,3.104777,176.92,3.087903,172.44,3.009670
2026-07-22 12:45:18.200,61.234,198.98,3.472933,179.12,3.126253,180.26,3.146195,177.89,3.104777,176.92,3.087903,172.44,3.009670
2026-07-22 12:45:18.233,61.268,198.98,3.472933,179.12,3.126253,180.26,3.146195,177.89,3.104777,176.92,3.087903,172.44,3.009670
2026-07-22 12:45:18.266,61.301,198.98,3.472933,179.12,3.126253,180.26,3.146195,177.89,3.104777,176.92,3.087903,172.44,3.009670
2026-07-22 12:45:18.299,61.334,198.98,3.472933,179.12,3.126253,180.26,3.146195,177.89,3.104777,176.92,3.087903,172.44,3.009670
2026-07-22 12:45:18.333,61.367,198.98,3.472933,179.12,3.126253,180.26,3.146195,177.89,3.104777,176.92,3.087903,172.44,3.009670
2026-07-22 12:45:18.367,61.401,198.98,3.472933,179.12,3.126253,180.26,3.146195,177.89,3.104777,176.92,3.087903,172.44,3.009670
2026-07-22 12:45:18.399,61.434,198.98,3.472933,179.12,3.126253,180.26,3.146195,177.89,3.104777,176.92,3.087903,172.44,3.009670
2026-07-22 12:45:18.433,61.467,198.98,3.472933,179.12,3.126253,180.26,3.146195,177.89,3.104777,176.92,3.087903,172.44,3.009670
2026-07-22 12:45:18.466,61.501,198.98,3.472933,179.12,3.126253,180.26,3.146195,177.89,3.104777,176.92,3.087903,172.44,3.009670
2026-07-22 12:45:18.501,61.534,198.98,3.472933,179.12,3.126253,180.26,3.146195,177.89,3.104777,176.92,3.087903,172.44,3.009670
2026-07-22 12:45:18.534,61.568,198.98,3.472933,179.12,3.126253,180.26,3.146195,177.89,3.104777,176.92,3.087903,172.44,3.009670
2026-07-22 12:45:18.567,61.601,198.90,3.471399,179.12,3.126253,180.26,3.146195,177.89,3.104777,176.92,3.087903,172.44,3.009670
2026-07-22 12:45:18.599,61.634,198.54,3.465263,179.12,3.126253,180.26,3.146195,177.89,3.104777,176.92,3.087903,172.44,3.009670
2026-07-22 12:45:18.635,61.667,198.46,3.463729,179.12,3.126253,180.26,3.146195,177.89,3.104777,176.92,3.087903,172.44,3.009670
2026-07-22 12:45:18.666,61.701,198.37,3.462195,179.12,3.126253,180.26,3.146195,177.89,3.104777,176.92,3.087903,172.44,3.009670
2026-07-22 12:45:18.700,61.734,198.28,3.460661,179.12,3.126253,180.26,3.146195,177.89,3.104777,176.92,3.087903,172.44,3.009670
2026-07-22 12:45:18.733,61.767,198.02,3.456059,179.12,3.126253,180.26,3.146195,177.89,3.104777,176.92,3.087903,172.44,3.009670
2026-07-22 12:45:18.766,61.801,196.79,3.434583,179.12,3.126253,180.26,3.146195,177.89,3.104777,176.92,3.087903,172.44,3.009670
2026-07-22 12:45:18.801,61.834,194.68,3.397767,179.12,3.126253,180.26,3.146195,177.89,3.104777,176.92,3.087903,172.44,3.009670
2026-07-22 12:45:18.834,61.868,191.87,3.348680,179.12,3.126253,180.26,3.146195,177.89,3.104777,176.92,3.087903,172.44,3.009670
2026-07-22 12:45:18.866,61.901,188.79,3.294991,179.12,3.126253,180.26,3.146195,177.89,3.104777,176.92,3.087903,172.44,3.009670
2026-07-22 12:45:18.899,61.934,185.89,3.244369,179.12,3.126253,180.26,3.146195,177.89,3.104777,176.92,3.087903,172.44,3.009670
2026-07-22 12:45:18.933,61.968,182.81,3.190680,179.12,3.126253,180.26,3.146195,177.89,3.104777,176.92,3.087903,172.44,3.009670
2026-07-22 12:45:18.966,62.001,180.00,3.141593,179.12,3.126253,180.26,3.146195,177.89,3.104777,176.92,3.087903,172.44,3.009670
2026-07-22 12:45:19.000,62.035,177.36,3.095573,179.12,3.126253,180.26,3.146195,177.89,3.104777,176.92,3.087903,172.44,3.009670
2026-07-22 12:45:19.033,62.068,174.73,3.049554,179.03,3.124719,180.26,3.146195,177.89,3.104777,176.92,3.087903,172.44,3.009670
2026-07-22 12:45:19.067,62.101,172.27,3.006602,179.03,3.124719,180.26,3.146195,177.89,3.104777,176.92,3.087903,172.44,3.009670
2026-07-22 12:45:19.100,62.134,169.98,2.966719,179.03,3.124719,180.26,3.146195,177.89,3.104777,176.92,3.087903,172.44,3.009670
2026-07-22 12:45:19.132,62.167,167.96,2.931437,179.03,3.124719,180.26,3.146195,177.89,3.104777,176.92,3.087903,172.44,3.009670
2026-07-22 12:45:19.166,62.201,166.03,2.897690,179.03,3.124719,180.26,3.146195,177.89,3.104777,176.92,3.087903,172.44,3.009670
2026-07-22 12:45:19.199,62.234,164.27,2.867010,179.03,3.124719,180.26,3.146195,177.89,3.104777,176.92,3.087903,172.44,3.009670
2026-07-22 12:45:19.232,62.267,162.69,2.839398,179.03,3.124719,180.26,3.146195,177.89,3.104777,176.92,3.087903,172.44,3.009670
2026-07-22 12:45:19.267,62.301,161.19,2.813321,179.03,3.124719,180.26,3.146195,177.89,3.104777,176.92,3.087903,172.44,3.009670
2026-07-22 12:45:19.302,62.334,160.14,2.794913,179.03,3.124719,180.26,3.146195,177.89,3.104777,176.92,3.087903,172.44,3.009670
2026-07-22 12:45:19.338,62.368,159.43,2.782641,179.03,3.124719,180.26,3.146195,177.89,3.104777,176.92,3.087903,172.44,3.009670
2026-07-22 12:45:19.366,62.400,159.43,2.782641,179.03,3.124719,180.26,3.146195,177.89,3.104777,176.92,3.087903,172.44,3.009670
2026-07-22 12:45:19.399,62.434,159.52,2.784175,179.03,3.124719,180.26,3.146195,177.89,3.104777,176.92,3.087903,172.44,3.009670
2026-07-22 12:45:19.432,62.467,159.52,2.784175,179.03,3.124719,180.26,3.146195,177.89,3.104777,176.92,3.087903,172.44,3.009670
2026-07-22 12:45:19.465,62.501,159.70,2.787243,179.03,3.124719,180.26,3.146195,177.89,3.104777,176.92,3.087903,172.44,3.009670
2026-07-22 12:45:19.501,62.534,159.96,2.791845,179.12,3.126253,180.26,3.146195,177.89,3.104777,176.92,3.087903,172.44,3.009670
2026-07-22 12:45:19.533,62.567,161.10,2.811787,179.12,3.126253,180.26,3.146195,177.89,3.104777,176.92,3.087903,172.44,3.009670
2026-07-22 12:45:19.568,62.601,163.30,2.850136,179.12,3.126253,180.26,3.146195,177.89,3.104777,176.92,3.087903,172.44,3.009670
2026-07-22 12:45:19.601,62.634,166.11,2.899224,179.12,3.126253,180.26,3.146195,177.89,3.104777,176.92,3.087903,172.44,3.009670
2026-07-22 12:45:19.633,62.667,169.45,2.957515,179.12,3.126253,180.26,3.146195,177.89,3.104777,176.92,3.087903,172.44,3.009670
2026-07-22 12:45:19.667,62.701,172.88,3.017340,179.03,3.124719,180.26,3.146195,177.89,3.104777,176.92,3.087903,172.44,3.009670
2026-07-22 12:45:19.699,62.734,176.40,3.078699,179.03,3.124719,180.26,3.146195,177.89,3.104777,176.92,3.087903,172.44,3.009670
2026-07-22 12:45:19.734,62.768,179.82,3.138525,179.03,3.124719,180.26,3.146195,177.89,3.104777,176.92,3.087903,172.44,3.009670
2026-07-22 12:45:19.766,62.801,182.99,3.193748,179.03,3.124719,180.26,3.146195,177.89,3.104777,176.92,3.087903,172.44,3.009670
2026-07-22 12:45:19.799,62.834,185.80,3.242835,179.12,3.126253,180.26,3.146195,177.89,3.104777,176.92,3.087903,172.44,3.009670
2026-07-22 12:45:19.833,62.868,188.17,3.284253,179.12,3.126253,180.26,3.146195,177.89,3.104777,176.92,3.087903,172.44,3.009670
2026-07-22 12:45:19.866,62.901,190.28,3.321068,179.12,3.126253,180.26,3.146195,177.89,3.104777,176.92,3.087903,172.44,3.009670
2026-07-22 12:45:19.900,62.934,191.78,3.347146,179.12,3.126253,180.26,3.146195,177.89,3.104777,176.92,3.087903,172.44,3.009670
2026-07-22 12:45:19.934,62.968,192.74,3.364020,179.12,3.126253,180.26,3.146195,177.89,3.104777,176.92,3.087903,172.44,3.009670
2026-07-22 12:45:19.966,63.001,193.18,3.371690,179.12,3.126253,180.26,3.146195,177.89,3.104777,176.92,3.087903,172.44,3.009670
2026-07-22 12:45:20.000,63.034,193.36,3.374758,179.12,3.126253,180.26,3.146195,177.89,3.104777,176.92,3.087903,172.44,3.009670
2026-07-22 12:45:20.034,63.068,193.36,3.374758,179.12,3.126253,180.26,3.146195,177.89,3.104777,176.92,3.087903,172.44,3.009670
2026-07-22 12:45:20.067,63.101,193.36,3.374758,179.12,3.126253,180.26,3.146195,177.89,3.104777,176.92,3.087903,172.44,3.009670
2026-07-22 12:45:20.099,63.134,193.36,3.374758,179.12,3.126253,180.26,3.146195,177.89,3.104777,176.92,3.087903,172.44,3.009670
2026-07-22 12:45:20.135,63.168,193.36,3.374758,179.12,3.126253,180.26,3.146195,177.89,3.104777,176.92,3.087903,172.44,3.009670
2026-07-22 12:45:20.168,63.201,193.36,3.374758,179.12,3.126253,180.26,3.146195,177.89,3.104777,176.92,3.087903,172.44,3.009670
2026-07-22 12:45:20.201,63.234,193.36,3.374758,179.12,3.126253,180.26,3.146195,177.89,3.104777,176.92,3.087903,172.44,3.009670
2026-07-22 12:45:20.232,63.267,193.36,3.374758,179.12,3.126253,180.26,3.146195,177.89,3.104777,176.92,3.087903,172.44,3.009670
2026-07-22 12:45:20.267,63.302,193.36,3.374758,179.12,3.126253,180.26,3.146195,177.89,3.104777,176.92,3.087903,172.44,3.009670
2026-07-22 12:45:20.301,63.334,193.36,3.374758,179.12,3.126253,180.26,3.146195,177.89,3.104777,176.92,3.087903,172.44,3.009670
2026-07-22 12:45:20.333,63.367,193.36,3.374758,179.12,3.126253,180.26,3.146195,177.89,3.104777,176.92,3.087903,172.44,3.009670
2026-07-22 12:45:20.367,63.401,193.36,3.374758,179.12,3.126253,180.26,3.146195,177.89,3.104777,176.92,3.087903,172.44,3.009670
2026-07-22 12:45:20.400,63.434,193.36,3.374758,179.12,3.126253,180.26,3.146195,177.89,3.104777,176.92,3.087903,172.44,3.009670
2026-07-22 12:45:20.433,63.468,193.36,3.374758,179.12,3.126253,180.26,3.146195,177.89,3.104777,176.92,3.087903,172.44,3.009670
2026-07-22 12:45:20.466,63.501,193.36,3.374758,179.12,3.126253,180.26,3.146195,177.89,3.104777,176.92,3.087903,172.44,3.009670
2026-07-22 12:45:20.499,63.534,193.36,3.374758,179.12,3.126253,180.26,3.146195,177.89,3.104777,176.92,3.087903,172.44,3.009670
2026-07-22 12:45:20.533,63.567,193.36,3.374758,179.12,3.126253,180.26,3.146195,177.89,3.104777,176.92,3.087903,172.44,3.009670
2026-07-22 12:45:20.566,63.601,193.36,3.374758,179.12,3.126253,180.26,3.146195,177.89,3.104777,176.92,3.087903,172.44,3.009670
2026-07-22 12:45:20.600,63.634,193.36,3.374758,179.12,3.126253,180.26,3.146195,177.89,3.104777,176.92,3.087903,172.44,3.009670
2026-07-22 12:45:20.633,63.667,193.36,3.374758,179.12,3.126253,180.26,3.146195,177.89,3.104777,176.92,3.087903,172.44,3.009670
2026-07-22 12:45:20.666,63.701,193.36,3.374758,179.12,3.126253,180.26,3.146195,177.89,3.104777,176.92,3.087903,172.44,3.009670
2026-07-22 12:45:20.700,63.734,193.36,3.374758,179.12,3.126253,180.26,3.146195,177.89,3.104777,176.92,3.087903,172.44,3.009670
2026-07-22 12:45:20.735,63.768,193.36,3.374758,179.12,3.126253,180.26,3.146195,177.89,3.104777,176.92,3.087903,172.44,3.009670
2026-07-22 12:45:20.766,63.801,193.36,3.374758,179.12,3.126253,180.26,3.146195,177.89,3.104777,176.92,3.087903,172.44,3.009670
2026-07-22 12:45:20.799,63.834,193.36,3.374758,179.12,3.126253,180.26,3.146195,177.89,3.104777,176.92,3.087903,172.44,3.009670
2026-07-22 12:45:20.833,63.867,193.36,3.374758,179.12,3.126253,180.26,3.146195,177.89,3.104777,176.92,3.087903,172.44,3.009670
2026-07-22 12:45:20.866,63.901,193.36,3.374758,179.12,3.126253,180.26,3.146195,177.89,3.104777,176.92,3.087903,172.44,3.009670
2026-07-22 12:45:20.901,63.934,193.36,3.374758,179.12,3.126253,180.26,3.146195,177.89,3.104777,176.92,3.087903,172.44,3.009670
2026-07-22 12:45:20.933,63.968,193.36,3.374758,179.12,3.126253,180.26,3.146195,177.89,3.104777,176.92,3.087903,172.44,3.009670
2026-07-22 12:45:20.966,64.001,193.36,3.374758,179.12,3.126253,180.26,3.146195,177.89,3.104777,176.92,3.087903,172.44,3.009670
2026-07-22 12:45:21.000,64.034,193.36,3.374758,179.12,3.126253,180.26,3.146195,177.98,3.106311,177.19,3.092505,172.44,3.009670
2026-07-22 12:45:21.033,64.067,193.36,3.374758,179.12,3.126253,180.26,3.146195,177.98,3.106311,177.19,3.092505,172.44,3.009670
2026-07-22 12:45:21.067,64.101,193.36,3.374758,179.12,3.126253,180.26,3.146195,178.15,3.109379,177.19,3.092505,172.44,3.009670
2026-07-22 12:45:21.102,64.134,193.36,3.374758,179.12,3.126253,180.26,3.146195,178.24,3.110913,177.28,3.094039,172.44,3.009670
2026-07-22 12:45:21.133,64.168,193.36,3.374758,179.12,3.126253,180.26,3.146195,178.33,3.112447,177.28,3.094039,172.44,3.009670
2026-07-22 12:45:21.169,64.201,193.36,3.374758,179.12,3.126253,180.26,3.146195,178.33,3.112447,177.28,3.094039,172.44,3.009670
2026-07-22 12:45:21.200,64.234,193.36,3.374758,179.12,3.126253,180.26,3.146195,178.33,3.112447,177.28,3.094039,172.44,3.009670
2026-07-22 12:45:21.234,64.267,193.36,3.374758,179.12,3.126253,180.26,3.146195,178.33,3.112447,177.28,3.094039,172.44,3.009670
2026-07-22 12:45:21.266,64.301,193.36,3.374758,179.12,3.126253,180.26,3.146195,178.33,3.112447,177.28,3.094039,172.44,3.009670
2026-07-22 12:45:21.300,64.334,193.36,3.374758,179.12,3.126253,180.26,3.146195,178.33,3.112447,177.28,3.094039,172.44,3.009670
2026-07-22 12:45:21.333,64.368,193.36,3.374758,179.12,3.126253,180.26,3.146195,178.33,3.112447,177.28,3.094039,172.44,3.009670
2026-07-22 12:45:21.366,64.401,193.45,3.376292,179.12,3.126253,180.26,3.146195,178.33,3.112447,177.28,3.094039,172.44,3.009670
2026-07-22 12:45:21.400,64.434,193.54,3.377826,179.12,3.126253,180.26,3.146195,178.33,3.112447,177.28,3.094039,172.44,3.009670
2026-07-22 12:45:21.433,64.467,193.54,3.377826,179.12,3.126253,180.26,3.146195,178.33,3.112447,177.28,3.094039,172.44,3.009670
2026-07-22 12:45:21.466,64.501,193.54,3.377826,179.12,3.126253,180.26,3.146195,178.33,3.112447,177.28,3.094039,172.44,3.009670
2026-07-22 12:45:21.499,64.534,193.62,3.379360,179.12,3.126253,180.26,3.146195,178.42,3.113981,177.28,3.094039,172.44,3.009670
2026-07-22 12:45:21.534,64.568,193.71,3.380894,179.12,3.126253,180.26,3.146195,178.42,3.113981,177.28,3.094039,172.44,3.009670
2026-07-22 12:45:21.567,64.601,193.71,3.380894,179.12,3.126253,180.26,3.146195,178.42,3.113981,177.28,3.094039,172.44,3.009670
2026-07-22 12:45:21.599,64.634,193.71,3.380894,179.12,3.126253,180.26,3.146195,178.42,3.113981,177.28,3.094039,172.44,3.009670
2026-07-22 12:45:21.633,64.667,193.71,3.380894,179.12,3.126253,180.26,3.146195,178.42,3.113981,177.28,3.094039,172.44,3.009670
2026-07-22 12:45:21.666,64.701,193.71,3.380894,179.12,3.126253,180.26,3.146195,178.42,3.113981,177.28,3.094039,172.44,3.009670
2026-07-22 12:45:21.703,64.734,193.71,3.380894,179.12,3.126253,180.26,3.146195,178.42,3.113981,177.28,3.094039,172.44,3.009670
2026-07-22 12:45:21.733,64.767,193.71,3.380894,179.12,3.126253,180.26,3.146195,178.42,3.113981,177.28,3.094039,172.44,3.009670
2026-07-22 12:45:21.769,64.801,193.71,3.380894,179.12,3.126253,180.26,3.146195,178.42,3.113981,177.28,3.094039,172.44,3.009670
2026-07-22 12:45:21.802,64.834,193.54,3.377826,179.12,3.126253,180.26,3.146195,178.42,3.113981,177.28,3.094039,172.44,3.009670
2026-07-22 12:45:21.832,64.867,193.36,3.374758,179.12,3.126253,180.26,3.146195,178.51,3.115515,177.28,3.094039,172.44,3.009670
2026-07-22 12:45:21.867,64.902,193.36,3.374758,179.12,3.126253,180.26,3.146195,178.51,3.115515,177.28,3.094039,172.44,3.009670
2026-07-22 12:45:21.901,64.934,193.36,3.374758,179.12,3.126253,180.26,3.146195,178.86,3.121651,177.28,3.094039,172.44,3.009670
2026-07-22 12:45:21.932,64.967,193.36,3.374758,179.12,3.126253,180.26,3.146195,180.35,3.147729,177.28,3.094039,172.44,3.009670
2026-07-22 12:45:21.967,65.001,193.36,3.374758,179.12,3.126253,180.26,3.146195,182.37,3.183010,177.28,3.094039,172.44,3.009670
2026-07-22 12:45:22.001,65.034,193.36,3.374758,179.12,3.126253,180.26,3.146195,184.66,3.222894,177.28,3.094039,172.44,3.009670
2026-07-22 12:45:22.033,65.067,193.36,3.374758,179.12,3.126253,180.26,3.146195,186.86,3.261243,177.28,3.094039,172.44,3.009670
2026-07-22 12:45:22.067,65.101,193.36,3.374758,179.12,3.126253,180.26,3.146195,189.58,3.308797,177.28,3.094039,172.44,3.009670
2026-07-22 12:45:22.101,65.134,193.36,3.374758,179.12,3.126253,180.26,3.146195,192.22,3.354816,177.28,3.094039,172.44,3.009670
2026-07-22 12:45:22.134,65.168,193.36,3.374758,179.12,3.126253,180.26,3.146195,194.94,3.402369,177.28,3.094039,172.44,3.009670
2026-07-22 12:45:22.166,65.201,193.36,3.374758,179.12,3.126253,180.26,3.146195,197.58,3.448389,177.28,3.094039,172.44,3.009670
2026-07-22 12:45:22.200,65.235,193.36,3.374758,179.12,3.126253,180.26,3.146195,199.95,3.489806,177.28,3.094039,172.44,3.009670
2026-07-22 12:45:22.233,65.268,193.36,3.374758,179.12,3.126253,180.26,3.146195,202.06,3.526622,177.28,3.094039,172.44,3.009670
2026-07-22 12:45:22.266,65.301,193.36,3.374758,179.12,3.126253,180.26,3.146195,203.82,3.557301,177.28,3.094039,172.44,3.009670
2026-07-22 12:45:22.299,65.334,193.36,3.374758,179.12,3.126253,180.26,3.146195,205.49,3.586447,177.28,3.094039,172.44,3.009670
2026-07-22 12:45:22.333,65.368,193.36,3.374758,179.12,3.126253,180.26,3.146195,206.98,3.612525,177.28,3.094039,172.44,3.009670
2026-07-22 12:45:22.367,65.401,193.36,3.374758,179.12,3.126253,180.26,3.146195,208.39,3.637068,177.28,3.094039,172.44,3.009670
2026-07-22 12:45:22.399,65.434,193.36,3.374758,179.12,3.126253,180.26,3.146195,209.36,3.653942,177.28,3.094039,172.44,3.009670
2026-07-22 12:45:22.433,65.467,193.36,3.374758,179.12,3.126253,180.26,3.146195,210.32,3.670816,177.28,3.094039,172.44,3.009670
2026-07-22 12:45:22.466,65.501,193.36,3.374758,179.12,3.126253,180.26,3.146195,211.29,3.687690,177.28,3.094039,172.44,3.009670
2026-07-22 12:45:22.500,65.534,193.36,3.374758,179.12,3.126253,180.26,3.146195,212.26,3.704564,177.28,3.094039,172.44,3.009670
2026-07-22 12:45:22.535,65.568,193.36,3.374758,179.12,3.126253,180.26,3.146195,213.40,3.724505,177.28,3.094039,172.44,3.009670
2026-07-22 12:45:22.570,65.601,193.36,3.374758,179.12,3.126253,180.26,3.146195,214.63,3.745981,177.28,3.094039,172.44,3.009670
2026-07-22 12:45:22.602,65.634,193.36,3.374758,179.12,3.126253,180.26,3.146195,215.95,3.768991,177.28,3.094039,172.44,3.009670
2026-07-22 12:45:22.633,65.668,193.36,3.374758,179.12,3.126253,180.26,3.146195,217.44,3.795068,177.28,3.094039,172.44,3.009670
2026-07-22 12:45:22.667,65.702,193.36,3.374758,179.12,3.126253,180.26,3.146195,219.20,3.825748,177.28,3.094039,172.44,3.009670
2026-07-22 12:45:22.701,65.734,193.36,3.374758,179.12,3.126253,180.26,3.146195,221.13,3.859496,177.28,3.094039,172.44,3.009670
2026-07-22 12:45:22.734,65.767,193.36,3.374758,179.12,3.126253,180.26,3.146195,223.42,3.899379,177.28,3.094039,172.44,3.009670
2026-07-22 12:45:22.766,65.801,193.27,3.373224,179.12,3.126253,180.26,3.146195,225.62,3.937729,177.28,3.094039,172.44,3.009670
2026-07-22 12:45:22.801,65.834,193.27,3.373224,179.12,3.126253,180.26,3.146195,227.90,3.977612,177.28,3.094039,172.44,3.009670
2026-07-22 12:45:22.834,65.867,193.27,3.373224,179.12,3.126253,180.26,3.146195,230.19,4.017496,177.28,3.094039,172.44,3.009670
2026-07-22 12:45:22.866,65.901,193.27,3.373224,179.12,3.126253,180.26,3.146195,232.47,4.057379,177.28,3.094039,172.44,3.009670
2026-07-22 12:45:22.900,65.934,193.27,3.373224,179.12,3.126253,180.26,3.146195,234.67,4.095729,177.28,3.094039,172.44,3.009670
2026-07-22 12:45:22.933,65.967,193.27,3.373224,179.12,3.126253,180.26,3.146195,236.69,4.131010,177.28,3.094039,172.44,3.009670
2026-07-22 12:45:22.966,66.000,193.27,3.373224,179.12,3.126253,180.26,3.146195,238.54,4.163224,177.28,3.094039,172.44,3.009670
2026-07-22 12:45:22.999,66.034,193.27,3.373224,179.12,3.126253,180.26,3.146195,240.38,4.195437,177.28,3.094039,172.44,3.009670
2026-07-22 12:45:23.033,66.067,193.27,3.373224,179.12,3.126253,180.26,3.146195,242.05,4.224583,177.28,3.094039,172.44,3.009670
2026-07-22 12:45:23.066,66.101,193.27,3.373224,179.12,3.126253,180.26,3.146195,243.63,4.252195,177.28,3.094039,172.44,3.009670
2026-07-22 12:45:23.099,66.134,193.27,3.373224,179.12,3.126253,180.26,3.146195,245.13,4.278272,177.28,3.094039,172.44,3.009670
2026-07-22 12:45:23.132,66.167,193.27,3.373224,179.12,3.126253,180.26,3.146195,246.53,4.302816,177.28,3.094039,172.44,3.009670
2026-07-22 12:45:23.166,66.201,193.27,3.373224,179.12,3.126253,180.26,3.146195,248.03,4.328894,177.28,3.094039,172.44,3.009670
2026-07-22 12:45:23.199,66.234,193.27,3.373224,179.12,3.126253,180.26,3.146195,249.43,4.353437,177.28,3.094039,172.44,3.009670
2026-07-22 12:45:23.233,66.267,193.27,3.373224,179.12,3.126253,180.26,3.146195,250.75,4.376447,177.28,3.094039,172.44,3.009670
2026-07-22 12:45:23.268,66.301,193.27,3.373224,179.12,3.126253,180.26,3.146195,251.98,4.397923,177.28,3.094039,172.44,3.009670
2026-07-22 12:45:23.299,66.334,193.27,3.373224,179.12,3.126253,180.26,3.146195,252.86,4.413263,177.28,3.094039,172.44,3.009670
2026-07-22 12:45:23.334,66.367,193.27,3.373224,179.12,3.126253,180.26,3.146195,253.83,4.430137,177.28,3.094039,172.44,3.009670
2026-07-22 12:45:23.368,66.401,193.27,3.373224,179.12,3.126253,180.26,3.146195,254.71,4.445476,177.28,3.094039,172.44,3.009670
2026-07-22 12:45:23.401,66.434,193.27,3.373224,179.12,3.126253,180.26,3.146195,255.50,4.459282,177.28,3.094039,172.44,3.009670
2026-07-22 12:45:23.434,66.468,193.27,3.373224,179.12,3.126253,180.26,3.146195,256.38,4.474622,177.28,3.094039,172.44,3.009670
2026-07-22 12:45:23.469,66.502,193.27,3.373224,179.12,3.126253,180.26,3.146195,257.26,4.489962,177.28,3.094039,172.44,3.009670
2026-07-22 12:45:23.500,66.534,193.27,3.373224,179.12,3.126253,180.26,3.146195,258.05,4.503768,177.28,3.094039,172.44,3.009670
2026-07-22 12:45:23.532,66.567,193.27,3.373224,179.12,3.126253,180.26,3.146195,258.75,4.516039,177.28,3.094039,172.44,3.009670
2026-07-22 12:45:23.565,66.601,193.27,3.373224,179.12,3.126253,180.26,3.146195,259.28,4.525243,177.28,3.094039,172.44,3.009670
2026-07-22 12:45:23.599,66.634,193.27,3.373224,179.12,3.126253,180.26,3.146195,259.63,4.531379,177.28,3.094039,172.44,3.009670
2026-07-22 12:45:23.633,66.667,193.27,3.373224,179.12,3.126253,180.26,3.146195,259.98,4.537515,177.28,3.094039,172.44,3.009670
2026-07-22 12:45:23.666,66.701,193.27,3.373224,179.12,3.126253,180.26,3.146195,259.98,4.537515,177.28,3.094039,172.44,3.009670
2026-07-22 12:45:23.699,66.734,193.27,3.373224,179.12,3.126253,180.26,3.146195,259.89,4.535981,177.28,3.094039,172.44,3.009670
2026-07-22 12:45:23.732,66.768,193.27,3.373224,179.12,3.126253,180.26,3.146195,259.89,4.535981,177.28,3.094039,172.44,3.009670
2026-07-22 12:45:23.766,66.801,193.27,3.373224,179.12,3.126253,180.26,3.146195,259.89,4.535981,177.28,3.094039,172.44,3.009670
2026-07-22 12:45:23.799,66.834,193.27,3.373224,179.12,3.126253,180.26,3.146195,259.89,4.535981,177.28,3.094039,172.44,3.009670
2026-07-22 12:45:23.832,66.867,193.27,3.373224,179.12,3.126253,180.26,3.146195,259.89,4.535981,177.28,3.094039,172.44,3.009670
2026-07-22 12:45:23.867,66.901,193.27,3.373224,179.12,3.126253,180.26,3.146195,259.89,4.535981,177.28,3.094039,172.44,3.009670
2026-07-22 12:45:23.899,66.934,193.27,3.373224,179.12,3.126253,180.26,3.146195,259.89,4.535981,177.28,3.094039,172.44,3.009670
2026-07-22 12:45:23.933,66.967,193.27,3.373224,179.12,3.126253,180.26,3.146195,259.89,4.535981,177.28,3.094039,172.44,3.009670
2026-07-22 12:45:23.966,67.001,193.27,3.373224,179.12,3.126253,180.35,3.147729,259.89,4.535981,177.28,3.094039,172.44,3.009670
2026-07-22 12:45:23.999,67.034,193.27,3.373224,179.12,3.126253,180.35,3.147729,259.89,4.535981,177.28,3.094039,172.44,3.009670
2026-07-22 12:45:24.032,67.067,193.27,3.373224,179.12,3.126253,180.35,3.147729,259.72,4.532913,177.28,3.094039,172.44,3.009670
2026-07-22 12:45:24.067,67.101,193.27,3.373224,179.12,3.126253,180.35,3.147729,259.45,4.528311,177.28,3.094039,172.44,3.009670
2026-07-22 12:45:24.102,67.134,193.27,3.373224,179.12,3.126253,180.35,3.147729,259.45,4.528311,177.28,3.094039,172.44,3.009670
2026-07-22 12:45:24.137,67.167,193.27,3.373224,179.12,3.126253,180.44,3.149263,259.37,4.526777,177.28,3.094039,172.44,3.009670
2026-07-22 12:45:24.168,67.201,193.27,3.373224,179.12,3.126253,180.44,3.149263,259.37,4.526777,177.28,3.094039,172.44,3.009670
2026-07-22 12:45:24.201,67.234,193.27,3.373224,179.12,3.126253,180.44,3.149263,259.37,4.526777,177.28,3.094039,172.44,3.009670
2026-07-22 12:45:24.233,67.267,193.27,3.373224,179.12,3.126253,180.44,3.149263,259.28,4.525243,177.28,3.094039,172.44,3.009670
2026-07-22 12:45:24.269,67.301,193.27,3.373224,179.12,3.126253,180.44,3.149263,259.28,4.525243,177.28,3.094039,172.44,3.009670
2026-07-22 12:45:24.301,67.334,193.27,3.373224,179.12,3.126253,180.44,3.149263,259.28,4.525243,177.28,3.094039,172.44,3.009670
2026-07-22 12:45:24.334,67.368,193.27,3.373224,179.12,3.126253,180.44,3.149263,259.28,4.525243,177.28,3.094039,0.00,0.000000
2026-07-22 12:45:24.367,67.401,193.18,3.371690,179.12,3.126253,180.44,3.149263,259.28,4.525243,177.28,3.094039,172.44,3.009670
2026-07-22 12:45:24.400,67.434,193.18,3.371690,179.12,3.126253,180.44,3.149263,259.28,4.525243,177.28,3.094039,172.44,3.009670
2026-07-22 12:45:24.434,67.468,193.18,3.371690,179.21,3.127787,180.44,3.149263,259.28,4.525243,177.28,3.094039,172.44,3.009670
2026-07-22 12:45:24.468,67.501,193.18,3.371690,179.21,3.127787,180.44,3.149263,259.28,4.525243,177.28,3.094039,172.44,3.009670
2026-07-22 12:45:24.500,67.534,193.18,3.371690,179.21,3.127787,180.44,3.149263,259.28,4.525243,177.28,3.094039,172.44,3.009670
2026-07-22 12:45:24.533,67.568,193.18,3.371690,179.21,3.127787,180.44,3.149263,259.19,4.523709,177.28,3.094039,172.44,3.009670
2026-07-22 12:45:24.566,67.601,193.18,3.371690,179.21,3.127787,180.44,3.149263,258.57,4.512971,177.28,3.094039,172.44,3.009670
2026-07-22 12:45:24.600,67.634,193.18,3.371690,179.21,3.127787,180.44,3.149263,257.08,4.486894,177.28,3.094039,172.44,3.009670
2026-07-22 12:45:24.633,67.667,193.18,3.371690,179.21,3.127787,180.44,3.149263,254.97,4.450078,177.28,3.094039,172.44,3.009670
2026-07-22 12:45:24.666,67.701,193.10,3.370156,179.21,3.127787,180.44,3.149263,252.60,4.408661,177.28,3.094039,172.44,3.009670
2026-07-22 12:45:24.700,67.734,193.10,3.370156,179.21,3.127787,180.44,3.149263,250.40,4.370311,177.28,3.094039,172.44,3.009670
2026-07-22 12:45:24.734,67.768,193.10,3.370156,179.21,3.127787,180.44,3.149263,247.94,4.327360,177.28,3.094039,172.44,3.009670
2026-07-22 12:45:24.766,67.801,193.10,3.370156,179.21,3.127787,180.44,3.149263,245.57,4.285942,177.28,3.094039,172.44,3.009670
2026-07-22 12:45:24.799,67.834,193.10,3.370156,179.21,3.127787,180.44,3.149263,243.11,4.242991,177.28,3.094039,172.44,3.009670
2026-07-22 12:45:24.833,67.867,193.10,3.370156,179.21,3.127787,180.35,3.147729,240.73,4.201573,177.28,3.094039,172.44,3.009670
2026-07-22 12:45:24.866,67.901,193.10,3.370156,179.21,3.127787,180.35,3.147729,238.62,4.164758,177.28,3.094039,172.44,3.009670
2026-07-22 12:45:24.900,67.934,193.10,3.370156,179.21,3.127787,180.35,3.147729,236.69,4.131010,177.28,3.094039,172.44,3.009670
2026-07-22 12:45:24.935,67.968,193.10,3.370156,179.21,3.127787,180.35,3.147729,234.67,4.095729,177.28,3.094039,172.44,3.009670
2026-07-22 12:45:24.968,68.001,193.10,3.370156,179.21,3.127787,180.35,3.147729,232.73,4.061981,177.28,3.094039,172.44,3.009670
2026-07-22 12:45:25.000,68.034,193.10,3.370156,179.21,3.127787,180.35,3.147729,230.54,4.023632,177.28,3.094039,172.44,3.009670
2026-07-22 12:45:25.036,68.068,193.10,3.370156,179.21,3.127787,180.35,3.147729,228.25,3.983748,177.28,3.094039,172.44,3.009670
2026-07-22 12:45:25.067,68.101,193.10,3.370156,179.21,3.127787,180.35,3.147729,225.97,3.943865,177.28,3.094039,172.44,3.009670
2026-07-22 12:45:25.100,68.134,193.10,3.370156,179.21,3.127787,180.35,3.147729,223.51,3.900913,177.28,3.094039,172.44,3.009670
2026-07-22 12:45:25.133,68.167,193.10,3.370156,179.21,3.127787,180.35,3.147729,221.13,3.859496,177.28,3.094039,172.44,3.009670
2026-07-22 12:45:25.166,68.200,193.10,3.370156,179.21,3.127787,180.35,3.147729,218.41,3.811942,177.19,3.092505,172.44,3.009670
2026-07-22 12:45:25.200,68.234,193.10,3.370156,179.21,3.127787,180.35,3.147729,215.60,3.762855,177.19,3.092505,172.44,3.009670
2026-07-22 12:45:25.234,68.267,193.10,3.370156,179.21,3.127787,180.35,3.147729,212.70,3.712234,177.19,3.092505,172.44,3.009670
2026-07-22 12:45:25.266,68.301,193.10,3.370156,179.21,3.127787,180.35,3.147729,209.53,3.657010,177.19,3.092505,172.44,3.009670
2026-07-22 12:45:25.299,68.334,193.10,3.370156,179.21,3.127787,180.35,3.147729,206.46,3.603321,177.19,3.092505,172.44,3.009670
2026-07-22 12:45:25.333,68.368,193.10,3.370156,179.21,3.127787,180.35,3.147729,203.12,3.545030,177.19,3.092505,172.44,3.009670
2026-07-22 12:45:25.366,68.401,193.10,3.370156,179.21,3.127787,180.35,3.147729,199.95,3.489806,177.19,3.092505,172.44,3.009670
2026-07-22 12:45:25.400,68.434,193.10,3.370156,179.21,3.127787,180.35,3.147729,196.61,3.431515,177.19,3.092505,172.44,3.009670
2026-07-22 12:45:25.433,68.467,193.10,3.370156,179.21,3.127787,180.35,3.147729,193.18,3.371690,177.10,3.090971,172.44,3.009670
2026-07-22 12:45:25.466,68.501,193.18,3.371690,179.21,3.127787,180.35,3.147729,189.76,3.311865,177.10,3.090971,172.44,3.009670
2026-07-22 12:45:25.499,68.534,193.18,3.371690,179.21,3.127787,180.35,3.147729,186.06,3.247437,177.10,3.090971,172.44,3.009670
2026-07-22 12:45:25.533,68.568,193.18,3.371690,179.21,3.127787,180.35,3.147729,182.37,3.183010,177.28,3.094039,172.44,3.009670
2026-07-22 12:45:25.568,68.601,193.27,3.373224,179.21,3.127787,180.35,3.147729,178.95,3.123185,177.28,3.094039,172.44,3.009670
2026-07-22 12:45:25.601,68.634,193.27,3.373224,179.21,3.127787,180.35,3.147729,176.57,3.081767,177.28,3.094039,172.44,3.009670
2026-07-22 12:45:25.633,68.667,193.27,3.373224,179.21,3.127787,180.35,3.147729,176.13,3.074097,177.19,3.092505,172.44,3.009670
2026-07-22 12:45:25.666,68.701,193.36,3.374758,179.21,3.127787,180.35,3.147729,176.84,3.086369,177.01,3.089437,172.44,3.009670
2026-07-22 12:45:25.700,68.734,193.36,3.374758,179.21,3.127787,180.35,3.147729,177.36,3.095573,177.01,3.089437,172.44,3.009670
2026-07-22 12:45:25.736,68.767,193.36,3.374758,179.21,3.127787,180.35,3.147729,177.54,3.098641,177.01,3.089437,172.44,3.009670
2026-07-22 12:45:25.770,68.802,193.36,3.374758,179.21,3.127787,180.35,3.147729,177.45,3.097107,177.01,3.089437,172.44,3.009670
2026-07-22 12:45:25.803,68.834,193.36,3.374758,179.21,3.127787,180.35,3.147729,177.45,3.097107,177.01,3.089437,172.44,3.009670
2026-07-22 12:45:25.834,68.867,193.36,3.374758,179.21,3.127787,180.35,3.147729,177.45,3.097107,177.01,3.089437,172.44,3.009670
2026-07-22 12:45:25.869,68.901,193.36,3.374758,179.21,3.127787,180.35,3.147729,177.45,3.097107,177.01,3.089437,172.44,3.009670
2026-07-22 12:45:25.900,68.934,193.36,3.374758,179.21,3.127787,180.35,3.147729,177.45,3.097107,177.01,3.089437,172.44,3.009670
2026-07-22 12:45:25.932,68.967,193.36,3.374758,179.21,3.127787,180.35,3.147729,177.45,3.097107,177.01,3.089437,172.44,3.009670
2026-07-22 12:45:25.967,69.001,193.36,3.374758,179.21,3.127787,180.35,3.147729,177.45,3.097107,177.01,3.089437,172.44,3.009670
2026-07-22 12:45:26.000,69.034,193.36,3.374758,179.21,3.127787,180.35,3.147729,177.45,3.097107,177.01,3.089437,172.44,3.009670
2026-07-22 12:45:26.034,69.068,193.36,3.374758,179.21,3.127787,180.35,3.147729,177.45,3.097107,177.01,3.089437,172.44,3.009670
2026-07-22 12:45:26.066,69.101,193.36,3.374758,179.21,3.127787,180.35,3.147729,177.45,3.097107,177.01,3.089437,172.44,3.009670
2026-07-22 12:45:26.100,69.134,193.36,3.374758,179.21,3.127787,180.35,3.147729,177.45,3.097107,177.01,3.089437,172.44,3.009670
2026-07-22 12:45:26.132,69.167,193.27,3.373224,179.12,3.126253,180.35,3.147729,177.45,3.097107,177.01,3.089437,172.44,3.009670
2026-07-22 12:45:26.167,69.201,193.18,3.371690,179.12,3.126253,180.35,3.147729,177.45,3.097107,177.01,3.089437,172.44,3.009670
2026-07-22 12:45:26.200,69.234,192.74,3.364020,179.12,3.126253,180.35,3.147729,177.45,3.097107,177.01,3.089437,172.44,3.009670
2026-07-22 12:45:26.233,69.268,190.81,3.330272,179.12,3.126253,180.35,3.147729,177.45,3.097107,177.01,3.089437,172.44,3.009670
2026-07-22 12:45:26.266,69.301,187.38,3.270447,179.12,3.126253,180.35,3.147729,177.45,3.097107,177.01,3.089437,172.44,3.009670
2026-07-22 12:45:26.300,69.334,182.29,3.181476,179.12,3.126253,180.35,3.147729,177.45,3.097107,177.01,3.089437,172.44,3.009670
2026-07-22 12:45:26.333,69.368,176.75,3.084835,179.12,3.126253,180.35,3.147729,177.45,3.097107,177.01,3.089437,172.44,3.009670
2026-07-22 12:45:26.366,69.401,171.74,2.997398,179.12,3.126253,180.35,3.147729,177.45,3.097107,177.01,3.089437,172.44,3.009670
2026-07-22 12:45:26.399,69.434,167.52,2.923767,179.12,3.126253,180.35,3.147729,177.45,3.097107,177.01,3.089437,172.44,3.009670
2026-07-22 12:45:26.433,69.468,165.94,2.896156,179.12,3.126253,180.35,3.147729,177.45,3.097107,177.01,3.089437,172.44,3.009670
2026-07-22 12:45:26.467,69.501,166.29,2.902292,179.12,3.126253,180.35,3.147729,177.45,3.097107,177.01,3.089437,172.44,3.009670
2026-07-22 12:45:26.501,69.534,167.52,2.923767,179.12,3.126253,180.35,3.147729,177.45,3.097107,177.01,3.089437,172.44,3.009670
2026-07-22 12:45:26.535,69.567,169.45,2.957515,179.12,3.126253,180.35,3.147729,177.45,3.097107,177.01,3.089437,172.44,3.009670
2026-07-22 12:45:26.568,69.601,171.65,2.995864,179.12,3.126253,180.35,3.147729,177.45,3.097107,177.01,3.089437,172.44,3.009670
2026-07-22 12:45:26.600,69.635,174.29,3.041884,179.12,3.126253,180.35,3.147729,177.45,3.097107,177.01,3.089437,172.44,3.009670
2026-07-22 12:45:26.635,69.667,176.75,3.084835,179.12,3.126253,180.35,3.147729,177.45,3.097107,177.01,3.089437,172.44,3.009670
2026-07-22 12:45:26.668,69.701,179.21,3.127787,179.12,3.126253,180.35,3.147729,177.45,3.097107,177.01,3.089437,172.44,3.009670
2026-07-22 12:45:26.701,69.734,181.58,3.169204,179.12,3.126253,180.35,3.147729,177.45,3.097107,177.01,3.089437,172.44,3.009670
2026-07-22 12:45:26.733,69.768,184.04,3.212156,179.12,3.126253,180.26,3.146195,177.45,3.097107,177.01,3.089437,172.44,3.009670
2026-07-22 12:45:26.769,69.801,186.42,3.253573,179.12,3.126253,180.26,3.146195,177.45,3.097107,177.01,3.089437,172.44,3.009670
2026-07-22 12:45:26.802,69.834,188.17,3.284253,179.12,3.126253,180.26,3.146195,177.45,3.097107,177.01,3.089437,172.44,3.009670
2026-07-22 12:45:26.835,69.868,189.67,3.310331,179.12,3.126253,180.26,3.146195,177.45,3.097107,177.01,3.089437,172.44,3.009670
2026-07-22 12:45:26.867,69.901,190.46,3.324136,179.12,3.126253,180.26,3.146195,177.45,3.097107,177.01,3.089437,172.44,3.009670
2026-07-22 12:45:26.900,69.934,190.63,3.327204,179.12,3.126253,180.26,3.146195,177.45,3.097107,177.01,3.089437,172.44,3.009670
2026-07-22 12:45:26.933,69.968,190.63,3.327204,179.12,3.126253,180.26,3.146195,177.45,3.097107,177.01,3.089437,172.44,3.009670
2026-07-22 12:45:26.967,70.001,190.63,3.327204,179.12,3.126253,180.26,3.146195,177.45,3.097107,177.01,3.089437,172.44,3.009670
2026-07-22 12:45:27.000,70.034,190.63,3.327204,179.12,3.126253,180.26,3.146195,177.45,3.097107,177.01,3.089437,172.44,3.009670
2026-07-22 12:45:27.033,70.068,190.63,3.327204,179.12,3.126253,180.26,3.146195,177.45,3.097107,177.01,3.089437,172.44,3.009670
2026-07-22 12:45:27.066,70.101,190.63,3.327204,179.12,3.126253,180.26,3.146195,177.45,3.097107,177.01,3.089437,172.44,3.009670
2026-07-22 12:45:27.100,70.134,190.63,3.327204,179.12,3.126253,180.26,3.146195,177.45,3.097107,177.01,3.089437,172.44,3.009670
2026-07-22 12:45:27.133,70.168,190.63,3.327204,179.12,3.126253,180.26,3.146195,177.45,3.097107,177.01,3.089437,172.44,3.009670
2026-07-22 12:45:27.166,70.201,190.55,3.325670,179.12,3.126253,180.26,3.146195,177.45,3.097107,177.01,3.089437,172.44,3.009670
2026-07-22 12:45:27.201,70.234,190.55,3.325670,179.12,3.126253,180.26,3.146195,177.45,3.097107,177.01,3.089437,172.44,3.009670
2026-07-22 12:45:27.234,70.267,190.20,3.319534,179.12,3.126253,180.26,3.146195,177.45,3.097107,177.01,3.089437,172.44,3.009670
2026-07-22 12:45:27.268,70.301,189.58,3.308797,179.12,3.126253,180.35,3.147729,177.45,3.097107,177.01,3.089437,172.44,3.009670
2026-07-22 12:45:27.304,70.335,189.23,3.302661,179.12,3.126253,180.35,3.147729,177.45,3.097107,177.01,3.089437,172.44,3.009670
2026-07-22 12:45:27.337,70.368,188.35,3.287321,179.12,3.126253,180.35,3.147729,177.45,3.097107,177.01,3.089437,172.44,3.009670
2026-07-22 12:45:27.370,70.401,186.68,3.258175,179.12,3.126253,180.35,3.147729,177.45,3.097107,177.01,3.089437,172.44,3.009670
2026-07-22 12:45:27.403,70.434,184.04,3.212156,179.12,3.126253,180.35,3.147729,177.45,3.097107,177.01,3.089437,172.44,3.009670
2026-07-22 12:45:27.436,70.468,181.05,3.160000,179.12,3.126253,180.35,3.147729,177.45,3.097107,177.01,3.089437,172.44,3.009670
2026-07-22 12:45:27.468,70.502,178.15,3.109379,179.12,3.126253,180.35,3.147729,177.45,3.097107,177.01,3.089437,172.44,3.009670
2026-07-22 12:45:27.499,70.534,175.87,3.069496,179.12,3.126253,180.35,3.147729,177.45,3.097107,177.01,3.089437,172.44,3.009670
2026-07-22 12:45:27.533,70.567,174.02,3.037282,179.12,3.126253,180.35,3.147729,177.45,3.097107,177.01,3.089437,172.44,3.009670
2026-07-22 12:45:27.567,70.601,173.06,3.020408,179.12,3.126253,180.35,3.147729,177.45,3.097107,177.01,3.089437,172.44,3.009670
2026-07-22 12:45:27.601,70.634,172.97,3.018874,179.12,3.126253,180.35,3.147729,177.45,3.097107,177.01,3.089437,172.44,3.009670
2026-07-22 12:45:27.635,70.668,173.14,3.021942,179.12,3.126253,180.35,3.147729,177.45,3.097107,177.01,3.089437,172.44,3.009670
2026-07-22 12:45:27.666,70.701,173.14,3.021942,179.12,3.126253,180.35,3.147729,177.45,3.097107,177.01,3.089437,172.44,3.009670
2026-07-22 12:45:27.699,70.734,173.14,3.021942,179.12,3.126253,180.35,3.147729,177.45,3.097107,177.01,3.089437,172.44,3.009670
2026-07-22 12:45:27.734,70.767,173.14,3.021942,179.12,3.126253,180.35,3.147729,177.45,3.097107,177.01,3.089437,172.44,3.009670
2026-07-22 12:45:27.766,70.801,173.14,3.021942,179.03,3.124719,180.35,3.147729,177.45,3.097107,177.01,3.089437,172.44,3.009670
2026-07-22 12:45:27.799,70.834,173.14,3.021942,179.03,3.124719,180.35,3.147729,177.45,3.097107,177.01,3.089437,172.44,3.009670
2026-07-22 12:45:27.833,70.868,173.14,3.021942,179.03,3.124719,180.35,3.147729,177.45,3.097107,177.01,3.089437,172.44,3.009670
2026-07-22 12:45:27.866,70.901,173.06,3.020408,179.03,3.124719,180.35,3.147729,177.45,3.097107,177.01,3.089437,172.44,3.009670
2026-07-22 12:45:27.899,70.934,173.06,3.020408,179.03,3.124719,180.35,3.147729,177.45,3.097107,177.01,3.089437,172.44,3.009670
2026-07-22 12:45:27.933,70.968,173.06,3.020408,179.03,3.124719,180.35,3.147729,177.45,3.097107,177.01,3.089437,172.44,3.009670
2026-07-22 12:45:27.966,71.001,173.06,3.020408,179.03,3.124719,180.35,3.147729,177.45,3.097107,177.01,3.089437,172.44,3.009670
2026-07-22 12:45:27.999,71.034,173.14,3.021942,179.03,3.124719,180.35,3.147729,177.45,3.097107,177.01,3.089437,172.44,3.009670
2026-07-22 12:45:28.032,71.067,173.14,3.021942,179.03,3.124719,180.35,3.147729,177.45,3.097107,177.01,3.089437,172.44,3.009670
2026-07-22 12:45:28.067,71.101,173.23,3.023476,179.03,3.124719,180.35,3.147729,177.45,3.097107,177.01,3.089437,172.44,3.009670
2026-07-22 12:45:28.100,71.134,173.50,3.028078,179.03,3.124719,180.35,3.147729,177.45,3.097107,177.01,3.089437,172.44,3.009670
2026-07-22 12:45:28.135,71.167,174.55,3.046486,179.03,3.124719,180.35,3.147729,177.45,3.097107,177.01,3.089437,172.44,3.009670
2026-07-22 12:45:28.166,71.201,176.66,3.083301,179.03,3.124719,180.35,3.147729,177.45,3.097107,177.01,3.089437,172.44,3.009670
2026-07-22 12:45:28.200,71.234,179.38,3.130855,179.03,3.124719,180.35,3.147729,177.45,3.097107,177.01,3.089437,172.44,3.009670
2026-07-22 12:45:28.235,71.268,182.55,3.186078,179.12,3.126253,180.35,3.147729,177.45,3.097107,177.01,3.089437,172.44,3.009670
2026-07-22 12:45:28.269,71.302,185.80,3.242835,179.21,3.127787,180.35,3.147729,177.45,3.097107,177.01,3.089437,172.44,3.009670
2026-07-22 12:45:28.300,71.334,188.26,3.285787,179.21,3.127787,180.35,3.147729,177.45,3.097107,177.01,3.089437,172.44,3.009670
2026-07-22 12:45:28.333,71.367,189.84,3.313399,179.21,3.127787,180.35,3.147729,177.45,3.097107,177.01,3.089437,172.44,3.009670
2026-07-22 12:45:28.367,71.402,190.37,3.322602,179.21,3.127787,180.35,3.147729,177.45,3.097107,177.01,3.089437,172.44,3.009670
2026-07-22 12:45:28.399,71.434,190.20,3.319534,179.21,3.127787,180.35,3.147729,177.45,3.097107,177.01,3.089437,172.44,3.009670
2026-07-22 12:45:28.433,71.467,190.28,3.321068,179.21,3.127787,180.35,3.147729,177.45,3.097107,177.01,3.089437,172.44,3.009670
2026-07-22 12:45:28.466,71.501,190.28,3.321068,179.21,3.127787,180.35,3.147729,177.45,3.097107,177.01,3.089437,172.44,3.009670
2026-07-22 12:45:28.499,71.534,190.28,3.321068,179.21,3.127787,180.35,3.147729,177.45,3.097107,177.01,3.089437,172.44,3.009670
2026-07-22 12:45:28.533,71.567,190.28,3.321068,179.12,3.126253,180.35,3.147729,177.45,3.097107,177.01,3.089437,172.44,3.009670
2026-07-22 12:45:28.566,71.601,190.28,3.321068,179.12,3.126253,180.35,3.147729,177.45,3.097107,177.01,3.089437,172.44,3.009670
2026-07-22 12:45:28.599,71.634,190.28,3.321068,179.12,3.126253,180.35,3.147729,177.45,3.097107,177.01,3.089437,172.44,3.009670
2026-07-22 12:45:28.633,71.668,190.28,3.321068,179.12,3.126253,180.35,3.147729,177.45,3.097107,177.01,3.089437,172.44,3.009670
2026-07-22 12:45:28.666,71.701,190.28,3.321068,179.12,3.126253,180.35,3.147729,177.45,3.097107,177.01,3.089437,172.44,3.009670
2026-07-22 12:45:28.699,71.734,190.63,3.327204,179.12,3.126253,180.26,3.146195,177.45,3.097107,177.01,3.089437,172.44,3.009670
2026-07-22 12:45:28.734,71.767,190.99,3.333340,179.12,3.126253,180.26,3.146195,177.45,3.097107,177.01,3.089437,172.44,3.009670
2026-07-22 12:45:28.766,71.801,191.51,3.342544,179.12,3.126253,180.26,3.146195,177.45,3.097107,177.01,3.089437,172.44,3.009670
2026-07-22 12:45:28.799,71.834,192.22,3.354816,179.21,3.127787,180.26,3.146195,177.45,3.097107,177.01,3.089437,172.44,3.009670
2026-07-22 12:45:28.833,71.868,192.74,3.364020,179.30,3.129321,180.26,3.146195,177.45,3.097107,177.01,3.089437,172.44,3.009670
2026-07-22 12:45:28.866,71.901,193.18,3.371690,179.91,3.140059,180.26,3.146195,177.45,3.097107,177.01,3.089437,172.44,3.009670
2026-07-22 12:45:28.900,71.934,193.36,3.374758,181.23,3.163068,180.26,3.146195,177.45,3.097107,177.01,3.089437,172.44,3.009670
2026-07-22 12:45:28.933,71.967,193.45,3.376292,183.16,3.196816,180.35,3.147729,177.45,3.097107,177.01,3.089437,172.44,3.009670
2026-07-22 12:45:28.966,72.001,193.45,3.376292,185.45,3.236699,180.53,3.150797,177.45,3.097107,177.01,3.089437,172.44,3.009670
2026-07-22 12:45:28.999,72.035,193.45,3.376292,187.91,3.279651,180.70,3.153864,177.45,3.097107,177.01,3.089437,172.44,3.009670
2026-07-22 12:45:29.033,72.068,193.45,3.376292,190.02,3.316466,180.79,3.155398,177.45,3.097107,177.01,3.089437,172.44,3.009670
2026-07-22 12:45:29.066,72.100,193.36,3.374758,191.87,3.348680,180.88,3.156932,177.45,3.097107,177.01,3.089437,172.44,3.009670
2026-07-22 12:45:29.099,72.134,193.27,3.373224,193.80,3.382428,180.88,3.156932,177.45,3.097107,177.01,3.089437,172.44,3.009670
2026-07-22 12:45:29.133,72.168,193.27,3.373224,195.38,3.410039,180.88,3.156932,177.45,3.097107,177.01,3.089437,172.44,3.009670
2026-07-22 12:45:29.166,72.201,193.27,3.373224,196.35,3.426913,180.88,3.156932,177.45,3.097107,177.01,3.089437,172.44,3.009670
2026-07-22 12:45:29.200,72.234,193.27,3.373224,196.44,3.428447,180.88,3.156932,177.45,3.097107,177.01,3.089437,172.44,3.009670
2026-07-22 12:45:29.234,72.268,193.10,3.370156,196.17,3.423845,180.88,3.156932,177.45,3.097107,177.01,3.089437,172.44,3.009670
2026-07-22 12:45:29.267,72.301,193.01,3.368622,195.56,3.413107,180.97,3.158466,177.45,3.097107,177.01,3.089437,172.44,3.009670
2026-07-22 12:45:29.300,72.334,193.01,3.368622,194.41,3.393166,180.97,3.158466,177.45,3.097107,177.01,3.089437,172.44,3.009670
2026-07-22 12:45:29.334,72.367,193.01,3.368622,193.01,3.368622,180.88,3.156932,177.45,3.097107,177.01,3.089437,172.44,3.009670
2026-07-22 12:45:29.367,72.401,193.01,3.368622,191.51,3.342544,180.79,3.155398,177.45,3.097107,177.01,3.089437,172.44,3.009670
2026-07-22 12:45:29.399,72.434,193.01,3.368622,189.76,3.311865,180.70,3.153864,177.45,3.097107,177.01,3.089437,172.44,3.009670
2026-07-22 12:45:29.432,72.467,193.01,3.368622,187.91,3.279651,180.53,3.150797,177.45,3.097107,177.01,3.089437,172.44,3.009670
2026-07-22 12:45:29.467,72.501,193.01,3.368622,186.06,3.247437,180.44,3.149263,177.45,3.097107,177.01,3.089437,172.44,3.009670
2026-07-22 12:45:29.499,72.534,193.01,3.368622,184.22,3.215224,180.35,3.147729,177.45,3.097107,177.01,3.089437,172.44,3.009670
2026-07-22 12:45:29.533,72.568,192.92,3.367088,182.55,3.186078,180.26,3.146195,177.45,3.097107,176.92,3.087903,172.44,3.009670
2026-07-22 12:45:29.566,72.601,192.92,3.367088,181.49,3.167670,180.26,3.146195,177.45,3.097107,176.92,3.087903,172.44,3.009670
2026-07-22 12:45:29.600,72.634,192.92,3.367088,180.18,3.144661,180.26,3.146195,177.45,3.097107,176.92,3.087903,172.44,3.009670
2026-07-22 12:45:29.633,72.667,192.92,3.367088,179.21,3.127787,180.26,3.146195,177.45,3.097107,176.92,3.087903,172.44,3.009670
2026-07-22 12:45:29.667,72.701,192.92,3.367088,178.77,3.120117,180.26,3.146195,177.45,3.097107,176.92,3.087903,172.44,3.009670
2026-07-22 12:45:29.699,72.734,192.92,3.367088,178.95,3.123185,180.26,3.146195,177.45,3.097107,176.92,3.087903,172.44,3.009670
2026-07-22 12:45:29.735,72.768,192.92,3.367088,179.12,3.126253,180.26,3.146195,177.45,3.097107,176.92,3.087903,172.44,3.009670
2026-07-22 12:45:29.768,72.801,192.92,3.367088,179.30,3.129321,180.26,3.146195,177.45,3.097107,176.92,3.087903,172.44,3.009670
2026-07-22 12:45:29.801,72.834,192.92,3.367088,179.30,3.129321,180.26,3.146195,177.45,3.097107,176.92,3.087903,172.44,3.009670
2026-07-22 12:45:29.835,72.869,192.92,3.367088,179.30,3.129321,180.26,3.146195,177.45,3.097107,176.92,3.087903,172.44,3.009670
2026-07-22 12:45:29.868,72.902,192.92,3.367088,179.30,3.129321,180.26,3.146195,177.45,3.097107,176.92,3.087903,172.44,3.009670
2026-07-22 12:45:29.899,72.934,192.92,3.367088,179.30,3.129321,180.26,3.146195,177.45,3.097107,176.92,3.087903,172.44,3.009670
2026-07-22 12:45:29.932,72.967,192.92,3.367088,179.30,3.129321,180.26,3.146195,177.45,3.097107,176.92,3.087903,172.44,3.009670
2026-07-22 12:45:29.966,73.001,192.92,3.367088,179.30,3.129321,180.26,3.146195,177.45,3.097107,176.92,3.087903,172.44,3.009670
2026-07-22 12:45:30.000,73.034,192.92,3.367088,179.30,3.129321,180.26,3.146195,177.45,3.097107,176.92,3.087903,172.44,3.009670
2026-07-22 12:45:30.033,73.068,192.92,3.367088,179.30,3.129321,180.26,3.146195,177.45,3.097107,176.92,3.087903,172.44,3.009670
2026-07-22 12:45:30.066,73.101,192.92,3.367088,179.30,3.129321,180.26,3.146195,177.45,3.097107,176.92,3.087903,172.44,3.009670
2026-07-22 12:45:30.099,73.134,192.92,3.367088,179.30,3.129321,180.26,3.146195,177.45,3.097107,176.92,3.087903,172.44,3.009670
2026-07-22 12:45:30.133,73.168,193.01,3.368622,179.30,3.129321,180.26,3.146195,177.45,3.097107,176.92,3.087903,172.44,3.009670
2026-07-22 12:45:30.166,73.201,193.18,3.371690,179.38,3.130855,180.26,3.146195,177.45,3.097107,176.92,3.087903,172.44,3.009670
2026-07-22 12:45:30.201,73.234,193.18,3.371690,179.38,3.130855,180.26,3.146195,177.45,3.097107,176.92,3.087903,172.44,3.009670
2026-07-22 12:45:30.233,73.267,193.18,3.371690,179.38,3.130855,180.26,3.146195,177.45,3.097107,176.92,3.087903,172.44,3.009670
2026-07-22 12:45:30.266,73.301,193.18,3.371690,179.38,3.130855,180.26,3.146195,177.45,3.097107,176.92,3.087903,172.44,3.009670
2026-07-22 12:45:30.300,73.334,193.18,3.371690,179.38,3.130855,180.18,3.144661,177.45,3.097107,176.92,3.087903,172.44,3.009670
2026-07-22 12:45:30.333,73.367,193.18,3.371690,179.38,3.130855,180.09,3.143127,177.45,3.097107,176.92,3.087903,172.44,3.009670
2026-07-22 12:45:30.367,73.401,193.18,3.371690,179.47,3.132389,180.00,3.141593,177.45,3.097107,176.92,3.087903,172.44,3.009670
2026-07-22 12:45:30.400,73.434,193.18,3.371690,179.47,3.132389,180.00,3.141593,177.45,3.097107,176.92,3.087903,172.44,3.009670
2026-07-22 12:45:30.434,73.468,193.18,3.371690,179.47,3.132389,180.00,3.141593,177.45,3.097107,176.92,3.087903,172.44,3.009670
2026-07-22 12:45:30.469,73.501,193.18,3.371690,179.47,3.132389,179.65,3.135457,177.45,3.097107,176.92,3.087903,172.44,3.009670
2026-07-22 12:45:30.499,73.534,193.18,3.371690,179.47,3.132389,178.68,3.118583,177.45,3.097107,176.92,3.087903,172.44,3.009670
2026-07-22 12:45:30.535,73.568,193.18,3.371690,179.47,3.132389,177.01,3.089437,177.45,3.097107,176.92,3.087903,172.44,3.009670
2026-07-22 12:45:30.570,73.601,193.18,3.371690,179.47,3.132389,174.64,3.048020,177.45,3.097107,176.92,3.087903,172.44,3.009670
2026-07-22 12:45:30.601,73.634,193.18,3.371690,179.47,3.132389,172.35,3.008136,177.45,3.097107,176.92,3.087903,172.44,3.009670
2026-07-22 12:45:30.634,73.667,193.10,3.370156,179.47,3.132389,170.33,2.972855,177.45,3.097107,176.92,3.087903,172.44,3.009670
2026-07-22 12:45:30.668,73.702,193.10,3.370156,179.47,3.132389,168.93,2.948311,177.45,3.097107,176.92,3.087903,172.44,3.009670
2026-07-22 12:45:30.700,73.736,193.10,3.370156,179.47,3.132389,168.13,2.934505,177.45,3.097107,176.92,3.087903,172.44,3.009670
2026-07-22 12:45:30.733,73.768,193.10,3.370156,179.47,3.132389,167.96,2.931437,177.45,3.097107,176.92,3.087903,172.44,3.009670
2026-07-22 12:45:30.769,73.801,193.10,3.370156,179.47,3.132389,167.96,2.931437,177.45,3.097107,176.92,3.087903,172.44,3.009670
2026-07-22 12:45:30.802,73.835,193.10,3.370156,179.47,3.132389,167.96,2.931437,177.45,3.097107,176.92,3.087903,172.44,3.009670
2026-07-22 12:45:30.839,73.874,193.10,3.370156,179.47,3.132389,167.96,2.931437,177.45,3.097107,176.92,3.087903,172.44,3.009670
2026-07-22 12:45:30.867,73.901,193.10,3.370156,179.47,3.132389,167.96,2.931437,177.45,3.097107,176.92,3.087903,172.44,3.009670
2026-07-22 12:45:30.900,73.935,193.10,3.370156,179.47,3.132389,167.96,2.931437,177.45,3.097107,176.92,3.087903,172.44,3.009670
2026-07-22 12:45:30.934,73.968,193.10,3.370156,179.47,3.132389,167.96,2.931437,177.45,3.097107,176.92,3.087903,172.44,3.009670
2026-07-22 12:45:30.967,74.001,193.10,3.370156,179.47,3.132389,167.96,2.931437,177.45,3.097107,176.92,3.087903,172.44,3.009670
2026-07-22 12:45:30.999,74.034,193.10,3.370156,179.47,3.132389,167.96,2.931437,177.45,3.097107,176.92,3.087903,172.44,3.009670
2026-07-22 12:45:31.034,74.068,193.10,3.370156,179.47,3.132389,167.61,2.925301,177.45,3.097107,176.92,3.087903,172.44,3.009670
2026-07-22 12:45:31.066,74.101,193.10,3.370156,179.47,3.132389,167.17,2.917631,177.45,3.097107,176.92,3.087903,172.44,3.009670
2026-07-22 12:45:31.100,74.134,193.10,3.370156,179.47,3.132389,166.90,2.913030,177.45,3.097107,176.92,3.087903,172.44,3.009670
2026-07-22 12:45:31.133,74.168,193.10,3.370156,179.47,3.132389,166.38,2.903826,177.45,3.097107,176.92,3.087903,172.44,3.009670
2026-07-22 12:45:31.168,74.201,193.01,3.368622,179.47,3.132389,165.59,2.890020,177.45,3.097107,176.92,3.087903,172.44,3.009670
2026-07-22 12:45:31.199,74.234,193.01,3.368622,179.47,3.132389,164.53,2.871612,177.45,3.097107,176.92,3.087903,172.44,3.009670
2026-07-22 12:45:31.233,74.267,192.92,3.367088,179.47,3.132389,163.21,2.848602,177.45,3.097107,176.92,3.087903,172.44,3.009670
2026-07-22 12:45:31.266,74.301,192.92,3.367088,179.47,3.132389,161.72,2.822525,177.45,3.097107,176.92,3.087903,172.44,3.009670
2026-07-22 12:45:31.302,74.334,192.92,3.367088,179.47,3.132389,160.14,2.794913,177.45,3.097107,176.92,3.087903,172.44,3.009670
2026-07-22 12:45:31.336,74.367,192.92,3.367088,179.47,3.132389,158.55,2.767301,177.45,3.097107,176.92,3.087903,172.44,3.009670
2026-07-22 12:45:31.366,74.400,192.92,3.367088,179.47,3.132389,157.06,2.741224,177.45,3.097107,176.92,3.087903,172.44,3.009670
2026-07-22 12:45:31.401,74.434,192.92,3.367088,179.47,3.132389,155.57,2.715146,177.45,3.097107,176.92,3.087903,172.44,3.009670
2026-07-22 12:45:31.434,74.467,192.92,3.367088,179.47,3.132389,154.07,2.689068,177.45,3.097107,176.92,3.087903,172.44,3.009670
2026-07-22 12:45:31.469,74.502,192.92,3.367088,179.47,3.132389,152.58,2.662991,177.45,3.097107,176.92,3.087903,172.44,3.009670
2026-07-22 12:45:31.503,74.535,192.92,3.367088,179.47,3.132389,151.44,2.643049,177.45,3.097107,176.92,3.087903,172.44,3.009670
2026-07-22 12:45:31.533,74.568,192.92,3.367088,179.47,3.132389,150.91,2.633845,177.45,3.097107,176.92,3.087903,172.44,3.009670
2026-07-22 12:45:31.566,74.601,192.92,3.367088,179.47,3.132389,150.64,2.629243,177.45,3.097107,176.92,3.087903,172.44,3.009670
2026-07-22 12:45:31.600,74.634,192.92,3.367088,179.47,3.132389,150.64,2.629243,177.45,3.097107,176.92,3.087903,172.44,3.009670
2026-07-22 12:45:31.634,74.668,192.92,3.367088,179.47,3.132389,150.73,2.630777,177.45,3.097107,176.92,3.087903,172.44,3.009670
2026-07-22 12:45:31.666,74.701,192.92,3.367088,179.47,3.132389,150.73,2.630777,177.45,3.097107,176.92,3.087903,172.44,3.009670
2026-07-22 12:45:31.699,74.734,192.92,3.367088,179.47,3.132389,150.91,2.633845,177.45,3.097107,176.92,3.087903,172.44,3.009670
2026-07-22 12:45:31.733,74.767,192.92,3.367088,179.47,3.132389,151.61,2.646117,177.45,3.097107,176.92,3.087903,172.44,3.009670
2026-07-22 12:45:31.766,74.801,192.92,3.367088,179.47,3.132389,153.11,2.672195,177.45,3.097107,176.92,3.087903,172.44,3.009670
2026-07-22 12:45:31.800,74.834,192.92,3.367088,179.47,3.132389,155.21,2.709010,177.45,3.097107,176.92,3.087903,172.44,3.009670
2026-07-22 12:45:31.832,74.867,192.92,3.367088,179.47,3.132389,158.29,2.762699,177.45,3.097107,176.92,3.087903,172.44,3.009670
2026-07-22 12:45:31.866,74.901,192.92,3.367088,179.47,3.132389,161.89,2.825593,177.45,3.097107,176.92,3.087903,172.44,3.009670
2026-07-22 12:45:31.900,74.934,192.92,3.367088,179.47,3.132389,165.76,2.893088,177.45,3.097107,176.92,3.087903,172.44,3.009670
2026-07-22 12:45:31.933,74.967,192.92,3.367088,179.47,3.132389,169.10,2.951379,177.45,3.097107,176.92,3.087903,172.44,3.009670
2026-07-22 12:45:31.967,75.001,192.83,3.365554,179.47,3.132389,171.74,2.997398,177.45,3.097107,176.92,3.087903,172.44,3.009670
2026-07-22 12:45:32.000,75.034,192.83,3.365554,179.47,3.132389,172.88,3.017340,177.45,3.097107,176.92,3.087903,172.44,3.009670
2026-07-22 12:45:32.034,75.068,192.83,3.365554,179.47,3.132389,173.06,3.020408,177.45,3.097107,176.92,3.087903,172.44,3.009670
2026-07-22 12:45:32.066,75.101,192.83,3.365554,179.47,3.132389,173.06,3.020408,177.45,3.097107,176.92,3.087903,172.44,3.009670
2026-07-22 12:45:32.100,75.134,192.83,3.365554,179.47,3.132389,173.06,3.020408,177.45,3.097107,176.92,3.087903,172.44,3.009670
2026-07-22 12:45:32.133,75.168,192.83,3.365554,179.47,3.132389,173.23,3.023476,177.45,3.097107,176.92,3.087903,172.44,3.009670
2026-07-22 12:45:32.168,75.201,192.83,3.365554,179.47,3.132389,173.58,3.029612,177.45,3.097107,176.92,3.087903,172.44,3.009670
2026-07-22 12:45:32.201,75.234,192.83,3.365554,179.47,3.132389,173.85,3.034214,177.45,3.097107,176.92,3.087903,172.44,3.009670
2026-07-22 12:45:32.235,75.268,192.83,3.365554,179.47,3.132389,173.94,3.035748,177.45,3.097107,176.92,3.087903,172.44,3.009670
2026-07-22 12:45:32.268,75.301,192.83,3.365554,179.47,3.132389,173.94,3.035748,177.45,3.097107,176.92,3.087903,172.44,3.009670
2026-07-22 12:45:32.300,75.334,192.83,3.365554,179.47,3.132389,173.94,3.035748,177.45,3.097107,176.92,3.087903,172.44,3.009670
2026-07-22 12:45:32.333,75.367,192.83,3.365554,179.47,3.132389,174.02,3.037282,177.45,3.097107,176.92,3.087903,172.44,3.009670
2026-07-22 12:45:32.367,75.401,192.83,3.365554,179.47,3.132389,174.02,3.037282,177.45,3.097107,176.92,3.087903,172.44,3.009670
2026-07-22 12:45:32.401,75.434,192.83,3.365554,179.47,3.132389,174.11,3.038816,177.45,3.097107,176.92,3.087903,172.44,3.009670
2026-07-22 12:45:32.434,75.468,192.83,3.365554,179.47,3.132389,174.55,3.046486,177.45,3.097107,176.92,3.087903,172.44,3.009670
2026-07-22 12:45:32.466,75.501,192.83,3.365554,179.47,3.132389,175.87,3.069496,177.45,3.097107,176.92,3.087903,172.44,3.009670
2026-07-22 12:45:32.500,75.535,192.83,3.365554,179.47,3.132389,177.98,3.106311,177.45,3.097107,176.92,3.087903,172.44,3.009670
2026-07-22 12:45:32.533,75.567,192.83,3.365554,179.47,3.132389,179.74,3.136991,177.45,3.097107,176.92,3.087903,172.44,3.009670
2026-07-22 12:45:32.567,75.601,192.83,3.365554,179.38,3.130855,180.70,3.153864,177.45,3.097107,176.92,3.087903,172.44,3.009670
2026-07-22 12:45:32.600,75.634,192.83,3.365554,179.38,3.130855,180.35,3.147729,177.45,3.097107,176.92,3.087903,172.44,3.009670
2026-07-22 12:45:32.632,75.667,192.83,3.365554,179.38,3.130855,180.26,3.146195,177.45,3.097107,176.92,3.087903,172.44,3.009670
2026-07-22 12:45:32.666,75.701,192.83,3.365554,179.38,3.130855,180.26,3.146195,177.45,3.097107,176.92,3.087903,172.44,3.009670
2026-07-22 12:45:32.699,75.734,192.83,3.365554,179.38,3.130855,180.26,3.146195,177.45,3.097107,176.92,3.087903,172.44,3.009670
2026-07-22 12:45:32.733,75.768,192.83,3.365554,179.38,3.130855,180.18,3.144661,177.45,3.097107,176.92,3.087903,172.44,3.009670
2026-07-22 12:45:32.766,75.801,192.83,3.365554,179.38,3.130855,179.91,3.140059,177.45,3.097107,176.92,3.087903,172.44,3.009670
2026-07-22 12:45:32.800,75.834,192.83,3.365554,179.38,3.130855,179.74,3.136991,177.45,3.097107,176.92,3.087903,172.44,3.009670
2026-07-22 12:45:32.834,75.867,192.83,3.365554,179.38,3.130855,179.65,3.135457,177.45,3.097107,176.92,3.087903,172.44,3.009670
2026-07-22 12:45:32.867,75.901,192.74,3.364020,179.38,3.130855,179.56,3.133923,177.45,3.097107,176.92,3.087903,172.44,3.009670
2026-07-22 12:45:32.902,75.934,192.74,3.364020,179.47,3.132389,178.51,3.115515,177.45,3.097107,176.92,3.087903,172.44,3.009670
2026-07-22 12:45:32.938,75.968,192.74,3.364020,179.47,3.132389,176.04,3.072564,177.45,3.097107,176.92,3.087903,172.44,3.009670
2026-07-22 12:45:32.969,76.000,192.74,3.364020,179.47,3.132389,172.62,3.012738,177.45,3.097107,176.92,3.087903,172.44,3.009670
2026-07-22 12:45:33.003,76.034,192.74,3.364020,179.47,3.132389,167.96,2.931437,177.45,3.097107,176.92,3.087903,172.44,3.009670
2026-07-22 12:45:33.035,76.068,192.74,3.364020,179.47,3.132389,162.60,2.837864,177.45,3.097107,176.92,3.087903,172.44,3.009670
2026-07-22 12:45:33.068,76.101,192.74,3.364020,179.47,3.132389,157.24,2.744292,177.45,3.097107,176.92,3.087903,172.44,3.009670
2026-07-22 12:45:33.103,76.134,192.74,3.364020,179.47,3.132389,151.44,2.643049,177.45,3.097107,176.92,3.087903,172.44,3.009670
2026-07-22 12:45:33.133,76.168,192.74,3.364020,179.47,3.132389,145.63,2.541806,177.45,3.097107,176.92,3.087903,172.44,3.009670
2026-07-22 12:45:33.167,76.201,192.74,3.364020,179.47,3.132389,139.75,2.439029,177.45,3.097107,176.92,3.087903,172.44,3.009670
2026-07-22 12:45:33.200,76.234,192.74,3.364020,179.47,3.132389,133.68,2.333185,177.45,3.097107,176.92,3.087903,172.44,3.009670
2026-07-22 12:45:33.233,76.267,192.74,3.364020,179.47,3.132389,127.53,2.225806,177.45,3.097107,176.92,3.087903,172.44,3.009670
2026-07-22 12:45:33.266,76.301,192.74,3.364020,179.47,3.132389,121.38,2.118427,177.45,3.097107,176.92,3.087903,172.44,3.009670
2026-07-22 12:45:33.299,76.334,192.74,3.364020,179.47,3.132389,115.58,2.017185,177.45,3.097107,176.92,3.087903,172.44,3.009670
2026-07-22 12:45:33.333,76.368,192.83,3.365554,179.47,3.132389,109.86,1.917476,177.45,3.097107,176.92,3.087903,172.44,3.009670
2026-07-22 12:45:33.366,76.401,192.83,3.365554,179.47,3.132389,104.41,1.822369,177.45,3.097107,176.92,3.087903,172.44,3.009670
2026-07-22 12:45:33.399,76.434,192.83,3.365554,179.47,3.132389,99.49,1.736466,177.45,3.097107,176.92,3.087903,172.44,3.009670
2026-07-22 12:45:33.432,76.467,192.92,3.367088,179.38,3.130855,94.66,1.652097,177.45,3.097107,176.92,3.087903,172.44,3.009670
2026-07-22 12:45:33.466,76.501,192.92,3.367088,179.38,3.130855,90.00,1.570796,177.45,3.097107,176.92,3.087903,172.44,3.009670
2026-07-22 12:45:33.499,76.534,192.92,3.367088,179.38,3.130855,85.61,1.494097,177.45,3.097107,176.92,3.087903,172.44,3.009670
2026-07-22 12:45:33.533,76.568,193.10,3.370156,179.38,3.130855,80.95,1.412796,177.45,3.097107,176.92,3.087903,172.44,3.009670
2026-07-22 12:45:33.566,76.601,193.18,3.371690,179.38,3.130855,76.73,1.339165,177.45,3.097107,176.92,3.087903,172.44,3.009670
2026-07-22 12:45:33.599,76.634,193.27,3.373224,179.38,3.130855,72.33,1.262466,177.45,3.097107,176.92,3.087903,172.44,3.009670
2026-07-22 12:45:33.633,76.668,193.27,3.373224,179.38,3.130855,67.68,1.181165,177.45,3.097107,176.92,3.087903,172.44,3.009670
2026-07-22 12:45:33.665,76.701,193.27,3.373224,179.38,3.130855,63.46,1.107534,177.45,3.097107,176.92,3.087903,172.44,3.009670
2026-07-22 12:45:33.698,76.734,193.36,3.374758,179.38,3.130855,59.41,1.036971,177.45,3.097107,176.92,3.087903,172.44,3.009670
2026-07-22 12:45:33.737,76.767,193.36,3.374758,179.38,3.130855,55.81,0.974078,177.45,3.097107,176.92,3.087903,172.44,3.009670
2026-07-22 12:45:33.765,76.801,193.36,3.374758,179.38,3.130855,52.73,0.920388,177.45,3.097107,176.92,3.087903,172.44,3.009670
2026-07-22 12:45:33.801,76.834,193.36,3.374758,179.38,3.130855,49.92,0.871301,177.45,3.097107,176.92,3.087903,172.44,3.009670
2026-07-22 12:45:33.833,76.867,193.36,3.374758,179.38,3.130855,47.90,0.836020,177.45,3.097107,176.92,3.087903,172.44,3.009670
2026-07-22 12:45:33.869,76.902,193.36,3.374758,179.38,3.130855,45.70,0.797670,177.45,3.097107,176.92,3.087903,172.44,3.009670
2026-07-22 12:45:33.900,76.934,193.36,3.374758,179.38,3.130855,43.95,0.766990,177.45,3.097107,176.92,3.087903,172.44,3.009670
2026-07-22 12:45:33.934,76.968,193.18,3.371690,179.38,3.130855,41.92,0.731709,177.45,3.097107,176.92,3.087903,172.44,3.009670
2026-07-22 12:45:33.967,77.001,193.01,3.368622,179.38,3.130855,39.64,0.691825,177.45,3.097107,176.92,3.087903,172.44,3.009670
2026-07-22 12:45:34.000,77.034,192.92,3.367088,179.38,3.130855,37.27,0.650408,177.45,3.097107,176.92,3.087903,172.44,3.009670
2026-07-22 12:45:34.034,77.068,192.92,3.367088,179.38,3.130855,34.45,0.601320,177.45,3.097107,176.92,3.087903,172.44,3.009670
2026-07-22 12:45:34.067,77.101,192.92,3.367088,179.38,3.130855,31.38,0.547631,177.54,3.098641,176.92,3.087903,172.44,3.009670
2026-07-22 12:45:34.099,77.134,192.92,3.367088,179.38,3.130855,28.48,0.497010,177.54,3.098641,176.92,3.087903,172.44,3.009670
2026-07-22 12:45:34.132,77.167,192.92,3.367088,179.38,3.130855,25.40,0.443320,177.54,3.098641,176.92,3.087903,172.44,3.009670
2026-07-22 12:45:34.165,77.200,192.92,3.367088,179.38,3.130855,22.41,0.391165,177.54,3.098641,176.92,3.087903,172.44,3.009670
2026-07-22 12:45:34.199,77.234,192.92,3.367088,179.38,3.130855,19.86,0.346680,177.54,3.098641,176.92,3.087903,172.44,3.009670
2026-07-22 12:45:34.233,77.268,192.92,3.367088,179.38,3.130855,17.58,0.306796,177.54,3.098641,176.92,3.087903,172.44,3.009670
2026-07-22 12:45:34.266,77.301,192.92,3.367088,179.38,3.130855,15.73,0.274583,177.54,3.098641,176.92,3.087903,172.44,3.009670
2026-07-22 12:45:34.300,77.334,192.92,3.367088,179.38,3.130855,14.24,0.248505,177.54,3.098641,176.92,3.087903,172.44,3.009670
2026-07-22 12:45:34.333,77.368,192.92,3.367088,179.38,3.130855,13.18,0.230097,177.54,3.098641,176.92,3.087903,172.44,3.009670
2026-07-22 12:45:34.367,77.401,192.92,3.367088,179.38,3.130855,12.48,0.217825,177.54,3.098641,176.92,3.087903,172.44,3.009670
2026-07-22 12:45:34.399,77.434,192.92,3.367088,179.38,3.130855,12.22,0.213223,177.54,3.098641,176.92,3.087903,172.44,3.009670
2026-07-22 12:45:34.432,77.467,192.92,3.367088,179.38,3.130855,12.04,0.210155,177.54,3.098641,176.92,3.087903,172.44,3.009670
2026-07-22 12:45:34.466,77.501,192.92,3.367088,179.38,3.130855,11.87,0.207087,177.54,3.098641,177.01,3.089437,172.44,3.009670
2026-07-22 12:45:34.500,77.534,192.92,3.367088,179.38,3.130855,11.78,0.205553,177.54,3.098641,177.01,3.089437,172.44,3.009670
2026-07-22 12:45:34.534,77.567,192.92,3.367088,179.38,3.130855,11.78,0.205553,177.54,3.098641,177.01,3.089437,172.44,3.009670
2026-07-22 12:45:34.567,77.601,192.83,3.365554,179.38,3.130855,12.04,0.210155,177.54,3.098641,177.01,3.089437,172.44,3.009670
2026-07-22 12:45:34.600,77.634,192.83,3.365554,179.38,3.130855,12.30,0.214757,177.54,3.098641,177.01,3.089437,172.44,3.009670
2026-07-22 12:45:34.632,77.667,192.74,3.364020,179.56,3.133923,12.48,0.217825,177.54,3.098641,177.01,3.089437,172.44,3.009670
2026-07-22 12:45:34.668,77.702,192.04,3.351748,180.18,3.144661,12.83,0.223961,177.54,3.098641,177.01,3.089437,172.44,3.009670
2026-07-22 12:45:34.701,77.734,191.16,3.336408,181.23,3.163068,13.80,0.240835,177.54,3.098641,177.01,3.089437,172.44,3.009670
2026-07-22 12:45:34.735,77.769,190.55,3.325670,182.72,3.189146,14.33,0.250039,177.54,3.098641,177.10,3.090971,172.44,3.009670
2026-07-22 12:45:34.768,77.801,190.28,3.321068,184.04,3.212156,14.68,0.256175,177.54,3.098641,177.10,3.090971,172.44,3.009670
2026-07-22 12:45:34.802,77.835,190.02,3.316466,185.80,3.242835,14.59,0.254641,177.54,3.098641,177.10,3.090971,0.00,0.000000
2026-07-22 12:45:34.834,77.868,190.02,3.316466,187.38,3.270447,14.59,0.254641,177.54,3.098641,177.10,3.090971,172.44,3.009670
2026-07-22 12:45:34.866,77.901,190.02,3.316466,189.05,3.299593,14.50,0.253107,177.54,3.098641,177.10,3.090971,172.44,3.009670
2026-07-22 12:45:34.900,77.934,190.02,3.316466,190.55,3.325670,14.50,0.253107,177.54,3.098641,177.10,3.090971,172.44,3.009670
2026-07-22 12:45:34.933,77.967,189.93,3.314932,191.87,3.348680,14.50,0.253107,177.54,3.098641,177.10,3.090971,172.44,3.009670
2026-07-22 12:45:34.967,78.002,189.84,3.313399,193.27,3.373224,14.50,0.253107,177.54,3.098641,177.10,3.090971,172.44,3.009670
2026-07-22 12:45:35.000,78.034,189.76,3.311865,194.59,3.396233,14.50,0.253107,177.54,3.098641,177.10,3.090971,172.44,3.009670
2026-07-22 12:45:35.033,78.067,188.88,3.296525,195.73,3.416175,14.50,0.253107,177.54,3.098641,177.10,3.090971,172.44,3.009670
2026-07-22 12:45:35.066,78.100,187.82,3.278117,196.96,3.437651,14.50,0.253107,177.54,3.098641,177.10,3.090971,172.44,3.009670
2026-07-22 12:45:35.099,78.134,186.94,3.262777,198.28,3.460661,14.41,0.251573,177.54,3.098641,177.10,3.090971,172.44,3.009670
2026-07-22 12:45:35.133,78.168,186.06,3.247437,199.60,3.483670,14.41,0.251573,177.54,3.098641,177.10,3.090971,172.44,3.009670
2026-07-22 12:45:35.168,78.201,185.27,3.233632,200.92,3.506680,14.15,0.246971,177.54,3.098641,177.10,3.090971,172.44,3.009670
2026-07-22 12:45:35.200,78.234,184.75,3.224428,202.24,3.529690,13.10,0.228563,177.54,3.098641,177.10,3.090971,172.44,3.009670
2026-07-22 12:45:35.235,78.268,184.22,3.215224,203.82,3.557301,11.34,0.197884,177.54,3.098641,177.10,3.090971,172.44,3.009670
2026-07-22 12:45:35.266,78.301,183.78,3.207554,205.49,3.586447,9.40,0.164136,177.54,3.098641,177.10,3.090971,172.44,3.009670
2026-07-22 12:45:35.303,78.334,183.52,3.202952,207.69,3.624797,7.29,0.127320,177.54,3.098641,177.10,3.090971,172.44,3.009670
2026-07-22 12:45:35.336,78.367,183.43,3.201418,209.88,3.663146,5.19,0.090505,177.54,3.098641,177.10,3.090971,172.44,3.009670
2026-07-22 12:45:35.370,78.401,183.43,3.201418,212.34,3.706098,3.08,0.053689,177.54,3.098641,177.10,3.090971,172.44,3.009670
2026-07-22 12:45:35.402,78.434,183.43,3.201418,214.63,3.745981,0.97,0.016874,177.54,3.098641,177.10,3.090971,172.44,3.009670
2026-07-22 12:45:35.434,78.468,183.43,3.201418,217.09,3.788933,358.42,6.255574,177.54,3.098641,177.10,3.090971,172.44,3.009670
2026-07-22 12:45:35.467,78.501,183.43,3.201418,219.02,3.822680,355.78,6.209554,177.54,3.098641,177.10,3.090971,172.44,3.009670
2026-07-22 12:45:35.500,78.534,183.43,3.201418,220.61,3.850292,353.23,6.165069,177.54,3.098641,177.10,3.090971,172.44,3.009670
2026-07-22 12:45:35.533,78.568,183.43,3.201418,222.19,3.877903,351.12,6.128253,177.54,3.098641,177.10,3.090971,172.44,3.009670
2026-07-22 12:45:35.567,78.601,183.43,3.201418,223.77,3.905515,349.45,6.099108,177.54,3.098641,177.10,3.090971,172.44,3.009670
2026-07-22 12:45:35.600,78.634,183.43,3.201418,225.00,3.926991,348.22,6.077632,177.54,3.098641,177.10,3.090971,172.44,3.009670
2026-07-22 12:45:35.634,78.668,183.43,3.201418,225.88,3.942331,347.52,6.065360,177.54,3.098641,177.10,3.090971,172.44,3.009670
2026-07-22 12:45:35.668,78.701,183.43,3.201418,226.41,3.951535,347.26,6.060758,177.54,3.098641,177.10,3.090971,172.44,3.009670
2026-07-22 12:45:35.700,78.734,183.43,3.201418,226.58,3.954602,347.17,6.059224,177.54,3.098641,177.10,3.090971,172.44,3.009670
2026-07-22 12:45:35.733,78.767,183.43,3.201418,226.58,3.954602,347.26,6.060758,177.54,3.098641,177.10,3.090971,172.44,3.009670
2026-07-22 12:45:35.766,78.801,183.43,3.201418,226.58,3.954602,347.26,6.060758,177.54,3.098641,177.10,3.090971,172.44,3.009670
2026-07-22 12:45:35.800,78.834,183.43,3.201418,226.93,3.960738,347.34,6.062292,177.54,3.098641,177.10,3.090971,172.44,3.009670
2026-07-22 12:45:35.834,78.867,183.43,3.201418,227.11,3.963806,347.34,6.062292,177.54,3.098641,177.10,3.090971,172.44,3.009670
2026-07-22 12:45:35.866,78.901,183.43,3.201418,227.29,3.966874,347.34,6.062292,177.54,3.098641,177.10,3.090971,172.44,3.009670
2026-07-22 12:45:35.900,78.934,183.43,3.201418,227.37,3.968408,347.34,6.062292,177.54,3.098641,177.10,3.090971,172.44,3.009670
2026-07-22 12:45:35.932,78.967,183.43,3.201418,227.37,3.968408,347.43,6.063826,177.54,3.098641,177.10,3.090971,172.44,3.009670
2026-07-22 12:45:35.966,79.001,183.43,3.201418,227.37,3.968408,347.43,6.063826,177.54,3.098641,177.10,3.090971,172.44,3.009670
2026-07-22 12:45:35.999,79.034,183.43,3.201418,227.29,3.966874,347.43,6.063826,177.54,3.098641,177.10,3.090971,172.44,3.009670
2026-07-22 12:45:36.034,79.067,183.43,3.201418,226.93,3.960738,347.43,6.063826,177.54,3.098641,177.10,3.090971,172.44,3.009670
2026-07-22 12:45:36.066,79.101,183.43,3.201418,226.76,3.957670,347.43,6.063826,177.54,3.098641,177.10,3.090971,172.44,3.009670
2026-07-22 12:45:36.100,79.134,183.43,3.201418,226.67,3.956136,347.43,6.063826,177.54,3.098641,177.10,3.090971,172.44,3.009670
2026-07-22 12:45:36.133,79.167,183.43,3.201418,226.67,3.956136,347.43,6.063826,177.54,3.098641,177.10,3.090971,172.44,3.009670
2026-07-22 12:45:36.169,79.201,183.60,3.204486,226.67,3.956136,347.43,6.063826,177.54,3.098641,177.10,3.090971,172.44,3.009670
2026-07-22 12:45:36.199,79.234,183.69,3.206020,226.67,3.956136,347.52,6.065360,177.54,3.098641,177.10,3.090971,172.44,3.009670
2026-07-22 12:45:36.234,79.267,183.69,3.206020,226.67,3.956136,347.52,6.065360,177.54,3.098641,177.10,3.090971,172.44,3.009670
2026-07-22 12:45:36.267,79.302,183.69,3.206020,226.67,3.956136,347.52,6.065360,177.54,3.098641,177.10,3.090971,172.44,3.009670
2026-07-22 12:45:36.301,79.334,183.60,3.204486,226.58,3.954602,347.52,6.065360,177.54,3.098641,177.10,3.090971,172.44,3.009670
2026-07-22 12:45:36.333,79.367,183.43,3.201418,226.58,3.954602,347.52,6.065360,177.54,3.098641,177.10,3.090971,172.44,3.009670
2026-07-22 12:45:36.367,79.401,183.34,3.199884,226.58,3.954602,347.52,6.065360,177.54,3.098641,177.10,3.090971,172.44,3.009670
2026-07-22 12:45:36.400,79.434,183.34,3.199884,226.58,3.954602,347.52,6.065360,177.54,3.098641,177.10,3.090971,172.44,3.009670
2026-07-22 12:45:36.432,79.467,183.34,3.199884,226.49,3.953068,347.52,6.065360,177.54,3.098641,177.10,3.090971,172.44,3.009670
2026-07-22 12:45:36.466,79.501,183.60,3.204486,226.05,3.945399,347.52,6.065360,177.54,3.098641,177.10,3.090971,172.44,3.009670
2026-07-22 12:45:36.499,79.534,183.78,3.207554,225.09,3.928525,347.52,6.065360,177.54,3.098641,177.10,3.090971,172.44,3.009670
2026-07-22 12:45:36.533,79.568,183.96,3.210622,223.59,3.902447,347.52,6.065360,177.54,3.098641,177.10,3.090971,172.44,3.009670
2026-07-22 12:45:36.566,79.601,183.96,3.210622,221.92,3.873301,347.52,6.065360,177.54,3.098641,177.10,3.090971,172.44,3.009670
2026-07-22 12:45:36.599,79.634,184.04,3.212156,220.08,3.841088,347.52,6.065360,177.54,3.098641,177.10,3.090971,172.44,3.009670
2026-07-22 12:45:36.633,79.668,184.04,3.212156,217.97,3.804272,347.52,6.065360,177.54,3.098641,177.10,3.090971,172.44,3.009670
2026-07-22 12:45:36.667,79.701,184.13,3.213690,215.86,3.767457,347.52,6.065360,177.54,3.098641,177.10,3.090971,172.44,3.009670
2026-07-22 12:45:36.700,79.734,184.13,3.213690,213.75,3.730641,347.78,6.069962,177.54,3.098641,177.10,3.090971,172.44,3.009670
2026-07-22 12:45:36.733,79.768,184.13,3.213690,211.82,3.696894,349.28,6.096040,177.54,3.098641,177.10,3.090971,172.44,3.009670
2026-07-22 12:45:36.766,79.801,184.13,3.213690,209.97,3.664680,351.83,6.140525,177.54,3.098641,177.10,3.090971,172.44,3.009670
2026-07-22 12:45:36.799,79.834,184.13,3.213690,208.12,3.632467,355.17,6.198816,177.54,3.098641,177.10,3.090971,172.44,3.009670
2026-07-22 12:45:36.833,79.867,184.13,3.213690,206.37,3.601787,358.95,6.264778,177.54,3.098641,177.10,3.090971,172.44,3.009670
2026-07-22 12:45:36.866,79.901,184.13,3.213690,204.52,3.569573,2.64,0.046019,177.54,3.098641,177.10,3.090971,172.44,3.009670
2026-07-22 12:45:36.900,79.934,184.13,3.213690,202.59,3.535826,6.50,0.113515,177.54,3.098641,177.10,3.090971,172.44,3.009670
2026-07-22 12:45:36.934,79.967,184.13,3.213690,200.48,3.499010,10.37,0.181010,177.54,3.098641,177.10,3.090971,172.44,3.009670
2026-07-22 12:45:36.969,80.001,184.13,3.213690,198.28,3.460661,14.06,0.245437,177.54,3.098641,177.10,3.090971,172.44,3.009670
2026-07-22 12:45:37.002,80.034,184.13,3.213690,196.17,3.423845,17.58,0.306796,177.54,3.098641,177.10,3.090971,172.44,3.009670
2026-07-22 12:45:37.034,80.067,184.13,3.213690,194.15,3.388564,21.45,0.374291,177.54,3.098641,177.10,3.090971,172.44,3.009670
2026-07-22 12:45:37.067,80.101,184.13,3.213690,192.66,3.362486,25.05,0.437185,177.54,3.098641,177.10,3.090971,172.44,3.009670
2026-07-22 12:45:37.100,80.134,184.13,3.213690,191.25,3.337942,29.36,0.512350,177.54,3.098641,177.10,3.090971,172.44,3.009670
2026-07-22 12:45:37.133,80.168,184.13,3.213690,189.84,3.313399,33.84,0.590583,177.54,3.098641,177.10,3.090971,172.44,3.009670
2026-07-22 12:45:37.167,80.201,184.13,3.213690,188.61,3.291923,38.94,0.679553,177.54,3.098641,177.10,3.090971,172.44,3.009670
2026-07-22 12:45:37.199,80.234,184.13,3.213690,187.65,3.275049,44.30,0.773126,177.54,3.098641,177.10,3.090971,172.44,3.009670
2026-07-22 12:45:37.233,80.267,184.04,3.212156,186.94,3.262777,49.92,0.871301,177.54,3.098641,177.10,3.090971,172.44,3.009670
2026-07-22 12:45:37.266,80.301,183.96,3.210622,186.33,3.252039,55.46,0.967942,177.54,3.098641,177.10,3.090971,172.44,3.009670
2026-07-22 12:45:37.300,80.334,183.78,3.207554,185.62,3.239767,61.35,1.070719,177.54,3.098641,177.01,3.089437,172.44,3.009670
2026-07-22 12:45:37.333,80.367,183.60,3.204486,185.01,3.229030,67.15,1.171961,177.54,3.098641,176.92,3.087903,172.44,3.009670
2026-07-22 12:45:37.367,80.401,183.60,3.204486,184.66,3.222894,72.77,1.270136,177.54,3.098641,176.92,3.087903,172.44,3.009670
2026-07-22 12:45:37.400,80.434,183.60,3.204486,184.39,3.218292,78.13,1.363709,177.54,3.098641,176.92,3.087903,172.44,3.009670
2026-07-22 12:45:37.433,80.468,183.60,3.204486,183.96,3.210622,83.32,1.454214,177.54,3.098641,176.92,3.087903,172.44,3.009670
2026-07-22 12:45:37.466,80.501,183.78,3.207554,183.52,3.202952,87.89,1.533981,177.54,3.098641,176.92,3.087903,172.44,3.009670
2026-07-22 12:45:37.500,80.534,183.96,3.210622,182.90,3.192214,92.64,1.616816,177.54,3.098641,176.92,3.087903,172.44,3.009670
2026-07-22 12:45:37.533,80.567,183.96,3.210622,182.20,3.179942,96.94,1.691981,177.54,3.098641,176.92,3.087903,172.44,3.009670
2026-07-22 12:45:37.566,80.601,184.04,3.212156,181.76,3.172272,100.37,1.751806,177.54,3.098641,176.92,3.087903,172.44,3.009670
2026-07-22 12:45:37.599,80.634,184.04,3.212156,181.41,3.166136,103.36,1.803961,177.54,3.098641,176.92,3.087903,172.44,3.009670
2026-07-22 12:45:37.633,80.668,184.04,3.212156,181.05,3.160000,106.44,1.857651,177.54,3.098641,176.92,3.087903,172.44,3.009670
2026-07-22 12:45:37.667,80.701,184.04,3.212156,180.97,3.158466,109.07,1.903670,177.54,3.098641,176.92,3.087903,172.44,3.009670
2026-07-22 12:45:37.705,80.735,184.13,3.213690,180.97,3.158466,112.06,1.955826,177.54,3.098641,176.92,3.087903,172.44,3.009670
2026-07-22 12:45:37.734,80.767,184.13,3.213690,180.97,3.158466,115.05,2.007981,177.54,3.098641,176.92,3.087903,172.44,3.009670
2026-07-22 12:45:37.767,80.802,184.13,3.213690,180.97,3.158466,118.48,2.067806,177.54,3.098641,176.92,3.087903,172.44,3.009670
2026-07-22 12:45:37.803,80.834,184.13,3.213690,180.97,3.158466,122.26,2.133767,177.54,3.098641,176.92,3.087903,172.44,3.009670
2026-07-22 12:45:37.836,80.867,184.13,3.213690,180.97,3.158466,125.95,2.198194,177.54,3.098641,176.92,3.087903,172.44,3.009670
2026-07-22 12:45:37.869,80.902,184.13,3.213690,180.97,3.158466,130.43,2.276427,177.54,3.098641,176.92,3.087903,172.44,3.009670
2026-07-22 12:45:37.902,80.934,184.13,3.213690,180.97,3.158466,134.30,2.343923,177.54,3.098641,176.92,3.087903,172.44,3.009670
2026-07-22 12:45:37.935,80.967,184.13,3.213690,180.97,3.158466,138.69,2.420622,177.54,3.098641,176.92,3.087903,172.44,3.009670
2026-07-22 12:45:37.971,81.002,184.13,3.213690,180.97,3.158466,143.44,2.503457,177.54,3.098641,176.92,3.087903,172.44,3.009670
2026-07-22 12:45:38.000,81.034,184.13,3.213690,180.97,3.158466,147.22,2.569418,177.54,3.098641,176.92,3.087903,172.44,3.009670
2026-07-22 12:45:38.036,81.067,184.13,3.213690,180.97,3.158466,151.70,2.647651,177.54,3.098641,176.92,3.087903,172.44,3.009670
2026-07-22 12:45:38.067,81.101,184.13,3.213690,180.97,3.158466,156.18,2.725884,177.54,3.098641,176.92,3.087903,172.44,3.009670
2026-07-22 12:45:38.100,81.134,184.04,3.212156,180.97,3.158466,160.66,2.804117,177.54,3.098641,176.92,3.087903,172.44,3.009670
2026-07-22 12:45:38.133,81.167,184.04,3.212156,180.97,3.158466,164.88,2.877748,177.54,3.098641,176.92,3.087903,172.44,3.009670
2026-07-22 12:45:38.166,81.201,184.04,3.212156,180.97,3.158466,168.49,2.940641,177.54,3.098641,176.92,3.087903,172.44,3.009670
2026-07-22 12:45:38.199,81.234,183.96,3.210622,180.97,3.158466,171.65,2.995864,177.54,3.098641,176.92,3.087903,172.44,3.009670
2026-07-22 12:45:38.233,81.267,183.87,3.209088,180.97,3.158466,173.85,3.034214,177.54,3.098641,176.92,3.087903,172.44,3.009670
2026-07-22 12:45:38.266,81.301,183.69,3.206020,180.97,3.158466,175.34,3.060292,177.54,3.098641,176.92,3.087903,172.44,3.009670
2026-07-22 12:45:38.300,81.334,183.60,3.204486,180.97,3.158466,176.40,3.078699,177.54,3.098641,176.92,3.087903,172.44,3.009670
2026-07-22 12:45:38.332,81.368,183.60,3.204486,180.97,3.158466,177.19,3.092505,177.54,3.098641,176.92,3.087903,172.44,3.009670
2026-07-22 12:45:38.366,81.401,183.60,3.204486,180.97,3.158466,177.63,3.100175,177.54,3.098641,176.92,3.087903,172.44,3.009670
2026-07-22 12:45:38.399,81.434,183.60,3.204486,180.97,3.158466,178.07,3.107845,177.54,3.098641,176.92,3.087903,172.44,3.009670
2026-07-22 12:45:38.435,81.468,183.60,3.204486,180.97,3.158466,178.33,3.112447,177.54,3.098641,176.92,3.087903,172.44,3.009670
2026-07-22 12:45:38.467,81.501,183.60,3.204486,180.97,3.158466,178.33,3.112447,177.54,3.098641,176.92,3.087903,172.44,3.009670
2026-07-22 12:45:38.499,81.535,183.52,3.202952,180.97,3.158466,178.42,3.113981,177.54,3.098641,176.92,3.087903,172.44,3.009670
2026-07-22 12:45:38.534,81.567,183.43,3.201418,180.97,3.158466,178.51,3.115515,177.54,3.098641,176.92,3.087903,172.44,3.009670
2026-07-22 12:45:38.567,81.601,183.43,3.201418,180.88,3.156932,178.68,3.118583,177.54,3.098641,176.92,3.087903,172.44,3.009670
2026-07-22 12:45:38.603,81.635,183.43,3.201418,180.88,3.156932,179.30,3.129321,177.54,3.098641,176.92,3.087903,172.44,3.009670
2026-07-22 12:45:38.636,81.669,183.43,3.201418,180.79,3.155398,179.74,3.136991,177.54,3.098641,176.92,3.087903,172.44,3.009670
2026-07-22 12:45:38.670,81.702,183.43,3.201418,180.79,3.155398,179.82,3.138525,177.54,3.098641,176.92,3.087903,172.44,3.009670
2026-07-22 12:45:38.702,81.734,183.43,3.201418,180.79,3.155398,179.91,3.140059,177.54,3.098641,176.92,3.087903,172.44,3.009670
2026-07-22 12:45:38.735,81.768,183.43,3.201418,180.79,3.155398,180.00,3.141593,177.54,3.098641,176.92,3.087903,172.44,3.009670
2026-07-22 12:45:38.766,81.801,183.43,3.201418,180.79,3.155398,180.18,3.144661,177.54,3.098641,176.92,3.087903,172.44,3.009670
2026-07-22 12:45:38.799,81.834,183.43,3.201418,180.79,3.155398,180.18,3.144661,177.54,3.098641,176.92,3.087903,172.44,3.009670
2026-07-22 12:45:38.833,81.867,183.43,3.201418,180.79,3.155398,180.18,3.144661,177.54,3.098641,176.92,3.087903,172.44,3.009670
2026-07-22 12:45:38.867,81.901,183.43,3.201418,180.88,3.156932,180.18,3.144661,177.54,3.098641,176.92,3.087903,172.44,3.009670
2026-07-22 12:45:38.900,81.934,183.43,3.201418,180.88,3.156932,180.18,3.144661,177.54,3.098641,176.92,3.087903,172.44,3.009670
2026-07-22 12:45:38.932,81.967,183.43,3.201418,180.88,3.156932,180.18,3.144661,177.54,3.098641,176.92,3.087903,172.44,3.009670
2026-07-22 12:45:38.967,82.001,183.43,3.201418,180.79,3.155398,180.18,3.144661,177.54,3.098641,176.92,3.087903,172.44,3.009670
2026-07-22 12:45:39.000,82.034,183.43,3.201418,180.79,3.155398,180.18,3.144661,177.54,3.098641,176.92,3.087903,172.44,3.009670
2026-07-22 12:45:39.035,82.067,183.43,3.201418,180.79,3.155398,180.18,3.144661,177.54,3.098641,176.92,3.087903,172.44,3.009670
2026-07-22 12:45:39.066,82.101,183.43,3.201418,180.79,3.155398,180.18,3.144661,177.54,3.098641,176.92,3.087903,172.44,3.009670
2026-07-22 12:45:39.100,82.134,183.43,3.201418,180.79,3.155398,180.18,3.144661,177.54,3.098641,176.92,3.087903,172.44,3.009670
2026-07-22 12:45:39.134,82.167,183.43,3.201418,180.79,3.155398,180.18,3.144661,177.54,3.098641,176.92,3.087903,172.44,3.009670
2026-07-22 12:45:39.166,82.201,183.43,3.201418,180.79,3.155398,180.18,3.144661,177.54,3.098641,176.92,3.087903,172.44,3.009670
2026-07-22 12:45:39.201,82.235,183.43,3.201418,180.79,3.155398,180.18,3.144661,177.54,3.098641,176.92,3.087903,172.44,3.009670
2026-07-22 12:45:39.233,82.268,183.43,3.201418,180.88,3.156932,180.18,3.144661,177.54,3.098641,176.92,3.087903,172.44,3.009670
2026-07-22 12:45:39.265,82.301,183.43,3.201418,180.88,3.156932,180.18,3.144661,177.54,3.098641,176.92,3.087903,172.44,3.009670
2026-07-22 12:45:39.299,82.334,183.43,3.201418,180.88,3.156932,180.18,3.144661,177.54,3.098641,176.92,3.087903,172.44,3.009670
2026-07-22 12:45:39.334,82.368,183.43,3.201418,180.88,3.156932,180.18,3.144661,177.54,3.098641,176.92,3.087903,172.44,3.009670
2026-07-22 12:45:39.368,82.401,183.43,3.201418,180.88,3.156932,180.18,3.144661,177.54,3.098641,176.92,3.087903,172.44,3.009670
2026-07-22 12:45:39.402,82.434,183.43,3.201418,180.88,3.156932,180.18,3.144661,177.54,3.098641,176.92,3.087903,172.44,3.009670
2026-07-22 12:45:39.436,82.468,183.43,3.201418,180.88,3.156932,180.18,3.144661,177.54,3.098641,176.92,3.087903,172.44,3.009670
2026-07-22 12:45:39.468,82.502,183.43,3.201418,180.88,3.156932,180.18,3.144661,177.54,3.098641,176.92,3.087903,172.44,3.009670
2026-07-22 12:45:39.499,82.534,183.43,3.201418,180.88,3.156932,180.18,3.144661,177.54,3.098641,176.92,3.087903,172.44,3.009670
2026-07-22 12:45:39.532,82.567,183.43,3.201418,180.88,3.156932,180.18,3.144661,177.54,3.098641,176.92,3.087903,172.44,3.009670
2026-07-22 12:45:39.567,82.601,183.43,3.201418,180.88,3.156932,180.18,3.144661,177.54,3.098641,176.92,3.087903,172.44,3.009670
2026-07-22 12:45:39.601,82.634,183.43,3.201418,180.88,3.156932,180.18,3.144661,177.54,3.098641,176.92,3.087903,172.44,3.009670
2026-07-22 12:45:39.632,82.667,183.43,3.201418,180.88,3.156932,180.18,3.144661,177.54,3.098641,176.92,3.087903,172.44,3.009670
2026-07-22 12:45:39.667,82.701,183.43,3.201418,180.88,3.156932,180.18,3.144661,177.54,3.098641,176.92,3.087903,172.44,3.009670
2026-07-22 12:45:39.700,82.734,183.43,3.201418,180.88,3.156932,180.18,3.144661,177.54,3.098641,176.92,3.087903,172.44,3.009670
2026-07-22 12:45:39.732,82.767,183.43,3.201418,180.88,3.156932,180.18,3.144661,177.54,3.098641,176.92,3.087903,172.44,3.009670
2026-07-22 12:45:39.766,82.801,183.43,3.201418,180.88,3.156932,180.18,3.144661,177.54,3.098641,176.92,3.087903,172.44,3.009670
2026-07-22 12:45:39.800,82.834,183.43,3.201418,180.88,3.156932,180.18,3.144661,177.54,3.098641,176.92,3.087903,172.44,3.009670
2026-07-22 12:45:39.832,82.867,183.43,3.201418,180.88,3.156932,180.18,3.144661,177.54,3.098641,176.92,3.087903,172.44,3.009670
2026-07-22 12:45:39.866,82.901,183.43,3.201418,180.88,3.156932,180.18,3.144661,177.54,3.098641,176.92,3.087903,172.44,3.009670
2026-07-22 12:45:39.899,82.934,183.43,3.201418,180.88,3.156932,180.18,3.144661,177.54,3.098641,176.92,3.087903,172.44,3.009670
2026-07-22 12:45:39.932,82.967,183.43,3.201418,180.88,3.156932,180.18,3.144661,177.54,3.098641,176.92,3.087903,172.44,3.009670
2026-07-22 12:45:39.966,83.001,183.43,3.201418,180.88,3.156932,180.18,3.144661,177.54,3.098641,176.92,3.087903,172.44,3.009670
2026-07-22 12:45:40.000,83.034,183.43,3.201418,180.88,3.156932,180.18,3.144661,177.54,3.098641,176.92,3.087903,172.44,3.009670
2026-07-22 12:45:40.033,83.068,183.43,3.201418,180.88,3.156932,180.18,3.144661,177.54,3.098641,176.92,3.087903,172.44,3.009670
2026-07-22 12:45:40.067,83.101,183.43,3.201418,180.88,3.156932,180.18,3.144661,177.54,3.098641,176.92,3.087903,172.44,3.009670
2026-07-22 12:45:40.100,83.134,183.43,3.201418,180.88,3.156932,180.18,3.144661,177.54,3.098641,176.92,3.087903,172.44,3.009670
2026-07-22 12:45:40.135,83.167,183.43,3.201418,180.88,3.156932,180.18,3.144661,177.54,3.098641,176.92,3.087903,172.44,3.009670
2026-07-22 12:45:40.169,83.201,183.43,3.201418,180.88,3.156932,180.18,3.144661,177.54,3.098641,176.92,3.087903,172.44,3.009670
2026-07-22 12:45:40.201,83.234,183.43,3.201418,180.88,3.156932,180.18,3.144661,177.54,3.098641,176.92,3.087903,172.44,3.009670
2026-07-22 12:45:40.235,83.268,183.43,3.201418,180.88,3.156932,180.18,3.144661,177.54,3.098641,176.92,3.087903,172.44,3.009670
2026-07-22 12:45:40.269,83.303,183.43,3.201418,180.88,3.156932,180.18,3.144661,177.54,3.098641,176.92,3.087903,172.44,3.009670
2026-07-22 12:45:40.301,83.334,183.43,3.201418,180.88,3.156932,180.18,3.144661,177.54,3.098641,176.92,3.087903,172.44,3.009670
2026-07-22 12:45:40.332,83.367,183.43,3.201418,180.88,3.156932,180.18,3.144661,177.54,3.098641,176.92,3.087903,172.44,3.009670
2026-07-22 12:45:40.366,83.401,183.43,3.201418,180.88,3.156932,180.18,3.144661,177.54,3.098641,176.92,3.087903,172.44,3.009670
2026-07-22 12:45:40.400,83.434,183.43,3.201418,180.88,3.156932,180.18,3.144661,177.54,3.098641,176.92,3.087903,172.44,3.009670
2026-07-22 12:45:40.433,83.467,183.43,3.201418,180.88,3.156932,180.18,3.144661,177.54,3.098641,176.92,3.087903,172.44,3.009670
2026-07-22 12:45:40.466,83.501,183.43,3.201418,180.88,3.156932,180.18,3.144661,177.54,3.098641,176.92,3.087903,172.44,3.009670
2026-07-22 12:45:40.500,83.534,183.43,3.201418,180.88,3.156932,180.18,3.144661,177.54,3.098641,176.92,3.087903,172.44,3.009670
2026-07-22 12:45:40.532,83.567,183.43,3.201418,180.88,3.156932,180.18,3.144661,177.54,3.098641,176.92,3.087903,172.44,3.009670
2026-07-22 12:45:40.566,83.600,183.43,3.201418,180.88,3.156932,180.18,3.144661,177.54,3.098641,176.92,3.087903,172.44,3.009670
2026-07-22 12:45:40.600,83.634,183.43,3.201418,180.88,3.156932,180.18,3.144661,177.54,3.098641,176.92,3.087903,172.44,3.009670
2026-07-22 12:45:40.633,83.668,183.43,3.201418,180.88,3.156932,180.18,3.144661,177.54,3.098641,176.92,3.087903,172.44,3.009670
2026-07-22 12:45:40.666,83.701,183.43,3.201418,180.88,3.156932,180.18,3.144661,177.54,3.098641,176.92,3.087903,172.44,3.009670
2026-07-22 12:45:40.699,83.734,183.43,3.201418,180.88,3.156932,180.18,3.144661,177.54,3.098641,176.92,3.087903,172.44,3.009670
2026-07-22 12:45:40.733,83.767,183.43,3.201418,180.88,3.156932,180.18,3.144661,177.54,3.098641,176.92,3.087903,172.44,3.009670
2026-07-22 12:45:40.766,83.801,183.43,3.201418,180.88,3.156932,180.18,3.144661,177.54,3.098641,176.92,3.087903,172.44,3.009670
2026-07-22 12:45:40.800,83.834,183.43,3.201418,180.88,3.156932,180.18,3.144661,177.54,3.098641,176.92,3.087903,172.44,3.009670
2026-07-22 12:45:40.833,83.868,183.43,3.201418,180.88,3.156932,180.18,3.144661,177.54,3.098641,176.92,3.087903,172.44,3.009670
2026-07-22 12:45:40.866,83.901,183.43,3.201418,180.88,3.156932,180.18,3.144661,177.54,3.098641,176.92,3.087903,172.44,3.009670
2026-07-22 12:45:40.904,83.934,183.43,3.201418,180.88,3.156932,180.18,3.144661,177.54,3.098641,176.92,3.087903,172.44,3.009670
2026-07-22 12:45:40.935,83.967,183.43,3.201418,180.88,3.156932,180.18,3.144661,177.54,3.098641,176.92,3.087903,172.44,3.009670
2026-07-22 12:45:40.969,84.001,183.43,3.201418,180.88,3.156932,180.18,3.144661,177.54,3.098641,176.92,3.087903,172.44,3.009670
2026-07-22 12:45:41.001,84.034,183.43,3.201418,180.88,3.156932,180.18,3.144661,177.54,3.098641,176.92,3.087903,172.44,3.009670
2026-07-22 12:45:41.033,84.067,183.43,3.201418,180.88,3.156932,180.18,3.144661,177.54,3.098641,176.92,3.087903,172.44,3.009670
2026-07-22 12:45:41.069,84.101,183.43,3.201418,180.88,3.156932,180.18,3.144661,177.54,3.098641,176.92,3.087903,172.44,3.009670
2026-07-22 12:45:41.099,84.134,183.43,3.201418,180.88,3.156932,180.18,3.144661,177.54,3.098641,176.92,3.087903,172.44,3.009670
2026-07-22 12:45:41.133,84.168,183.43,3.201418,180.88,3.156932,180.18,3.144661,177.54,3.098641,176.92,3.087903,172.44,3.009670
2026-07-22 12:45:41.166,84.201,183.43,3.201418,180.88,3.156932,180.18,3.144661,177.54,3.098641,176.92,3.087903,172.44,3.009670
2026-07-22 12:45:41.199,84.234,183.43,3.201418,180.88,3.156932,180.18,3.144661,177.54,3.098641,176.92,3.087903,172.44,3.009670
2026-07-22 12:45:41.234,84.268,183.43,3.201418,180.88,3.156932,180.18,3.144661,177.54,3.098641,176.92,3.087903,172.44,3.009670
2026-07-22 12:45:41.271,84.302,183.43,3.201418,180.88,3.156932,180.18,3.144661,177.54,3.098641,176.92,3.087903,172.44,3.009670
2026-07-22 12:45:41.301,84.334,183.43,3.201418,180.88,3.156932,180.18,3.144661,177.54,3.098641,176.92,3.087903,172.44,3.009670
2026-07-22 12:45:41.333,84.367,183.43,3.201418,180.88,3.156932,180.18,3.144661,177.54,3.098641,176.92,3.087903,172.44,3.009670
2026-07-22 12:45:41.365,84.401,183.43,3.201418,180.88,3.156932,180.18,3.144661,177.54,3.098641,176.92,3.087903,172.44,3.009670
2026-07-22 12:45:41.400,84.434,183.43,3.201418,180.88,3.156932,180.18,3.144661,177.54,3.098641,176.92,3.087903,172.44,3.009670
2026-07-22 12:45:41.433,84.467,183.43,3.201418,180.88,3.156932,180.18,3.144661,177.54,3.098641,176.92,3.087903,172.44,3.009670
2026-07-22 12:45:41.467,84.501,183.43,3.201418,180.88,3.156932,180.18,3.144661,177.54,3.098641,176.92,3.087903,172.44,3.009670
2026-07-22 12:45:41.500,84.534,183.43,3.201418,180.88,3.156932,180.18,3.144661,177.54,3.098641,176.92,3.087903,172.44,3.009670
2026-07-22 12:45:41.533,84.568,183.43,3.201418,180.88,3.156932,180.18,3.144661,177.54,3.098641,176.92,3.087903,172.44,3.009670
2026-07-22 12:45:41.567,84.601,183.43,3.201418,180.88,3.156932,180.18,3.144661,177.54,3.098641,176.92,3.087903,172.44,3.009670
2026-07-22 12:45:41.599,84.634,183.43,3.201418,180.88,3.156932,180.18,3.144661,177.54,3.098641,176.92,3.087903,172.44,3.009670
2026-07-22 12:45:41.632,84.667,183.43,3.201418,180.88,3.156932,180.18,3.144661,177.54,3.098641,176.92,3.087903,172.44,3.009670
2026-07-22 12:45:41.668,84.701,183.43,3.201418,180.88,3.156932,180.18,3.144661,177.54,3.098641,176.92,3.087903,172.44,3.009670
2026-07-22 12:45:41.699,84.734,183.43,3.201418,180.88,3.156932,180.18,3.144661,177.54,3.098641,176.92,3.087903,172.44,3.009670
2026-07-22 12:45:41.738,84.768,183.43,3.201418,180.88,3.156932,180.18,3.144661,177.54,3.098641,176.92,3.087903,172.44,3.009670
2026-07-22 12:45:41.769,84.801,183.43,3.201418,180.88,3.156932,180.18,3.144661,177.54,3.098641,176.92,3.087903,172.44,3.009670
2026-07-22 12:45:41.802,84.834,183.43,3.201418,180.88,3.156932,180.18,3.144661,177.54,3.098641,176.92,3.087903,172.44,3.009670
2026-07-22 12:45:41.836,84.867,183.43,3.201418,180.88,3.156932,180.18,3.144661,177.54,3.098641,176.92,3.087903,172.44,3.009670
2026-07-22 12:45:41.868,84.901,183.43,3.201418,180.88,3.156932,180.18,3.144661,177.54,3.098641,176.92,3.087903,172.44,3.009670
2026-07-22 12:45:41.901,84.935,183.43,3.201418,180.88,3.156932,180.18,3.144661,177.54,3.098641,176.92,3.087903,172.44,3.009670
2026-07-22 12:45:41.933,84.967,183.43,3.201418,180.88,3.156932,180.18,3.144661,177.54,3.098641,176.92,3.087903,172.44,3.009670
2026-07-22 12:45:41.966,85.001,183.43,3.201418,180.88,3.156932,180.18,3.144661,177.54,3.098641,176.92,3.087903,172.44,3.009670
2026-07-22 12:45:42.000,85.034,183.43,3.201418,180.88,3.156932,180.18,3.144661,177.54,3.098641,176.92,3.087903,172.44,3.009670
2026-07-22 12:45:42.034,85.068,183.43,3.201418,180.88,3.156932,180.18,3.144661,177.54,3.098641,176.92,3.087903,172.44,3.009670
2026-07-22 12:45:42.067,85.101,183.43,3.201418,180.88,3.156932,180.18,3.144661,177.54,3.098641,176.92,3.087903,172.44,3.009670
2026-07-22 12:45:42.100,85.134,183.43,3.201418,180.88,3.156932,180.18,3.144661,177.54,3.098641,176.92,3.087903,172.44,3.009670
2026-07-22 12:45:42.133,85.168,183.43,3.201418,180.88,3.156932,180.18,3.144661,177.54,3.098641,176.92,3.087903,172.44,3.009670
2026-07-22 12:45:42.165,85.201,183.43,3.201418,180.88,3.156932,180.18,3.144661,177.54,3.098641,176.92,3.087903,172.44,3.009670
2026-07-22 12:45:42.200,85.234,183.43,3.201418,180.88,3.156932,180.18,3.144661,177.54,3.098641,176.92,3.087903,172.44,3.009670
2026-07-22 12:45:42.233,85.268,183.43,3.201418,180.88,3.156932,180.18,3.144661,177.54,3.098641,176.92,3.087903,172.44,3.009670
2026-07-22 12:45:42.266,85.301,183.43,3.201418,180.88,3.156932,180.18,3.144661,177.54,3.098641,176.92,3.087903,172.44,3.009670
2026-07-22 12:45:42.299,85.334,183.43,3.201418,180.88,3.156932,180.18,3.144661,177.54,3.098641,176.92,3.087903,172.44,3.009670
2026-07-22 12:45:42.333,85.367,183.43,3.201418,180.88,3.156932,180.18,3.144661,177.54,3.098641,176.92,3.087903,172.44,3.009670
2026-07-22 12:45:42.366,85.401,183.43,3.201418,180.88,3.156932,180.18,3.144661,177.54,3.098641,176.92,3.087903,172.44,3.009670
2026-07-22 12:45:42.401,85.434,183.43,3.201418,180.88,3.156932,180.18,3.144661,177.54,3.098641,176.92,3.087903,172.44,3.009670
2026-07-22 12:45:42.433,85.468,183.43,3.201418,180.88,3.156932,180.18,3.144661,177.54,3.098641,176.92,3.087903,172.44,3.009670
2026-07-22 12:45:42.467,85.501,183.43,3.201418,180.88,3.156932,180.18,3.144661,177.54,3.098641,176.92,3.087903,172.44,3.009670
2026-07-22 12:45:42.502,85.534,183.43,3.201418,180.88,3.156932,180.18,3.144661,177.54,3.098641,176.92,3.087903,172.44,3.009670
2026-07-22 12:45:42.537,85.568,183.43,3.201418,180.88,3.156932,180.18,3.144661,177.54,3.098641,176.92,3.087903,172.44,3.009670
2026-07-22 12:45:42.569,85.601,183.43,3.201418,180.88,3.156932,180.18,3.144661,177.54,3.098641,176.92,3.087903,172.44,3.009670
2026-07-22 12:45:42.603,85.634,183.43,3.201418,180.88,3.156932,180.18,3.144661,177.54,3.098641,176.92,3.087903,172.44,3.009670
2026-07-22 12:45:42.636,85.667,183.43,3.201418,180.88,3.156932,180.18,3.144661,177.54,3.098641,176.92,3.087903,172.44,3.009670
2026-07-22 12:45:42.667,85.702,183.43,3.201418,180.88,3.156932,180.18,3.144661,177.54,3.098641,176.92,3.087903,172.44,3.009670
2026-07-22 12:45:42.701,85.734,183.43,3.201418,180.88,3.156932,180.18,3.144661,177.54,3.098641,176.92,3.087903,172.44,3.009670
2026-07-22 12:45:42.735,85.767,183.43,3.201418,180.88,3.156932,180.18,3.144661,177.54,3.098641,176.92,3.087903,172.44,3.009670
2026-07-22 12:45:42.768,85.801,183.43,3.201418,180.88,3.156932,180.18,3.144661,177.54,3.098641,176.92,3.087903,172.44,3.009670
2026-07-22 12:45:42.805,85.834,183.43,3.201418,180.88,3.156932,180.18,3.144661,177.54,3.098641,176.92,3.087903,172.44,3.009670
2026-07-22 12:45:42.832,85.868,183.43,3.201418,180.88,3.156932,180.18,3.144661,177.54,3.098641,176.92,3.087903,172.44,3.009670
2026-07-22 12:45:42.867,85.900,183.43,3.201418,180.88,3.156932,180.18,3.144661,177.54,3.098641,176.92,3.087903,172.44,3.009670
2026-07-22 12:45:42.900,85.934,183.43,3.201418,180.88,3.156932,180.18,3.144661,177.54,3.098641,176.92,3.087903,172.44,3.009670
2026-07-22 12:45:42.934,85.967,183.43,3.201418,180.88,3.156932,180.18,3.144661,177.54,3.098641,176.92,3.087903,172.44,3.009670
2026-07-22 12:45:42.966,86.001,183.43,3.201418,180.88,3.156932,180.18,3.144661,177.54,3.098641,176.92,3.087903,172.44,3.009670
2026-07-22 12:45:42.999,86.034,183.43,3.201418,180.88,3.156932,180.18,3.144661,177.54,3.098641,176.92,3.087903,172.44,3.009670
2026-07-22 12:45:43.033,86.067,183.43,3.201418,180.88,3.156932,180.18,3.144661,177.54,3.098641,176.92,3.087903,172.44,3.009670
2026-07-22 12:45:43.066,86.100,183.43,3.201418,180.88,3.156932,180.18,3.144661,177.54,3.098641,176.92,3.087903,172.44,3.009670
2026-07-22 12:45:43.100,86.134,183.43,3.201418,180.88,3.156932,180.18,3.144661,177.54,3.098641,176.92,3.087903,172.44,3.009670
2026-07-22 12:45:43.133,86.168,183.43,3.201418,180.88,3.156932,180.18,3.144661,177.54,3.098641,176.92,3.087903,172.44,3.009670
2026-07-22 12:45:43.167,86.201,183.43,3.201418,180.88,3.156932,180.18,3.144661,177.54,3.098641,176.92,3.087903,172.44,3.009670
2026-07-22 12:45:43.200,86.234,183.43,3.201418,180.88,3.156932,180.18,3.144661,177.54,3.098641,176.92,3.087903,172.44,3.009670
2026-07-22 12:45:43.233,86.267,183.43,3.201418,180.88,3.156932,180.18,3.144661,177.54,3.098641,176.92,3.087903,172.44,3.009670
2026-07-22 12:45:43.266,86.300,183.43,3.201418,180.88,3.156932,180.18,3.144661,177.54,3.098641,176.92,3.087903,172.44,3.009670
2026-07-22 12:45:43.305,86.334,183.43,3.201418,180.88,3.156932,180.18,3.144661,177.54,3.098641,176.92,3.087903,172.44,3.009670
2026-07-22 12:45:43.336,86.367,183.43,3.201418,180.88,3.156932,180.18,3.144661,177.54,3.098641,176.92,3.087903,172.44,3.009670
2026-07-22 12:45:43.367,86.401,183.43,3.201418,180.88,3.156932,180.18,3.144661,177.54,3.098641,176.92,3.087903,172.44,3.009670
2026-07-22 12:45:43.402,86.434,183.43,3.201418,180.88,3.156932,180.18,3.144661,177.54,3.098641,176.92,3.087903,172.44,3.009670
2026-07-22 12:45:43.438,86.469,183.43,3.201418,180.88,3.156932,180.18,3.144661,177.54,3.098641,176.92,3.087903,172.44,3.009670
2026-07-22 12:45:43.468,86.501,183.43,3.201418,180.88,3.156932,180.18,3.144661,177.54,3.098641,176.92,3.087903,172.44,3.009670
2026-07-22 12:45:43.503,86.535,183.43,3.201418,180.88,3.156932,180.18,3.144661,177.54,3.098641,176.92,3.087903,172.44,3.009670
2026-07-22 12:45:43.533,86.567,183.43,3.201418,180.88,3.156932,180.18,3.144661,177.54,3.098641,176.92,3.087903,172.44,3.009670
2026-07-22 12:45:43.566,86.600,183.43,3.201418,180.88,3.156932,180.18,3.144661,177.54,3.098641,176.92,3.087903,172.44,3.009670
2026-07-22 12:45:43.601,86.634,183.43,3.201418,180.88,3.156932,180.18,3.144661,177.54,3.098641,176.92,3.087903,172.44,3.009670
2026-07-22 12:45:43.633,86.668,183.43,3.201418,180.88,3.156932,180.18,3.144661,177.54,3.098641,176.92,3.087903,172.44,3.009670
2026-07-22 12:45:43.668,86.701,183.43,3.201418,180.88,3.156932,180.18,3.144661,177.54,3.098641,176.92,3.087903,172.44,3.009670
2026-07-22 12:45:43.700,86.736,183.43,3.201418,180.88,3.156932,180.18,3.144661,177.54,3.098641,176.92,3.087903,172.44,3.009670
2026-07-22 12:45:43.736,86.768,183.43,3.201418,180.88,3.156932,180.18,3.144661,177.54,3.098641,176.92,3.087903,172.44,3.009670
2026-07-22 12:45:43.767,86.801,183.43,3.201418,180.88,3.156932,180.18,3.144661,177.54,3.098641,176.92,3.087903,172.44,3.009670
2026-07-22 12:45:43.800,86.834,183.43,3.201418,180.88,3.156932,180.18,3.144661,177.54,3.098641,176.92,3.087903,172.44,3.009670
2026-07-22 12:45:43.833,86.868,183.43,3.201418,180.88,3.156932,180.18,3.144661,177.54,3.098641,176.92,3.087903,172.44,3.009670
2026-07-22 12:45:43.866,86.901,183.43,3.201418,180.88,3.156932,180.18,3.144661,177.54,3.098641,176.92,3.087903,172.44,3.009670
2026-07-22 12:45:43.900,86.934,183.43,3.201418,180.88,3.156932,180.18,3.144661,177.54,3.098641,176.92,3.087903,172.44,3.009670
2026-07-22 12:45:43.933,86.968,183.43,3.201418,180.88,3.156932,180.18,3.144661,177.54,3.098641,176.92,3.087903,172.44,3.009670
2026-07-22 12:45:43.966,87.001,183.43,3.201418,180.88,3.156932,180.18,3.144661,177.54,3.098641,176.92,3.087903,172.44,3.009670
2026-07-22 12:45:44.001,87.034,183.43,3.201418,180.88,3.156932,180.18,3.144661,177.54,3.098641,176.92,3.087903,172.44,3.009670
2026-07-22 12:45:44.033,87.067,183.43,3.201418,180.88,3.156932,180.18,3.144661,177.54,3.098641,176.92,3.087903,172.44,3.009670
2026-07-22 12:45:44.069,87.101,183.43,3.201418,180.88,3.156932,180.18,3.144661,177.54,3.098641,176.92,3.087903,172.44,3.009670
2026-07-22 12:45:44.100,87.134,183.43,3.201418,180.88,3.156932,180.18,3.144661,177.54,3.098641,176.92,3.087903,172.44,3.009670
2026-07-22 12:45:44.134,87.167,183.43,3.201418,180.88,3.156932,180.18,3.144661,177.54,3.098641,176.92,3.087903,172.44,3.009670
2026-07-22 12:45:44.169,87.201,183.43,3.201418,180.88,3.156932,180.18,3.144661,177.54,3.098641,176.92,3.087903,172.44,3.009670
2026-07-22 12:45:44.201,87.234,183.43,3.201418,180.88,3.156932,180.18,3.144661,177.54,3.098641,176.92,3.087903,172.44,3.009670
2026-07-22 12:45:44.234,87.268,183.43,3.201418,180.88,3.156932,180.18,3.144661,177.54,3.098641,176.92,3.087903,172.44,3.009670
2026-07-22 12:45:44.266,87.300,183.43,3.201418,180.88,3.156932,180.18,3.144661,177.54,3.098641,176.92,3.087903,172.44,3.009670
2026-07-22 12:45:44.300,87.334,183.43,3.201418,180.88,3.156932,180.18,3.144661,177.54,3.098641,176.92,3.087903,172.44,3.009670
2026-07-22 12:45:44.333,87.368,183.43,3.201418,180.88,3.156932,180.18,3.144661,177.54,3.098641,176.92,3.087903,172.44,3.009670
2026-07-22 12:45:44.366,87.401,183.43,3.201418,180.88,3.156932,180.18,3.144661,177.54,3.098641,176.92,3.087903,172.44,3.009670
2026-07-22 12:45:44.400,87.434,183.43,3.201418,180.88,3.156932,180.18,3.144661,177.54,3.098641,176.92,3.087903,172.44,3.009670
2026-07-22 12:45:44.433,87.467,183.43,3.201418,180.88,3.156932,180.18,3.144661,177.54,3.098641,176.92,3.087903,172.44,3.009670
2026-07-22 12:45:44.466,87.500,183.43,3.201418,180.88,3.156932,180.18,3.144661,177.54,3.098641,176.92,3.087903,172.44,3.009670
2026-07-22 12:45:44.501,87.534,183.43,3.201418,180.88,3.156932,180.18,3.144661,177.54,3.098641,176.92,3.087903,172.44,3.009670
2026-07-22 12:45:44.532,87.567,183.43,3.201418,180.88,3.156932,180.18,3.144661,177.54,3.098641,176.92,3.087903,172.44,3.009670
2026-07-22 12:45:44.566,87.601,183.43,3.201418,180.88,3.156932,180.18,3.144661,177.54,3.098641,176.92,3.087903,172.44,3.009670
2026-07-22 12:45:44.600,87.634,183.43,3.201418,180.88,3.156932,180.18,3.144661,177.54,3.098641,176.92,3.087903,172.44,3.009670
2026-07-22 12:45:44.633,87.667,183.43,3.201418,180.88,3.156932,180.18,3.144661,177.54,3.098641,176.92,3.087903,172.44,3.009670
2026-07-22 12:45:44.666,87.701,183.43,3.201418,180.88,3.156932,180.18,3.144661,177.54,3.098641,176.92,3.087903,172.44,3.009670
2026-07-22 12:45:44.700,87.735,183.43,3.201418,180.88,3.156932,180.18,3.144661,177.54,3.098641,176.92,3.087903,172.44,3.009670
2026-07-22 12:45:44.733,87.768,183.43,3.201418,180.88,3.156932,180.18,3.144661,177.54,3.098641,176.92,3.087903,172.44,3.009670
2026-07-22 12:45:44.767,87.801,183.43,3.201418,180.88,3.156932,180.18,3.144661,177.54,3.098641,176.92,3.087903,172.44,3.009670
2026-07-22 12:45:44.799,87.834,183.43,3.201418,180.88,3.156932,180.18,3.144661,177.54,3.098641,176.92,3.087903,172.44,3.009670
2026-07-22 12:45:44.833,87.868,183.43,3.201418,180.88,3.156932,180.18,3.144661,177.54,3.098641,176.92,3.087903,172.44,3.009670
2026-07-22 12:45:44.866,87.901,183.43,3.201418,180.88,3.156932,180.18,3.144661,177.54,3.098641,176.92,3.087903,172.44,3.009670
2026-07-22 12:45:44.899,87.934,183.43,3.201418,180.88,3.156932,180.18,3.144661,177.54,3.098641,176.92,3.087903,172.44,3.009670
2026-07-22 12:45:44.934,87.967,183.43,3.201418,180.88,3.156932,180.18,3.144661,177.54,3.098641,176.92,3.087903,172.44,3.009670
2026-07-22 12:45:44.967,88.001,183.43,3.201418,180.88,3.156932,180.18,3.144661,177.54,3.098641,176.92,3.087903,172.44,3.009670
2026-07-22 12:45:45.001,88.034,183.43,3.201418,180.88,3.156932,180.18,3.144661,177.54,3.098641,176.92,3.087903,172.44,3.009670
2026-07-22 12:45:45.034,88.067,183.43,3.201418,180.88,3.156932,180.18,3.144661,177.54,3.098641,176.92,3.087903,172.44,3.009670
2026-07-22 12:45:45.066,88.101,183.43,3.201418,180.88,3.156932,180.18,3.144661,177.54,3.098641,176.92,3.087903,172.44,3.009670
2026-07-22 12:45:45.100,88.135,183.43,3.201418,180.88,3.156932,180.18,3.144661,177.54,3.098641,176.92,3.087903,172.44,3.009670
2026-07-22 12:45:45.132,88.167,183.43,3.201418,180.88,3.156932,180.18,3.144661,177.54,3.098641,176.92,3.087903,172.44,3.009670
2026-07-22 12:45:45.168,88.201,183.43,3.201418,180.88,3.156932,180.18,3.144661,177.54,3.098641,176.92,3.087903,172.44,3.009670
2026-07-22 12:45:45.199,88.234,183.43,3.201418,180.88,3.156932,180.18,3.144661,177.54,3.098641,176.92,3.087903,172.44,3.009670
2026-07-22 12:45:45.233,88.267,183.43,3.201418,180.88,3.156932,180.18,3.144661,177.54,3.098641,176.92,3.087903,172.44,3.009670
2026-07-22 12:45:45.266,88.301,183.43,3.201418,180.88,3.156932,180.18,3.144661,177.54,3.098641,176.92,3.087903,172.44,3.009670
2026-07-22 12:45:45.299,88.334,183.43,3.201418,180.88,3.156932,180.18,3.144661,177.54,3.098641,176.92,3.087903,172.44,3.009670
2026-07-22 12:45:45.334,88.368,183.43,3.201418,180.88,3.156932,180.18,3.144661,177.54,3.098641,176.92,3.087903,172.44,3.009670
2026-07-22 12:45:45.366,88.401,183.43,3.201418,180.88,3.156932,180.18,3.144661,177.54,3.098641,176.92,3.087903,172.44,3.009670
2026-07-22 12:45:45.400,88.434,183.43,3.201418,180.88,3.156932,180.18,3.144661,177.54,3.098641,176.92,3.087903,172.44,3.009670
2026-07-22 12:45:45.433,88.468,183.43,3.201418,180.88,3.156932,180.18,3.144661,177.54,3.098641,176.92,3.087903,172.44,3.009670
2026-07-22 12:45:45.469,88.501,183.43,3.201418,180.88,3.156932,180.18,3.144661,177.54,3.098641,176.92,3.087903,172.44,3.009670
2026-07-22 12:45:45.500,88.535,183.43,3.201418,180.88,3.156932,180.18,3.144661,177.54,3.098641,176.92,3.087903,172.44,3.009670
2026-07-22 12:45:45.533,88.568,183.43,3.201418,180.88,3.156932,180.18,3.144661,177.54,3.098641,176.92,3.087903,172.44,3.009670
2026-07-22 12:45:45.566,88.601,183.43,3.201418,180.88,3.156932,180.18,3.144661,177.54,3.098641,176.92,3.087903,172.44,3.009670
2026-07-22 12:45:45.604,88.636,183.43,3.201418,180.88,3.156932,180.18,3.144661,177.54,3.098641,176.92,3.087903,172.44,3.009670
2026-07-22 12:45:45.633,88.668,183.43,3.201418,180.88,3.156932,180.18,3.144661,177.54,3.098641,176.92,3.087903,172.44,3.009670
2026-07-22 12:45:45.667,88.701,183.43,3.201418,180.88,3.156932,180.18,3.144661,177.54,3.098641,176.92,3.087903,172.44,3.009670
2026-07-22 12:45:45.699,88.734,183.43,3.201418,180.88,3.156932,180.18,3.144661,177.54,3.098641,176.92,3.087903,172.44,3.009670
2026-07-22 12:45:45.738,88.767,183.43,3.201418,180.88,3.156932,180.18,3.144661,177.54,3.098641,176.92,3.087903,172.44,3.009670
2026-07-22 12:45:45.769,88.801,183.43,3.201418,180.88,3.156932,180.18,3.144661,177.54,3.098641,176.92,3.087903,172.44,3.009670
2026-07-22 12:45:45.803,88.835,183.43,3.201418,180.88,3.156932,180.18,3.144661,177.54,3.098641,176.92,3.087903,172.44,3.009670
2026-07-22 12:45:45.835,88.868,183.43,3.201418,180.88,3.156932,180.18,3.144661,177.54,3.098641,176.92,3.087903,172.44,3.009670
2026-07-22 12:45:45.867,88.901,183.43,3.201418,180.88,3.156932,180.18,3.144661,177.54,3.098641,176.92,3.087903,172.44,3.009670
2026-07-22 12:45:45.901,88.935,183.43,3.201418,180.88,3.156932,180.18,3.144661,177.54,3.098641,176.92,3.087903,172.44,3.009670
2026-07-22 12:45:45.932,88.967,183.43,3.201418,180.88,3.156932,180.18,3.144661,177.54,3.098641,176.92,3.087903,172.44,3.009670
2026-07-22 12:45:45.965,89.001,183.43,3.201418,180.88,3.156932,180.18,3.144661,177.54,3.098641,176.92,3.087903,172.44,3.009670
2026-07-22 12:45:45.999,89.034,183.43,3.201418,180.88,3.156932,180.18,3.144661,177.54,3.098641,176.92,3.087903,172.44,3.009670
2026-07-22 12:45:46.035,89.068,183.43,3.201418,180.88,3.156932,180.18,3.144661,177.54,3.098641,176.92,3.087903,172.44,3.009670
2026-07-22 12:45:46.067,89.101,183.43,3.201418,180.88,3.156932,180.18,3.144661,177.54,3.098641,176.92,3.087903,172.44,3.009670
2026-07-22 12:45:46.099,89.134,183.43,3.201418,180.88,3.156932,180.18,3.144661,177.54,3.098641,176.92,3.087903,172.44,3.009670
2026-07-22 12:45:46.133,89.167,183.43,3.201418,180.88,3.156932,180.18,3.144661,177.54,3.098641,176.92,3.087903,172.44,3.009670
2026-07-22 12:45:46.166,89.201,183.43,3.201418,180.88,3.156932,180.18,3.144661,177.54,3.098641,176.92,3.087903,172.44,3.009670
2026-07-22 12:45:46.199,89.234,183.43,3.201418,180.88,3.156932,180.18,3.144661,177.54,3.098641,176.92,3.087903,172.44,3.009670
2026-07-22 12:45:46.233,89.268,183.43,3.201418,180.88,3.156932,180.18,3.144661,177.54,3.098641,176.92,3.087903,172.44,3.009670
2026-07-22 12:45:46.266,89.301,183.43,3.201418,180.88,3.156932,180.18,3.144661,177.54,3.098641,176.92,3.087903,172.44,3.009670
2026-07-22 12:45:46.299,89.334,183.43,3.201418,180.88,3.156932,180.18,3.144661,177.54,3.098641,176.92,3.087903,172.44,3.009670
2026-07-22 12:45:46.333,89.367,183.43,3.201418,180.88,3.156932,180.18,3.144661,177.54,3.098641,176.92,3.087903,172.44,3.009670
2026-07-22 12:45:46.366,89.401,183.43,3.201418,180.88,3.156932,180.18,3.144661,177.54,3.098641,176.92,3.087903,172.44,3.009670
2026-07-22 12:45:46.399,89.434,183.43,3.201418,180.88,3.156932,180.18,3.144661,177.54,3.098641,176.92,3.087903,172.44,3.009670
2026-07-22 12:45:46.433,89.468,183.43,3.201418,180.88,3.156932,180.18,3.144661,177.54,3.098641,176.92,3.087903,172.44,3.009670
2026-07-22 12:45:46.466,89.500,183.43,3.201418,180.88,3.156932,180.18,3.144661,177.54,3.098641,176.92,3.087903,172.44,3.009670
2026-07-22 12:45:46.499,89.534,183.43,3.201418,180.88,3.156932,180.18,3.144661,177.54,3.098641,176.92,3.087903,172.44,3.009670
2026-07-22 12:45:46.535,89.568,183.43,3.201418,180.88,3.156932,180.18,3.144661,177.54,3.098641,176.92,3.087903,172.44,3.009670
2026-07-22 12:45:46.567,89.601,183.43,3.201418,180.88,3.156932,180.18,3.144661,177.54,3.098641,176.92,3.087903,172.44,3.009670
2026-07-22 12:45:46.601,89.634,183.43,3.201418,180.88,3.156932,180.18,3.144661,177.54,3.098641,176.92,3.087903,172.44,3.009670
2026-07-22 12:45:46.635,89.668,183.43,3.201418,180.88,3.156932,180.18,3.144661,177.54,3.098641,176.92,3.087903,172.44,3.009670
2026-07-22 12:45:46.666,89.701,183.43,3.201418,180.88,3.156932,180.18,3.144661,177.54,3.098641,176.92,3.087903,172.44,3.009670
2026-07-22 12:45:46.703,89.737,183.43,3.201418,180.88,3.156932,180.18,3.144661,177.54,3.098641,176.92,3.087903,172.44,3.009670
2026-07-22 12:45:46.732,89.767,183.43,3.201418,180.88,3.156932,180.18,3.144661,177.54,3.098641,176.92,3.087903,172.44,3.009670
2026-07-22 12:45:46.767,89.801,183.43,3.201418,180.88,3.156932,180.18,3.144661,177.54,3.098641,176.92,3.087903,172.44,3.009670
2026-07-22 12:45:46.803,89.834,183.43,3.201418,180.88,3.156932,180.18,3.144661,177.54,3.098641,176.92,3.087903,172.44,3.009670
2026-07-22 12:45:46.833,89.867,183.43,3.201418,180.88,3.156932,180.18,3.144661,177.54,3.098641,176.92,3.087903,172.44,3.009670
2026-07-22 12:45:46.866,89.901,183.43,3.201418,180.88,3.156932,180.18,3.144661,177.54,3.098641,176.92,3.087903,172.44,3.009670
2026-07-22 12:45:46.899,89.934,183.43,3.201418,180.88,3.156932,180.18,3.144661,177.54,3.098641,176.92,3.087903,172.44,3.009670
2026-07-22 12:45:46.933,89.967,183.43,3.201418,180.88,3.156932,180.18,3.144661,177.54,3.098641,176.92,3.087903,172.44,3.009670
2026-07-22 12:45:46.966,90.001,183.43,3.201418,180.88,3.156932,180.18,3.144661,177.54,3.098641,176.92,3.087903,172.44,3.009670
2026-07-22 12:45:47.000,90.034,183.43,3.201418,180.88,3.156932,180.18,3.144661,177.54,3.098641,176.92,3.087903,172.44,3.009670
2026-07-22 12:45:47.033,90.067,183.43,3.201418,180.88,3.156932,180.18,3.144661,177.54,3.098641,176.92,3.087903,172.44,3.009670
2026-07-22 12:45:47.066,90.101,183.43,3.201418,180.88,3.156932,180.18,3.144661,177.54,3.098641,176.92,3.087903,172.44,3.009670
2026-07-22 12:45:47.099,90.134,183.43,3.201418,180.88,3.156932,180.18,3.144661,177.54,3.098641,176.92,3.087903,172.44,3.009670
2026-07-22 12:45:47.134,90.167,183.43,3.201418,180.88,3.156932,180.18,3.144661,177.54,3.098641,176.92,3.087903,172.44,3.009670
2026-07-22 12:45:47.169,90.201,183.43,3.201418,180.88,3.156932,180.18,3.144661,177.54,3.098641,176.92,3.087903,172.44,3.009670
2026-07-22 12:45:47.201,90.234,183.43,3.201418,180.88,3.156932,180.18,3.144661,177.54,3.098641,176.92,3.087903,172.44,3.009670
2026-07-22 12:45:47.232,90.267,183.43,3.201418,180.88,3.156932,180.18,3.144661,177.54,3.098641,176.92,3.087903,172.44,3.009670
2026-07-22 12:45:47.267,90.301,183.43,3.201418,180.88,3.156932,180.18,3.144661,177.54,3.098641,176.92,3.087903,172.44,3.009670
2026-07-22 12:45:47.302,90.334,183.43,3.201418,180.88,3.156932,180.18,3.144661,177.54,3.098641,176.92,3.087903,172.44,3.009670
2026-07-22 12:45:47.336,90.367,183.43,3.201418,180.88,3.156932,180.18,3.144661,177.54,3.098641,176.92,3.087903,172.44,3.009670
2026-07-22 12:45:47.369,90.401,183.43,3.201418,180.88,3.156932,180.18,3.144661,177.54,3.098641,176.92,3.087903,172.44,3.009670
2026-07-22 12:45:47.403,90.434,183.43,3.201418,180.88,3.156932,180.18,3.144661,177.54,3.098641,176.92,3.087903,172.44,3.009670
2026-07-22 12:45:47.436,90.469,183.43,3.201418,180.88,3.156932,180.18,3.144661,177.54,3.098641,176.92,3.087903,172.44,3.009670
2026-07-22 12:45:47.468,90.502,183.43,3.201418,180.88,3.156932,180.18,3.144661,177.54,3.098641,176.92,3.087903,172.44,3.009670
2026-07-22 12:45:47.503,90.535,183.43,3.201418,180.88,3.156932,180.18,3.144661,177.54,3.098641,176.92,3.087903,172.44,3.009670
2026-07-22 12:45:47.534,90.568,183.43,3.201418,180.88,3.156932,180.18,3.144661,177.54,3.098641,176.92,3.087903,172.44,3.009670
2026-07-22 12:45:47.567,90.601,183.43,3.201418,180.88,3.156932,180.18,3.144661,177.54,3.098641,176.92,3.087903,172.44,3.009670
2026-07-22 12:45:47.602,90.637,183.43,3.201418,180.88,3.156932,180.18,3.144661,177.54,3.098641,176.92,3.087903,172.44,3.009670
2026-07-22 12:45:47.633,90.667,183.43,3.201418,180.88,3.156932,180.18,3.144661,177.54,3.098641,176.92,3.087903,172.44,3.009670
2026-07-22 12:45:47.666,90.701,183.43,3.201418,180.88,3.156932,180.18,3.144661,177.54,3.098641,176.92,3.087903,172.44,3.009670
2026-07-22 12:45:47.699,90.734,183.43,3.201418,180.88,3.156932,180.18,3.144661,177.54,3.098641,176.92,3.087903,172.44,3.009670
2026-07-22 12:45:47.733,90.767,183.43,3.201418,180.88,3.156932,180.18,3.144661,177.54,3.098641,176.92,3.087903,172.44,3.009670
2026-07-22 12:45:47.767,90.801,183.43,3.201418,180.88,3.156932,180.18,3.144661,177.54,3.098641,176.92,3.087903,172.44,3.009670
2026-07-22 12:45:47.800,90.834,183.43,3.201418,180.88,3.156932,180.18,3.144661,177.54,3.098641,176.92,3.087903,172.44,3.009670
2026-07-22 12:45:47.834,90.868,183.43,3.201418,180.88,3.156932,180.18,3.144661,177.54,3.098641,176.92,3.087903,172.44,3.009670
2026-07-22 12:45:47.867,90.901,183.43,3.201418,180.88,3.156932,180.18,3.144661,177.54,3.098641,176.92,3.087903,172.44,3.009670
2026-07-22 12:45:47.899,90.934,183.43,3.201418,180.88,3.156932,180.18,3.144661,177.54,3.098641,176.92,3.087903,172.44,3.009670
2026-07-22 12:45:47.934,90.967,183.43,3.201418,180.88,3.156932,180.18,3.144661,177.54,3.098641,176.92,3.087903,172.44,3.009670
2026-07-22 12:45:47.967,91.001,183.43,3.201418,180.88,3.156932,180.18,3.144661,177.54,3.098641,176.92,3.087903,172.44,3.009670
2026-07-22 12:45:48.000,91.034,183.43,3.201418,180.88,3.156932,180.18,3.144661,177.54,3.098641,176.92,3.087903,172.44,3.009670
2026-07-22 12:45:48.035,91.068,183.43,3.201418,180.88,3.156932,180.18,3.144661,177.54,3.098641,176.92,3.087903,172.44,3.009670
2026-07-22 12:45:48.066,91.101,183.43,3.201418,180.88,3.156932,180.18,3.144661,177.54,3.098641,176.92,3.087903,172.44,3.009670
2026-07-22 12:45:48.102,91.134,183.43,3.201418,180.88,3.156932,180.18,3.144661,177.54,3.098641,176.92,3.087903,172.44,3.009670
2026-07-22 12:45:48.136,91.167,183.43,3.201418,180.88,3.156932,180.18,3.144661,177.54,3.098641,176.92,3.087903,172.44,3.009670
2026-07-22 12:45:48.167,91.201,183.43,3.201418,180.88,3.156932,180.18,3.144661,177.54,3.098641,176.92,3.087903,172.44,3.009670
2026-07-22 12:45:48.200,91.234,183.43,3.201418,180.88,3.156932,180.18,3.144661,177.54,3.098641,176.92,3.087903,172.44,3.009670
2026-07-22 12:45:48.232,91.267,183.43,3.201418,180.88,3.156932,180.18,3.144661,177.54,3.098641,176.92,3.087903,172.44,3.009670
2026-07-22 12:45:48.267,91.301,183.43,3.201418,180.88,3.156932,180.18,3.144661,177.54,3.098641,176.92,3.087903,172.44,3.009670
2026-07-22 12:45:48.300,91.335,183.43,3.201418,180.88,3.156932,180.18,3.144661,177.54,3.098641,176.92,3.087903,172.44,3.009670
2026-07-22 12:45:48.332,91.368,183.43,3.201418,180.88,3.156932,180.18,3.144661,177.54,3.098641,176.92,3.087903,172.44,3.009670
2026-07-22 12:45:48.369,91.400,183.43,3.201418,180.88,3.156932,180.18,3.144661,177.54,3.098641,176.92,3.087903,172.44,3.009670
2026-07-22 12:45:48.400,91.434,183.43,3.201418,180.88,3.156932,180.18,3.144661,177.54,3.098641,176.92,3.087903,172.44,3.009670
2026-07-22 12:45:48.434,91.467,183.43,3.201418,180.88,3.156932,180.18,3.144661,177.54,3.098641,176.92,3.087903,172.44,3.009670
2026-07-22 12:45:48.466,91.500,183.43,3.201418,180.88,3.156932,180.18,3.144661,177.54,3.098641,176.92,3.087903,172.44,3.009670
2026-07-22 12:45:48.499,91.534,183.43,3.201418,180.88,3.156932,180.18,3.144661,177.54,3.098641,176.92,3.087903,172.44,3.009670
2026-07-22 12:45:48.534,91.567,183.43,3.201418,180.88,3.156932,180.18,3.144661,177.54,3.098641,176.92,3.087903,172.44,3.009670
2026-07-22 12:45:48.566,91.600,183.43,3.201418,180.88,3.156932,180.18,3.144661,177.54,3.098641,176.92,3.087903,172.44,3.009670
2026-07-22 12:45:48.603,91.634,183.43,3.201418,180.88,3.156932,180.18,3.144661,177.54,3.098641,176.92,3.087903,172.44,3.009670
2026-07-22 12:45:48.634,91.667,183.43,3.201418,180.88,3.156932,180.18,3.144661,177.54,3.098641,176.92,3.087903,172.44,3.009670
2026-07-22 12:45:48.668,91.701,183.43,3.201418,180.88,3.156932,180.18,3.144661,177.54,3.098641,176.92,3.087903,172.44,3.009670
2026-07-22 12:45:48.704,91.734,183.43,3.201418,180.88,3.156932,180.18,3.144661,177.54,3.098641,176.92,3.087903,172.44,3.009670
2026-07-22 12:45:48.733,91.768,183.43,3.201418,180.88,3.156932,180.18,3.144661,177.54,3.098641,176.92,3.087903,172.44,3.009670
2026-07-22 12:45:48.768,91.801,183.43,3.201418,180.88,3.156932,180.18,3.144661,177.54,3.098641,176.92,3.087903,172.44,3.009670
2026-07-22 12:45:48.800,91.834,183.43,3.201418,180.88,3.156932,180.18,3.144661,177.54,3.098641,176.92,3.087903,172.44,3.009670
2026-07-22 12:45:48.832,91.867,183.43,3.201418,180.88,3.156932,180.18,3.144661,177.54,3.098641,176.92,3.087903,172.44,3.009670
2026-07-22 12:45:48.869,91.901,183.43,3.201418,180.88,3.156932,180.18,3.144661,177.54,3.098641,176.92,3.087903,172.44,3.009670
2026-07-22 12:45:48.899,91.934,183.43,3.201418,180.88,3.156932,180.18,3.144661,177.54,3.098641,176.92,3.087903,172.44,3.009670
2026-07-22 12:45:48.934,91.967,183.43,3.201418,180.88,3.156932,180.18,3.144661,177.54,3.098641,176.92,3.087903,172.44,3.009670
2026-07-22 12:45:48.969,92.002,183.43,3.201418,180.88,3.156932,180.18,3.144661,177.54,3.098641,176.92,3.087903,172.44,3.009670
2026-07-22 12:45:49.002,92.035,183.43,3.201418,180.88,3.156932,180.18,3.144661,177.54,3.098641,176.92,3.087903,172.44,3.009670
2026-07-22 12:45:49.035,92.068,183.43,3.201418,180.88,3.156932,180.18,3.144661,177.54,3.098641,176.92,3.087903,172.44,3.009670
2026-07-22 12:45:49.067,92.101,183.43,3.201418,180.88,3.156932,180.18,3.144661,177.54,3.098641,176.92,3.087903,172.44,3.009670
2026-07-22 12:45:49.101,92.134,183.43,3.201418,180.88,3.156932,180.18,3.144661,177.54,3.098641,176.92,3.087903,172.44,3.009670
2026-07-22 12:45:49.139,92.169,183.43,3.201418,180.88,3.156932,180.18,3.144661,177.54,3.098641,176.92,3.087903,172.44,3.009670
2026-07-22 12:45:49.171,92.201,183.43,3.201418,180.88,3.156932,180.18,3.144661,177.54,3.098641,176.92,3.087903,172.44,3.009670
2026-07-22 12:45:49.202,92.234,183.43,3.201418,180.88,3.156932,180.18,3.144661,177.54,3.098641,176.92,3.087903,172.44,3.009670
2026-07-22 12:45:49.233,92.267,183.43,3.201418,180.88,3.156932,180.18,3.144661,177.54,3.098641,176.92,3.087903,172.44,3.009670
2026-07-22 12:45:49.267,92.301,183.43,3.201418,180.88,3.156932,180.18,3.144661,177.54,3.098641,176.92,3.087903,172.44,3.009670
2026-07-22 12:45:49.306,92.334,183.43,3.201418,180.88,3.156932,180.18,3.144661,177.54,3.098641,176.92,3.087903,172.44,3.009670
2026-07-22 12:45:49.339,92.367,183.43,3.201418,180.88,3.156932,180.18,3.144661,177.54,3.098641,176.92,3.087903,172.44,3.009670
2026-07-22 12:45:49.368,92.401,183.43,3.201418,180.88,3.156932,180.18,3.144661,177.54,3.098641,176.92,3.087903,172.44,3.009670
2026-07-22 12:45:49.400,92.434,183.43,3.201418,180.88,3.156932,180.18,3.144661,177.54,3.098641,176.92,3.087903,172.44,3.009670
2026-07-22 12:45:49.433,92.468,183.43,3.201418,180.88,3.156932,180.18,3.144661,177.54,3.098641,176.92,3.087903,172.44,3.009670
2026-07-22 12:45:49.467,92.501,183.43,3.201418,180.88,3.156932,180.18,3.144661,177.54,3.098641,176.92,3.087903,172.44,3.009670
2026-07-22 12:45:49.504,92.534,183.43,3.201418,180.88,3.156932,180.18,3.144661,177.54,3.098641,176.92,3.087903,172.44,3.009670
2026-07-22 12:45:49.535,92.568,183.43,3.201418,180.88,3.156932,180.18,3.144661,177.54,3.098641,176.92,3.087903,172.44,3.009670
2026-07-22 12:45:49.569,92.601,183.43,3.201418,180.88,3.156932,180.18,3.144661,177.54,3.098641,176.92,3.087903,172.44,3.009670
2026-07-22 12:45:49.600,92.634,183.43,3.201418,180.88,3.156932,180.18,3.144661,177.54,3.098641,176.92,3.087903,172.44,3.009670
2026-07-22 12:45:49.633,92.667,183.43,3.201418,180.88,3.156932,180.18,3.144661,177.54,3.098641,176.92,3.087903,172.44,3.009670
2026-07-22 12:45:49.667,92.701,183.43,3.201418,180.88,3.156932,180.18,3.144661,177.54,3.098641,176.92,3.087903,172.44,3.009670
2026-07-22 12:45:49.699,92.734,183.43,3.201418,180.88,3.156932,180.18,3.144661,177.54,3.098641,176.92,3.087903,172.44,3.009670
2026-07-22 12:45:49.735,92.768,183.43,3.201418,180.88,3.156932,180.18,3.144661,177.54,3.098641,176.92,3.087903,172.44,3.009670
2026-07-22 12:45:49.769,92.802,183.43,3.201418,180.88,3.156932,180.18,3.144661,177.54,3.098641,176.92,3.087903,172.44,3.009670
2026-07-22 12:45:49.802,92.834,183.43,3.201418,180.88,3.156932,180.18,3.144661,177.54,3.098641,176.92,3.087903,172.44,3.009670
2026-07-22 12:45:49.835,92.867,183.43,3.201418,180.88,3.156932,180.18,3.144661,177.54,3.098641,176.92,3.087903,172.44,3.009670
2026-07-22 12:45:49.866,92.901,183.43,3.201418,180.88,3.156932,180.18,3.144661,177.54,3.098641,176.92,3.087903,172.44,3.009670
2026-07-22 12:45:49.899,92.934,183.43,3.201418,180.88,3.156932,180.18,3.144661,177.54,3.098641,176.92,3.087903,172.44,3.009670
2026-07-22 12:45:49.936,92.968,183.43,3.201418,180.88,3.156932,180.18,3.144661,177.54,3.098641,176.92,3.087903,172.44,3.009670
2026-07-22 12:45:49.966,93.001,183.43,3.201418,180.88,3.156932,180.18,3.144661,177.54,3.098641,176.92,3.087903,172.44,3.009670
2026-07-22 12:45:50.000,93.034,183.43,3.201418,180.88,3.156932,180.18,3.144661,177.54,3.098641,176.92,3.087903,172.44,3.009670
2026-07-22 12:45:50.033,93.068,183.43,3.201418,180.88,3.156932,180.18,3.144661,177.54,3.098641,176.92,3.087903,172.44,3.009670
2026-07-22 12:45:50.066,93.101,183.43,3.201418,180.88,3.156932,180.18,3.144661,177.54,3.098641,176.92,3.087903,172.44,3.009670
2026-07-22 12:45:50.101,93.134,183.43,3.201418,180.88,3.156932,180.18,3.144661,177.54,3.098641,176.92,3.087903,172.44,3.009670
2026-07-22 12:45:50.134,93.168,183.43,3.201418,180.88,3.156932,180.18,3.144661,177.54,3.098641,176.92,3.087903,172.44,3.009670
2026-07-22 12:45:50.168,93.201,183.43,3.201418,180.88,3.156932,180.18,3.144661,177.54,3.098641,176.92,3.087903,172.44,3.009670
2026-07-22 12:45:50.200,93.234,183.43,3.201418,180.88,3.156932,180.18,3.144661,177.54,3.098641,176.92,3.087903,172.44,3.009670
2026-07-22 12:45:50.233,93.268,183.43,3.201418,180.88,3.156932,180.18,3.144661,177.54,3.098641,176.92,3.087903,172.44,3.009670
2026-07-22 12:45:50.266,93.301,183.43,3.201418,180.88,3.156932,180.18,3.144661,177.54,3.098641,176.92,3.087903,172.44,3.009670
2026-07-22 12:45:50.300,93.334,183.43,3.201418,180.88,3.156932,180.18,3.144661,177.54,3.098641,176.92,3.087903,172.44,3.009670
2026-07-22 12:45:50.333,93.367,183.43,3.201418,180.88,3.156932,180.18,3.144661,177.54,3.098641,176.92,3.087903,172.44,3.009670
2026-07-22 12:45:50.366,93.401,183.43,3.201418,180.88,3.156932,180.18,3.144661,177.54,3.098641,176.92,3.087903,172.44,3.009670
2026-07-22 12:45:50.400,93.434,183.43,3.201418,180.88,3.156932,180.18,3.144661,177.54,3.098641,176.92,3.087903,172.44,3.009670
2026-07-22 12:45:50.433,93.467,183.43,3.201418,180.88,3.156932,180.18,3.144661,177.54,3.098641,176.92,3.087903,172.44,3.009670
2026-07-22 12:45:50.466,93.501,183.43,3.201418,180.88,3.156932,180.18,3.144661,177.54,3.098641,176.92,3.087903,172.44,3.009670
2026-07-22 12:45:50.499,93.534,183.43,3.201418,180.88,3.156932,180.18,3.144661,177.54,3.098641,176.92,3.087903,172.44,3.009670
2026-07-22 12:45:50.535,93.567,183.43,3.201418,180.88,3.156932,180.18,3.144661,177.54,3.098641,176.92,3.087903,172.44,3.009670
2026-07-22 12:45:50.567,93.600,183.43,3.201418,180.88,3.156932,180.18,3.144661,177.54,3.098641,176.92,3.087903,172.44,3.009670
2026-07-22 12:45:50.599,93.634,183.43,3.201418,180.88,3.156932,180.18,3.144661,177.54,3.098641,176.92,3.087903,172.44,3.009670
2026-07-22 12:45:50.633,93.667,183.43,3.201418,180.88,3.156932,180.18,3.144661,177.54,3.098641,176.92,3.087903,172.44,3.009670
2026-07-22 12:45:50.667,93.701,183.43,3.201418,180.88,3.156932,180.18,3.144661,177.54,3.098641,176.92,3.087903,172.44,3.009670
2026-07-22 12:45:50.699,93.734,183.43,3.201418,180.88,3.156932,180.18,3.144661,177.54,3.098641,176.92,3.087903,172.44,3.009670
2026-07-22 12:45:50.732,93.767,183.43,3.201418,180.88,3.156932,180.18,3.144661,177.54,3.098641,176.92,3.087903,172.44,3.009670
2026-07-22 12:45:50.768,93.801,183.43,3.201418,180.88,3.156932,180.18,3.144661,177.54,3.098641,176.92,3.087903,172.44,3.009670
2026-07-22 12:45:50.801,93.834,183.43,3.201418,180.88,3.156932,180.18,3.144661,177.54,3.098641,176.92,3.087903,172.44,3.009670
2026-07-22 12:45:50.835,93.867,183.43,3.201418,180.88,3.156932,180.18,3.144661,177.54,3.098641,176.92,3.087903,172.44,3.009670
2026-07-22 12:45:50.866,93.901,183.43,3.201418,180.88,3.156932,180.18,3.144661,177.54,3.098641,176.92,3.087903,172.44,3.009670
2026-07-22 12:45:50.900,93.934,183.43,3.201418,180.88,3.156932,180.18,3.144661,177.54,3.098641,176.92,3.087903,172.44,3.009670
2026-07-22 12:45:50.933,93.967,183.43,3.201418,180.88,3.156932,180.18,3.144661,177.54,3.098641,176.92,3.087903,172.44,3.009670
2026-07-22 12:45:50.966,94.000,183.43,3.201418,180.88,3.156932,180.18,3.144661,177.54,3.098641,176.92,3.087903,172.44,3.009670
2026-07-22 12:45:50.999,94.034,183.43,3.201418,180.88,3.156932,180.18,3.144661,177.54,3.098641,176.92,3.087903,172.44,3.009670
2026-07-22 12:45:51.032,94.067,183.43,3.201418,180.88,3.156932,180.18,3.144661,177.54,3.098641,176.92,3.087903,172.44,3.009670
2026-07-22 12:45:51.067,94.101,183.43,3.201418,180.88,3.156932,180.18,3.144661,177.54,3.098641,176.92,3.087903,172.44,3.009670
2026-07-22 12:45:51.099,94.134,183.43,3.201418,180.88,3.156932,180.18,3.144661,177.54,3.098641,176.92,3.087903,172.44,3.009670
2026-07-22 12:45:51.134,94.167,183.43,3.201418,180.88,3.156932,180.18,3.144661,177.54,3.098641,176.92,3.087903,172.44,3.009670
2026-07-22 12:45:51.166,94.201,183.43,3.201418,180.88,3.156932,180.18,3.144661,177.54,3.098641,176.92,3.087903,172.44,3.009670
2026-07-22 12:45:51.202,94.234,183.43,3.201418,180.88,3.156932,180.18,3.144661,177.54,3.098641,176.92,3.087903,172.44,3.009670
2026-07-22 12:45:51.233,94.267,183.43,3.201418,180.88,3.156932,180.18,3.144661,177.54,3.098641,176.92,3.087903,172.44,3.009670
2026-07-22 12:45:51.266,94.301,183.43,3.201418,180.88,3.156932,180.18,3.144661,177.54,3.098641,176.92,3.087903,172.44,3.009670
2026-07-22 12:45:51.299,94.334,183.43,3.201418,180.88,3.156932,180.18,3.144661,177.54,3.098641,176.92,3.087903,172.44,3.009670
2026-07-22 12:45:51.332,94.367,183.43,3.201418,180.88,3.156932,180.18,3.144661,177.54,3.098641,176.92,3.087903,172.44,3.009670
2026-07-22 12:45:51.367,94.401,183.43,3.201418,180.88,3.156932,180.18,3.144661,177.54,3.098641,176.92,3.087903,172.44,3.009670
2026-07-22 12:45:51.402,94.434,183.43,3.201418,180.88,3.156932,180.18,3.144661,177.54,3.098641,176.92,3.087903,172.44,3.009670
2026-07-22 12:45:51.435,94.467,183.43,3.201418,180.88,3.156932,180.18,3.144661,177.54,3.098641,176.92,3.087903,172.44,3.009670
2026-07-22 12:45:51.468,94.501,183.43,3.201418,180.88,3.156932,180.18,3.144661,177.54,3.098641,176.92,3.087903,172.44,3.009670
2026-07-22 12:45:51.499,94.534,183.43,3.201418,180.88,3.156932,180.18,3.144661,177.54,3.098641,176.92,3.087903,172.44,3.009670
2026-07-22 12:45:51.532,94.567,183.43,3.201418,180.88,3.156932,180.18,3.144661,177.54,3.098641,176.92,3.087903,172.44,3.009670
2026-07-22 12:45:51.566,94.601,183.43,3.201418,180.88,3.156932,180.18,3.144661,177.54,3.098641,176.92,3.087903,172.44,3.009670
2026-07-22 12:45:51.600,94.634,183.43,3.201418,180.88,3.156932,180.18,3.144661,177.54,3.098641,176.92,3.087903,172.44,3.009670
2026-07-22 12:45:51.633,94.668,183.43,3.201418,180.88,3.156932,180.18,3.144661,177.54,3.098641,176.92,3.087903,172.44,3.009670
2026-07-22 12:45:51.666,94.701,183.43,3.201418,180.88,3.156932,180.18,3.144661,177.54,3.098641,176.92,3.087903,172.44,3.009670
2026-07-22 12:45:51.699,94.734,183.43,3.201418,180.88,3.156932,180.18,3.144661,177.54,3.098641,176.92,3.087903,172.44,3.009670
2026-07-22 12:45:51.733,94.768,183.43,3.201418,180.88,3.156932,180.18,3.144661,177.54,3.098641,176.92,3.087903,172.44,3.009670
2026-07-22 12:45:51.766,94.800,183.43,3.201418,180.88,3.156932,180.18,3.144661,177.54,3.098641,176.92,3.087903,172.44,3.009670
2026-07-22 12:45:51.800,94.834,183.43,3.201418,180.88,3.156932,180.18,3.144661,177.54,3.098641,176.92,3.087903,172.44,3.009670
2026-07-22 12:45:51.833,94.868,183.43,3.201418,180.88,3.156932,180.18,3.144661,177.54,3.098641,176.92,3.087903,172.44,3.009670
2026-07-22 12:45:51.865,94.901,183.43,3.201418,180.88,3.156932,180.18,3.144661,177.54,3.098641,176.92,3.087903,172.44,3.009670
2026-07-22 12:45:51.899,94.934,183.43,3.201418,180.88,3.156932,180.18,3.144661,177.54,3.098641,176.92,3.087903,172.44,3.009670
2026-07-22 12:45:51.933,94.967,183.43,3.201418,180.88,3.156932,180.18,3.144661,177.54,3.098641,176.92,3.087903,172.44,3.009670
2026-07-22 12:45:51.966,95.001,183.43,3.201418,180.88,3.156932,180.18,3.144661,177.54,3.098641,176.92,3.087903,172.44,3.009670
2026-07-22 12:45:52.000,95.034,183.43,3.201418,180.88,3.156932,180.18,3.144661,177.54,3.098641,176.92,3.087903,172.44,3.009670
2026-07-22 12:45:52.032,95.067,183.43,3.201418,180.88,3.156932,180.18,3.144661,177.54,3.098641,176.92,3.087903,172.44,3.009670
2026-07-22 12:45:52.066,95.101,183.43,3.201418,180.88,3.156932,180.18,3.144661,177.54,3.098641,176.92,3.087903,172.44,3.009670
2026-07-22 12:45:52.100,95.134,183.43,3.201418,180.88,3.156932,180.18,3.144661,177.54,3.098641,176.92,3.087903,172.44,3.009670
2026-07-22 12:45:52.132,95.167,183.43,3.201418,180.88,3.156932,180.18,3.144661,177.54,3.098641,176.92,3.087903,172.44,3.009670
2026-07-22 12:45:52.167,95.201,183.43,3.201418,180.88,3.156932,180.18,3.144661,177.54,3.098641,176.92,3.087903,172.44,3.009670
2026-07-22 12:45:52.199,95.234,183.43,3.201418,180.88,3.156932,180.18,3.144661,177.54,3.098641,176.92,3.087903,172.44,3.009670
2026-07-22 12:45:52.235,95.267,183.43,3.201418,180.88,3.156932,180.18,3.144661,177.54,3.098641,176.92,3.087903,172.44,3.009670
2026-07-22 12:45:52.268,95.302,183.43,3.201418,180.88,3.156932,180.18,3.144661,177.54,3.098641,176.92,3.087903,172.44,3.009670
2026-07-22 12:45:52.300,95.334,183.43,3.201418,180.88,3.156932,180.18,3.144661,177.54,3.098641,176.92,3.087903,172.44,3.009670
2026-07-22 12:45:52.333,95.368,183.43,3.201418,180.88,3.156932,180.18,3.144661,177.54,3.098641,176.92,3.087903,172.44,3.009670
2026-07-22 12:45:52.366,95.401,183.43,3.201418,180.88,3.156932,180.18,3.144661,177.54,3.098641,176.92,3.087903,172.44,3.009670
2026-07-22 12:45:52.400,95.434,183.43,3.201418,180.88,3.156932,180.18,3.144661,177.54,3.098641,176.92,3.087903,172.44,3.009670
2026-07-22 12:45:52.433,95.467,183.43,3.201418,180.88,3.156932,180.18,3.144661,177.54,3.098641,176.92,3.087903,172.44,3.009670
2026-07-22 12:45:52.467,95.501,183.43,3.201418,180.88,3.156932,180.18,3.144661,177.54,3.098641,176.92,3.087903,172.44,3.009670
2026-07-22 12:45:52.499,95.534,183.43,3.201418,180.88,3.156932,180.18,3.144661,177.54,3.098641,176.92,3.087903,172.44,3.009670
2026-07-22 12:45:52.532,95.567,183.43,3.201418,180.88,3.156932,180.18,3.144661,177.54,3.098641,176.92,3.087903,172.44,3.009670
2026-07-22 12:45:52.566,95.601,183.43,3.201418,180.88,3.156932,180.18,3.144661,177.54,3.098641,176.92,3.087903,172.44,3.009670
2026-07-22 12:45:52.599,95.634,183.43,3.201418,180.88,3.156932,180.18,3.144661,177.54,3.098641,176.92,3.087903,172.44,3.009670
2026-07-22 12:45:52.632,95.667,183.43,3.201418,180.88,3.156932,180.18,3.144661,177.54,3.098641,176.92,3.087903,172.44,3.009670
2026-07-22 12:45:52.667,95.701,183.43,3.201418,180.88,3.156932,180.18,3.144661,177.54,3.098641,176.92,3.087903,172.44,3.009670
2026-07-22 12:45:52.700,95.734,183.43,3.201418,180.88,3.156932,180.18,3.144661,177.54,3.098641,176.92,3.087903,172.44,3.009670
2026-07-22 12:45:52.732,95.767,183.43,3.201418,180.88,3.156932,180.18,3.144661,177.54,3.098641,176.92,3.087903,172.44,3.009670
2026-07-22 12:45:52.766,95.801,183.43,3.201418,180.88,3.156932,180.18,3.144661,177.54,3.098641,176.92,3.087903,172.44,3.009670
2026-07-22 12:45:52.799,95.834,183.43,3.201418,180.88,3.156932,180.18,3.144661,177.54,3.098641,176.92,3.087903,172.44,3.009670
2026-07-22 12:45:52.833,95.868,183.43,3.201418,180.88,3.156932,180.18,3.144661,177.54,3.098641,176.92,3.087903,172.44,3.009670
2026-07-22 12:45:52.866,95.900,183.43,3.201418,180.88,3.156932,180.18,3.144661,177.54,3.098641,176.92,3.087903,172.44,3.009670
2026-07-22 12:45:52.899,95.934,183.43,3.201418,180.88,3.156932,180.18,3.144661,177.54,3.098641,176.92,3.087903,172.44,3.009670
2026-07-22 12:45:52.934,95.968,183.43,3.201418,180.88,3.156932,180.18,3.144661,177.54,3.098641,176.92,3.087903,172.44,3.009670
2026-07-22 12:45:52.967,96.001,183.43,3.201418,180.88,3.156932,180.18,3.144661,177.54,3.098641,176.92,3.087903,172.44,3.009670
2026-07-22 12:45:53.001,96.034,183.43,3.201418,180.88,3.156932,180.18,3.144661,177.54,3.098641,176.92,3.087903,172.44,3.009670
2026-07-22 12:45:53.033,96.068,183.43,3.201418,180.88,3.156932,180.18,3.144661,177.54,3.098641,176.92,3.087903,172.44,3.009670
2026-07-22 12:45:53.067,96.101,183.43,3.201418,180.88,3.156932,180.18,3.144661,177.54,3.098641,176.92,3.087903,172.44,3.009670
2026-07-22 12:45:53.100,96.135,183.43,3.201418,180.88,3.156932,180.18,3.144661,177.54,3.098641,176.92,3.087903,172.44,3.009670
2026-07-22 12:45:53.132,96.167,183.43,3.201418,180.88,3.156932,180.18,3.144661,177.54,3.098641,176.92,3.087903,172.44,3.009670
2026-07-22 12:45:53.168,96.201,183.43,3.201418,180.88,3.156932,180.18,3.144661,177.54,3.098641,176.92,3.087903,172.44,3.009670
2026-07-22 12:45:53.199,96.234,183.43,3.201418,180.88,3.156932,180.18,3.144661,177.54,3.098641,176.92,3.087903,172.44,3.009670
2026-07-22 12:45:53.233,96.267,183.43,3.201418,180.88,3.156932,180.18,3.144661,177.54,3.098641,176.92,3.087903,172.44,3.009670
2026-07-22 12:45:53.267,96.301,183.43,3.201418,180.88,3.156932,180.18,3.144661,177.54,3.098641,176.92,3.087903,172.44,3.009670
2026-07-22 12:45:53.300,96.334,183.43,3.201418,180.88,3.156932,180.18,3.144661,177.54,3.098641,176.92,3.087903,172.44,3.009670
2026-07-22 12:45:53.332,96.367,183.43,3.201418,180.88,3.156932,180.18,3.144661,177.54,3.098641,176.92,3.087903,172.44,3.009670
2026-07-22 12:45:53.366,96.401,183.43,3.201418,180.88,3.156932,180.18,3.144661,177.54,3.098641,176.92,3.087903,172.44,3.009670
2026-07-22 12:45:53.399,96.434,183.43,3.201418,180.88,3.156932,180.18,3.144661,177.54,3.098641,176.92,3.087903,172.44,3.009670
2026-07-22 12:45:53.433,96.468,183.43,3.201418,180.88,3.156932,180.18,3.144661,177.54,3.098641,176.92,3.087903,172.44,3.009670
2026-07-22 12:45:53.466,96.500,183.43,3.201418,180.88,3.156932,180.18,3.144661,177.54,3.098641,176.92,3.087903,172.44,3.009670
2026-07-22 12:45:53.499,96.534,183.43,3.201418,180.88,3.156932,180.18,3.144661,177.54,3.098641,176.92,3.087903,172.44,3.009670
2026-07-22 12:45:53.533,96.568,183.43,3.201418,180.88,3.156932,180.18,3.144661,177.54,3.098641,176.92,3.087903,172.44,3.009670
2026-07-22 12:45:53.566,96.601,183.43,3.201418,180.88,3.156932,180.18,3.144661,177.54,3.098641,176.92,3.087903,172.44,3.009670
2026-07-22 12:45:53.602,96.634,183.43,3.201418,180.88,3.156932,180.18,3.144661,177.54,3.098641,176.92,3.087903,172.44,3.009670
2026-07-22 12:45:53.633,96.667,183.43,3.201418,180.88,3.156932,180.18,3.144661,177.54,3.098641,176.92,3.087903,172.44,3.009670
2026-07-22 12:45:53.666,96.701,183.43,3.201418,180.88,3.156932,180.18,3.144661,177.54,3.098641,176.92,3.087903,172.44,3.009670
2026-07-22 12:45:53.700,96.734,183.43,3.201418,180.88,3.156932,180.18,3.144661,177.54,3.098641,176.92,3.087903,172.44,3.009670
2026-07-22 12:45:53.736,96.768,183.43,3.201418,180.88,3.156932,180.18,3.144661,177.54,3.098641,176.92,3.087903,172.44,3.009670
2026-07-22 12:45:53.768,96.801,183.43,3.201418,180.88,3.156932,180.18,3.144661,177.54,3.098641,176.92,3.087903,172.44,3.009670
2026-07-22 12:45:53.801,96.834,183.43,3.201418,180.88,3.156932,180.18,3.144661,177.54,3.098641,176.92,3.087903,172.44,3.009670
2026-07-22 12:45:53.836,96.868,183.43,3.201418,180.88,3.156932,180.18,3.144661,177.54,3.098641,176.92,3.087903,172.44,3.009670
2026-07-22 12:45:53.868,96.901,183.43,3.201418,180.88,3.156932,180.18,3.144661,177.54,3.098641,176.92,3.087903,172.44,3.009670
2026-07-22 12:45:53.899,96.934,183.43,3.201418,180.88,3.156932,180.18,3.144661,177.54,3.098641,176.92,3.087903,172.44,3.009670
2026-07-22 12:45:53.933,96.968,183.43,3.201418,180.88,3.156932,180.18,3.144661,177.54,3.098641,176.92,3.087903,172.44,3.009670
2026-07-22 12:45:53.967,97.001,183.43,3.201418,180.88,3.156932,180.18,3.144661,177.54,3.098641,176.92,3.087903,172.44,3.009670
2026-07-22 12:45:53.999,97.034,183.43,3.201418,180.88,3.156932,180.18,3.144661,177.54,3.098641,176.92,3.087903,172.44,3.009670
2026-07-22 12:45:54.033,97.068,183.43,3.201418,180.88,3.156932,180.18,3.144661,177.54,3.098641,176.92,3.087903,172.44,3.009670
2026-07-22 12:45:54.067,97.101,183.43,3.201418,180.88,3.156932,180.18,3.144661,177.54,3.098641,176.92,3.087903,172.44,3.009670
2026-07-22 12:45:54.100,97.134,183.43,3.201418,180.88,3.156932,180.18,3.144661,177.54,3.098641,176.92,3.087903,172.44,3.009670
2026-07-22 12:45:54.134,97.168,183.43,3.201418,180.88,3.156932,180.18,3.144661,177.54,3.098641,176.92,3.087903,172.44,3.009670
2026-07-22 12:45:54.167,97.201,183.43,3.201418,180.88,3.156932,180.18,3.144661,177.54,3.098641,176.92,3.087903,172.44,3.009670
2026-07-22 12:45:54.200,97.234,183.43,3.201418,180.88,3.156932,180.18,3.144661,177.54,3.098641,176.92,3.087903,172.44,3.009670
2026-07-22 12:45:54.234,97.268,183.43,3.201418,180.88,3.156932,180.18,3.144661,177.54,3.098641,176.92,3.087903,172.44,3.009670
2026-07-22 12:45:54.266,97.301,183.43,3.201418,180.88,3.156932,180.18,3.144661,177.54,3.098641,176.92,3.087903,172.44,3.009670
2026-07-22 12:45:54.299,97.334,183.43,3.201418,180.88,3.156932,180.18,3.144661,177.54,3.098641,176.92,3.087903,172.44,3.009670
2026-07-22 12:45:54.333,97.368,183.43,3.201418,180.88,3.156932,180.18,3.144661,177.54,3.098641,176.92,3.087903,172.44,3.009670
2026-07-22 12:45:54.367,97.401,183.43,3.201418,180.88,3.156932,180.18,3.144661,177.54,3.098641,176.92,3.087903,172.44,3.009670
2026-07-22 12:45:54.400,97.434,183.43,3.201418,180.88,3.156932,180.18,3.144661,177.54,3.098641,176.92,3.087903,172.44,3.009670
2026-07-22 12:45:54.433,97.467,183.43,3.201418,180.88,3.156932,180.18,3.144661,177.54,3.098641,176.92,3.087903,172.44,3.009670
2026-07-22 12:45:54.466,97.501,183.43,3.201418,180.88,3.156932,180.18,3.144661,177.54,3.098641,176.92,3.087903,172.44,3.009670
2026-07-22 12:45:54.500,97.534,183.43,3.201418,180.88,3.156932,180.18,3.144661,177.54,3.098641,176.92,3.087903,172.44,3.009670
2026-07-22 12:45:54.532,97.567,183.43,3.201418,180.88,3.156932,180.18,3.144661,177.54,3.098641,176.92,3.087903,172.44,3.009670
2026-07-22 12:45:54.568,97.601,183.43,3.201418,180.88,3.156932,180.18,3.144661,177.54,3.098641,176.92,3.087903,172.44,3.009670
2026-07-22 12:45:54.601,97.634,183.43,3.201418,180.88,3.156932,180.18,3.144661,177.54,3.098641,176.92,3.087903,172.44,3.009670
2026-07-22 12:45:54.633,97.667,183.43,3.201418,180.88,3.156932,180.18,3.144661,177.54,3.098641,176.92,3.087903,172.44,3.009670
2026-07-22 12:45:54.667,97.701,183.43,3.201418,180.88,3.156932,180.18,3.144661,177.54,3.098641,176.92,3.087903,172.44,3.009670
2026-07-22 12:45:54.699,97.734,183.43,3.201418,180.88,3.156932,180.18,3.144661,177.54,3.098641,176.92,3.087903,172.44,3.009670
2026-07-22 12:45:54.732,97.767,183.43,3.201418,180.88,3.156932,180.18,3.144661,177.54,3.098641,176.92,3.087903,172.44,3.009670
2026-07-22 12:45:54.767,97.801,183.43,3.201418,180.88,3.156932,180.18,3.144661,177.54,3.098641,176.92,3.087903,172.44,3.009670
2026-07-22 12:45:54.800,97.834,183.43,3.201418,180.88,3.156932,180.18,3.144661,177.54,3.098641,176.92,3.087903,172.44,3.009670
2026-07-22 12:45:54.833,97.867,183.43,3.201418,180.88,3.156932,180.18,3.144661,177.54,3.098641,176.92,3.087903,172.44,3.009670
2026-07-22 12:45:54.866,97.901,183.43,3.201418,180.88,3.156932,180.18,3.144661,177.54,3.098641,176.92,3.087903,172.44,3.009670
2026-07-22 12:45:54.899,97.934,183.43,3.201418,180.88,3.156932,180.18,3.144661,177.54,3.098641,176.92,3.087903,172.44,3.009670
2026-07-22 12:45:54.933,97.967,183.43,3.201418,180.88,3.156932,180.18,3.144661,177.54,3.098641,176.92,3.087903,172.44,3.009670
2026-07-22 12:45:54.966,98.001,183.43,3.201418,180.88,3.156932,180.18,3.144661,177.54,3.098641,176.92,3.087903,172.44,3.009670
2026-07-22 12:45:55.000,98.034,183.43,3.201418,180.88,3.156932,180.18,3.144661,177.54,3.098641,176.92,3.087903,172.44,3.009670
2026-07-22 12:45:55.033,98.068,183.43,3.201418,180.88,3.156932,180.18,3.144661,177.54,3.098641,176.92,3.087903,172.44,3.009670
2026-07-22 12:45:55.066,98.101,183.43,3.201418,180.88,3.156932,180.18,3.144661,177.54,3.098641,176.92,3.087903,172.44,3.009670
2026-07-22 12:45:55.099,98.134,183.43,3.201418,180.88,3.156932,180.18,3.144661,177.54,3.098641,176.92,3.087903,172.44,3.009670
2026-07-22 12:45:55.133,98.168,183.43,3.201418,180.88,3.156932,180.18,3.144661,177.54,3.098641,176.92,3.087903,172.44,3.009670
2026-07-22 12:45:55.166,98.200,183.43,3.201418,180.88,3.156932,180.18,3.144661,177.54,3.098641,176.92,3.087903,172.44,3.009670
2026-07-22 12:45:55.200,98.234,183.43,3.201418,180.88,3.156932,180.18,3.144661,177.54,3.098641,176.92,3.087903,172.44,3.009670
2026-07-22 12:45:55.232,98.268,183.43,3.201418,180.88,3.156932,180.18,3.144661,177.54,3.098641,176.92,3.087903,172.44,3.009670
2026-07-22 12:45:55.269,98.301,183.43,3.201418,180.88,3.156932,180.18,3.144661,177.54,3.098641,176.92,3.087903,172.44,3.009670
2026-07-22 12:45:55.299,98.334,183.43,3.201418,180.88,3.156932,180.18,3.144661,177.54,3.098641,176.92,3.087903,172.44,3.009670
2026-07-22 12:45:55.333,98.368,183.43,3.201418,180.88,3.156932,180.18,3.144661,177.54,3.098641,176.92,3.087903,172.44,3.009670
2026-07-22 12:45:55.368,98.401,183.43,3.201418,180.88,3.156932,180.18,3.144661,177.54,3.098641,176.92,3.087903,172.44,3.009670
2026-07-22 12:45:55.400,98.434,183.43,3.201418,180.88,3.156932,180.18,3.144661,177.54,3.098641,176.92,3.087903,172.44,3.009670
2026-07-22 12:45:55.432,98.468,183.43,3.201418,180.88,3.156932,180.18,3.144661,177.54,3.098641,176.92,3.087903,172.44,3.009670
2026-07-22 12:45:55.466,98.501,183.43,3.201418,180.88,3.156932,180.18,3.144661,177.54,3.098641,176.92,3.087903,172.44,3.009670
2026-07-22 12:45:55.499,98.534,183.43,3.201418,180.88,3.156932,180.18,3.144661,177.54,3.098641,176.92,3.087903,172.44,3.009670
2026-07-22 12:45:55.533,98.568,183.43,3.201418,180.88,3.156932,180.18,3.144661,177.54,3.098641,176.92,3.087903,172.44,3.009670
2026-07-22 12:45:55.566,98.600,183.43,3.201418,180.88,3.156932,180.18,3.144661,177.54,3.098641,176.92,3.087903,172.44,3.009670
2026-07-22 12:45:55.599,98.634,183.43,3.201418,180.88,3.156932,180.18,3.144661,177.54,3.098641,176.92,3.087903,172.44,3.009670
2026-07-22 12:45:55.634,98.667,183.43,3.201418,180.88,3.156932,180.18,3.144661,177.54,3.098641,176.92,3.087903,172.44,3.009670
2026-07-22 12:45:55.666,98.701,183.43,3.201418,180.88,3.156932,180.18,3.144661,177.54,3.098641,176.92,3.087903,172.44,3.009670
2026-07-22 12:45:55.700,98.734,183.43,3.201418,180.88,3.156932,180.18,3.144661,177.54,3.098641,176.92,3.087903,172.44,3.009670
2026-07-22 12:45:55.733,98.767,183.43,3.201418,180.88,3.156932,180.18,3.144661,177.54,3.098641,176.92,3.087903,172.44,3.009670
2026-07-22 12:45:55.766,98.801,183.43,3.201418,180.88,3.156932,180.18,3.144661,177.54,3.098641,176.92,3.087903,172.44,3.009670
2026-07-22 12:45:55.799,98.834,183.43,3.201418,180.88,3.156932,180.18,3.144661,177.54,3.098641,176.92,3.087903,172.44,3.009670
2026-07-22 12:45:55.832,98.867,183.43,3.201418,180.88,3.156932,180.18,3.144661,177.54,3.098641,176.92,3.087903,172.44,3.009670
2026-07-22 12:45:55.866,98.901,183.43,3.201418,180.88,3.156932,180.18,3.144661,177.54,3.098641,176.92,3.087903,172.44,3.009670
2026-07-22 12:45:55.900,98.934,183.43,3.201418,180.88,3.156932,180.18,3.144661,177.54,3.098641,176.92,3.087903,172.44,3.009670
2026-07-22 12:45:55.933,98.968,183.43,3.201418,180.88,3.156932,180.18,3.144661,177.54,3.098641,176.92,3.087903,172.44,3.009670
2026-07-22 12:45:55.966,99.001,183.43,3.201418,180.88,3.156932,180.18,3.144661,177.54,3.098641,176.92,3.087903,172.44,3.009670
2026-07-22 12:45:55.999,99.034,183.43,3.201418,180.88,3.156932,180.18,3.144661,177.54,3.098641,176.92,3.087903,172.44,3.009670
2026-07-22 12:45:56.032,99.067,183.43,3.201418,180.88,3.156932,180.18,3.144661,177.54,3.098641,176.92,3.087903,172.44,3.009670
2026-07-22 12:45:56.066,99.101,183.43,3.201418,180.88,3.156932,180.18,3.144661,177.54,3.098641,176.92,3.087903,172.44,3.009670
2026-07-22 12:45:56.100,99.134,183.43,3.201418,180.88,3.156932,180.18,3.144661,177.54,3.098641,176.92,3.087903,172.44,3.009670
2026-07-22 12:45:56.134,99.167,183.43,3.201418,180.88,3.156932,180.18,3.144661,177.54,3.098641,176.92,3.087903,172.44,3.009670
2026-07-22 12:45:56.167,99.201,183.43,3.201418,180.88,3.156932,180.18,3.144661,177.54,3.098641,176.92,3.087903,172.44,3.009670
2026-07-22 12:45:56.201,99.234,183.43,3.201418,180.88,3.156932,180.18,3.144661,177.54,3.098641,176.92,3.087903,172.44,3.009670
2026-07-22 12:45:56.235,99.268,183.43,3.201418,180.88,3.156932,180.18,3.144661,177.54,3.098641,176.92,3.087903,172.44,3.009670
2026-07-22 12:45:56.267,99.301,183.43,3.201418,180.88,3.156932,180.18,3.144661,177.54,3.098641,176.92,3.087903,172.44,3.009670
2026-07-22 12:45:56.300,99.334,183.43,3.201418,180.88,3.156932,180.18,3.144661,177.54,3.098641,176.92,3.087903,172.44,3.009670
2026-07-22 12:45:56.333,99.367,183.43,3.201418,180.88,3.156932,180.18,3.144661,177.54,3.098641,176.92,3.087903,172.44,3.009670
2026-07-22 12:45:56.367,99.401,183.43,3.201418,180.88,3.156932,180.18,3.144661,177.54,3.098641,176.92,3.087903,172.44,3.009670
2026-07-22 12:45:56.399,99.434,183.43,3.201418,180.88,3.156932,180.18,3.144661,177.54,3.098641,176.92,3.087903,172.44,3.009670
2026-07-22 12:45:56.433,99.467,183.43,3.201418,180.88,3.156932,180.18,3.144661,177.54,3.098641,176.92,3.087903,172.44,3.009670
2026-07-22 12:45:56.466,99.501,183.43,3.201418,180.88,3.156932,180.18,3.144661,177.54,3.098641,176.92,3.087903,172.44,3.009670
2026-07-22 12:45:56.500,99.534,183.43,3.201418,180.88,3.156932,180.18,3.144661,177.54,3.098641,176.92,3.087903,172.44,3.009670
2026-07-22 12:45:56.533,99.568,183.43,3.201418,180.88,3.156932,180.18,3.144661,177.54,3.098641,176.92,3.087903,172.44,3.009670
2026-07-22 12:45:56.566,99.600,183.43,3.201418,180.88,3.156932,180.18,3.144661,177.54,3.098641,176.92,3.087903,172.44,3.009670
2026-07-22 12:45:56.600,99.634,183.43,3.201418,180.88,3.156932,180.18,3.144661,177.54,3.098641,176.92,3.087903,172.44,3.009670
2026-07-22 12:45:56.633,99.667,183.43,3.201418,180.88,3.156932,180.18,3.144661,177.54,3.098641,176.92,3.087903,172.44,3.009670
2026-07-22 12:45:56.666,99.701,183.43,3.201418,180.88,3.156932,180.18,3.144661,177.54,3.098641,176.92,3.087903,172.44,3.009670
2026-07-22 12:45:56.700,99.734,183.43,3.201418,180.88,3.156932,180.18,3.144661,177.54,3.098641,176.92,3.087903,172.44,3.009670
2026-07-22 12:45:56.733,99.767,183.43,3.201418,180.88,3.156932,180.18,3.144661,177.54,3.098641,176.92,3.087903,172.44,3.009670
2026-07-22 12:45:56.766,99.801,183.43,3.201418,180.88,3.156932,180.18,3.144661,177.54,3.098641,176.92,3.087903,172.44,3.009670
2026-07-22 12:45:56.799,99.834,183.43,3.201418,180.88,3.156932,180.18,3.144661,177.54,3.098641,176.92,3.087903,172.44,3.009670
2026-07-22 12:45:56.833,99.868,183.43,3.201418,180.88,3.156932,180.18,3.144661,177.54,3.098641,176.92,3.087903,172.44,3.009670
2026-07-22 12:45:56.865,99.901,183.43,3.201418,180.88,3.156932,180.18,3.144661,177.54,3.098641,176.92,3.087903,172.44,3.009670
2026-07-22 12:45:56.900,99.934,183.43,3.201418,180.88,3.156932,180.18,3.144661,177.54,3.098641,176.92,3.087903,172.44,3.009670
2026-07-22 12:45:56.936,99.968,183.43,3.201418,180.88,3.156932,180.18,3.144661,177.54,3.098641,176.92,3.087903,172.44,3.009670
2026-07-22 12:45:56.965,100.001,183.43,3.201418,180.88,3.156932,180.18,3.144661,177.54,3.098641,176.92,3.087903,172.44,3.009670
2026-07-22 12:45:57.001,100.034,183.43,3.201418,180.88,3.156932,180.18,3.144661,177.54,3.098641,176.92,3.087903,172.44,3.009670
2026-07-22 12:45:57.034,100.067,183.43,3.201418,180.88,3.156932,180.18,3.144661,177.54,3.098641,176.92,3.087903,172.44,3.009670
2026-07-22 12:45:57.068,100.102,183.43,3.201418,180.88,3.156932,180.18,3.144661,177.54,3.098641,176.92,3.087903,172.44,3.009670
2026-07-22 12:45:57.100,100.134,183.43,3.201418,180.88,3.156932,180.18,3.144661,177.54,3.098641,176.92,3.087903,172.44,3.009670
2026-07-22 12:45:57.134,100.168,183.43,3.201418,180.88,3.156932,180.18,3.144661,177.54,3.098641,176.92,3.087903,172.44,3.009670
2026-07-22 12:45:57.166,100.201,183.43,3.201418,180.88,3.156932,180.18,3.144661,177.54,3.098641,176.92,3.087903,172.44,3.009670
2026-07-22 12:45:57.200,100.234,183.43,3.201418,180.88,3.156932,180.18,3.144661,177.54,3.098641,176.92,3.087903,172.44,3.009670
2026-07-22 12:45:57.234,100.268,183.43,3.201418,180.88,3.156932,180.18,3.144661,177.54,3.098641,176.92,3.087903,172.44,3.009670
2026-07-22 12:45:57.267,100.301,183.43,3.201418,180.88,3.156932,180.18,3.144661,177.54,3.098641,176.92,3.087903,172.44,3.009670
2026-07-22 12:45:57.300,100.334,183.43,3.201418,180.88,3.156932,180.18,3.144661,177.54,3.098641,176.92,3.087903,172.44,3.009670
2026-07-22 12:45:57.333,100.368,183.43,3.201418,180.88,3.156932,180.18,3.144661,177.54,3.098641,176.92,3.087903,172.44,3.009670
2026-07-22 12:45:57.366,100.401,183.43,3.201418,180.88,3.156932,180.18,3.144661,177.54,3.098641,176.92,3.087903,172.44,3.009670
2026-07-22 12:45:57.399,100.434,183.43,3.201418,180.88,3.156932,180.18,3.144661,177.54,3.098641,176.92,3.087903,172.44,3.009670
2026-07-22 12:45:57.432,100.467,183.43,3.201418,180.88,3.156932,180.18,3.144661,177.54,3.098641,176.92,3.087903,172.44,3.009670
2026-07-22 12:45:57.465,100.500,183.43,3.201418,180.88,3.156932,180.18,3.144661,177.54,3.098641,176.92,3.087903,172.44,3.009670
2026-07-22 12:45:57.500,100.534,183.43,3.201418,180.88,3.156932,180.18,3.144661,177.54,3.098641,176.92,3.087903,172.44,3.009670
2026-07-22 12:45:57.532,100.567,183.43,3.201418,180.88,3.156932,180.18,3.144661,177.54,3.098641,176.92,3.087903,172.44,3.009670
2026-07-22 12:45:57.565,100.601,183.43,3.201418,180.88,3.156932,180.18,3.144661,177.54,3.098641,176.92,3.087903,172.44,3.009670
2026-07-22 12:45:57.599,100.634,183.43,3.201418,180.88,3.156932,180.18,3.144661,177.54,3.098641,176.92,3.087903,172.44,3.009670
2026-07-22 12:45:57.632,100.668,183.43,3.201418,180.88,3.156932,180.18,3.144661,177.54,3.098641,176.92,3.087903,172.44,3.009670
2026-07-22 12:45:57.665,100.701,183.43,3.201418,180.88,3.156932,180.18,3.144661,177.54,3.098641,176.92,3.087903,172.44,3.009670
2026-07-22 12:45:57.700,100.734,183.43,3.201418,180.88,3.156932,180.18,3.144661,177.54,3.098641,176.92,3.087903,172.44,3.009670
2026-07-22 12:45:57.733,100.767,183.43,3.201418,180.88,3.156932,180.18,3.144661,177.54,3.098641,176.92,3.087903,172.44,3.009670
2026-07-22 12:45:57.765,100.801,183.43,3.201418,180.88,3.156932,180.18,3.144661,177.54,3.098641,176.92,3.087903,172.44,3.009670
2026-07-22 12:45:57.802,100.834,183.43,3.201418,180.88,3.156932,180.18,3.144661,177.54,3.098641,176.92,3.087903,172.44,3.009670
2026-07-22 12:45:57.834,100.868,183.43,3.201418,180.88,3.156932,180.18,3.144661,177.54,3.098641,176.92,3.087903,172.44,3.009670
2026-07-22 12:45:57.866,100.901,183.43,3.201418,180.88,3.156932,180.18,3.144661,177.54,3.098641,176.92,3.087903,172.44,3.009670
2026-07-22 12:45:57.899,100.934,183.43,3.201418,180.88,3.156932,180.18,3.144661,177.54,3.098641,176.92,3.087903,172.44,3.009670
2026-07-22 12:45:57.932,100.967,183.43,3.201418,180.88,3.156932,180.18,3.144661,177.54,3.098641,176.92,3.087903,172.44,3.009670
2026-07-22 12:45:57.966,101.001,183.43,3.201418,180.88,3.156932,180.18,3.144661,177.54,3.098641,176.92,3.087903,172.44,3.009670
2026-07-22 12:45:57.999,101.034,183.43,3.201418,180.88,3.156932,180.18,3.144661,177.54,3.098641,176.92,3.087903,172.44,3.009670
2026-07-22 12:45:58.033,101.068,183.43,3.201418,180.88,3.156932,180.18,3.144661,177.54,3.098641,176.92,3.087903,172.44,3.009670
2026-07-22 12:45:58.066,101.101,183.43,3.201418,180.88,3.156932,180.18,3.144661,177.54,3.098641,176.92,3.087903,172.44,3.009670
2026-07-22 12:45:58.100,101.134,183.43,3.201418,180.88,3.156932,180.18,3.144661,177.54,3.098641,176.92,3.087903,172.44,3.009670
2026-07-22 12:45:58.133,101.168,183.43,3.201418,180.88,3.156932,180.18,3.144661,177.54,3.098641,176.92,3.087903,172.44,3.009670
2026-07-22 12:45:58.165,101.200,183.43,3.201418,180.88,3.156932,180.18,3.144661,177.54,3.098641,176.92,3.087903,172.44,3.009670
2026-07-22 12:45:58.199,101.234,183.43,3.201418,180.88,3.156932,180.18,3.144661,177.54,3.098641,176.92,3.087903,172.44,3.009670
2026-07-22 12:45:58.232,101.267,183.43,3.201418,180.88,3.156932,180.18,3.144661,177.54,3.098641,176.92,3.087903,172.44,3.009670
2026-07-22 12:45:58.265,101.301,183.43,3.201418,180.88,3.156932,180.18,3.144661,177.54,3.098641,176.92,3.087903,172.44,3.009670
2026-07-22 12:45:58.299,101.334,183.43,3.201418,180.88,3.156932,180.18,3.144661,177.54,3.098641,176.92,3.087903,172.44,3.009670
2026-07-22 12:45:58.333,101.368,183.43,3.201418,180.88,3.156932,180.18,3.144661,177.54,3.098641,176.92,3.087903,172.44,3.009670
2026-07-22 12:45:58.366,101.401,183.43,3.201418,180.88,3.156932,180.18,3.144661,177.54,3.098641,176.92,3.087903,172.44,3.009670
2026-07-22 12:45:58.399,101.434,183.43,3.201418,180.88,3.156932,180.18,3.144661,177.54,3.098641,176.92,3.087903,172.44,3.009670
2026-07-22 12:45:58.433,101.468,183.43,3.201418,180.88,3.156932,180.18,3.144661,177.54,3.098641,176.92,3.087903,172.44,3.009670
2026-07-22 12:45:58.466,101.501,183.43,3.201418,180.88,3.156932,180.18,3.144661,177.54,3.098641,176.92,3.087903,172.44,3.009670
2026-07-22 12:45:58.500,101.534,183.43,3.201418,180.88,3.156932,180.18,3.144661,177.54,3.098641,176.92,3.087903,172.44,3.009670
2026-07-22 12:45:58.536,101.567,183.43,3.201418,180.88,3.156932,180.18,3.144661,177.54,3.098641,176.92,3.087903,172.44,3.009670
2026-07-22 12:45:58.565,101.601,183.43,3.201418,180.88,3.156932,180.18,3.144661,177.54,3.098641,176.92,3.087903,172.44,3.009670
2026-07-22 12:45:58.602,101.634,183.43,3.201418,180.88,3.156932,180.18,3.144661,177.54,3.098641,176.92,3.087903,172.44,3.009670
2026-07-22 12:45:58.633,101.668,183.43,3.201418,180.88,3.156932,180.18,3.144661,177.54,3.098641,176.92,3.087903,172.44,3.009670
2026-07-22 12:45:58.666,101.701,183.43,3.201418,180.88,3.156932,180.18,3.144661,177.54,3.098641,176.92,3.087903,172.44,3.009670
2026-07-22 12:45:58.701,101.734,183.43,3.201418,180.88,3.156932,180.18,3.144661,177.54,3.098641,176.92,3.087903,172.44,3.009670
2026-07-22 12:45:58.734,101.767,183.43,3.201418,180.88,3.156932,180.18,3.144661,177.54,3.098641,176.92,3.087903,172.44,3.009670
2026-07-22 12:45:58.766,101.801,183.43,3.201418,180.88,3.156932,180.18,3.144661,177.54,3.098641,176.92,3.087903,172.44,3.009670
2026-07-22 12:45:58.799,101.834,183.43,3.201418,180.88,3.156932,180.18,3.144661,177.54,3.098641,176.92,3.087903,172.44,3.009670
2026-07-22 12:45:58.833,101.868,183.43,3.201418,180.88,3.156932,180.18,3.144661,177.54,3.098641,176.92,3.087903,172.44,3.009670
2026-07-22 12:45:58.866,101.901,183.43,3.201418,180.88,3.156932,180.18,3.144661,177.54,3.098641,176.92,3.087903,172.44,3.009670
2026-07-22 12:45:58.899,101.934,183.43,3.201418,180.88,3.156932,180.18,3.144661,177.54,3.098641,176.92,3.087903,172.44,3.009670
2026-07-22 12:45:58.937,101.969,183.43,3.201418,180.88,3.156932,180.18,3.144661,177.54,3.098641,176.92,3.087903,172.44,3.009670
2026-07-22 12:45:58.966,102.001,183.43,3.201418,180.88,3.156932,180.18,3.144661,177.54,3.098641,176.92,3.087903,172.44,3.009670
2026-07-22 12:45:59.002,102.036,183.43,3.201418,180.88,3.156932,180.18,3.144661,177.54,3.098641,176.92,3.087903,172.44,3.009670
2026-07-22 12:45:59.033,102.068,183.43,3.201418,180.88,3.156932,180.18,3.144661,177.54,3.098641,176.92,3.087903,172.44,3.009670
2026-07-22 12:45:59.066,102.101,183.43,3.201418,180.88,3.156932,180.18,3.144661,177.54,3.098641,176.92,3.087903,172.44,3.009670
2026-07-22 12:45:59.100,102.134,183.43,3.201418,180.88,3.156932,180.18,3.144661,177.54,3.098641,176.92,3.087903,172.44,3.009670
2026-07-22 12:45:59.132,102.167,183.43,3.201418,180.88,3.156932,180.18,3.144661,177.54,3.098641,176.92,3.087903,172.44,3.009670
2026-07-22 12:45:59.166,102.201,183.43,3.201418,180.88,3.156932,180.18,3.144661,177.54,3.098641,176.92,3.087903,172.44,3.009670
2026-07-22 12:45:59.200,102.234,183.43,3.201418,180.88,3.156932,180.18,3.144661,177.54,3.098641,176.92,3.087903,172.44,3.009670
2026-07-22 12:45:59.233,102.267,183.43,3.201418,180.88,3.156932,180.18,3.144661,177.54,3.098641,176.92,3.087903,172.44,3.009670
2026-07-22 12:45:59.266,102.301,183.43,3.201418,180.88,3.156932,180.18,3.144661,177.54,3.098641,176.92,3.087903,172.44,3.009670
2026-07-22 12:45:59.300,102.334,183.43,3.201418,180.88,3.156932,180.18,3.144661,177.54,3.098641,176.92,3.087903,172.44,3.009670
2026-07-22 12:45:59.334,102.367,183.43,3.201418,180.88,3.156932,180.18,3.144661,177.54,3.098641,176.92,3.087903,172.44,3.009670
2026-07-22 12:45:59.368,102.401,183.43,3.201418,180.88,3.156932,180.18,3.144661,177.54,3.098641,176.92,3.087903,172.44,3.009670
2026-07-22 12:45:59.401,102.434,183.43,3.201418,180.88,3.156932,180.18,3.144661,177.54,3.098641,176.92,3.087903,172.44,3.009670
2026-07-22 12:45:59.435,102.467,183.43,3.201418,180.88,3.156932,180.18,3.144661,177.54,3.098641,176.92,3.087903,172.44,3.009670
2026-07-22 12:45:59.466,102.501,183.43,3.201418,180.88,3.156932,180.18,3.144661,177.54,3.098641,176.92,3.087903,172.44,3.009670
2026-07-22 12:45:59.500,102.534,183.43,3.201418,180.88,3.156932,180.18,3.144661,177.54,3.098641,176.92,3.087903,172.44,3.009670
2026-07-22 12:45:59.532,102.567,183.43,3.201418,180.88,3.156932,180.18,3.144661,177.54,3.098641,176.92,3.087903,172.44,3.009670
2026-07-22 12:45:59.566,102.601,183.43,3.201418,180.88,3.156932,180.18,3.144661,177.54,3.098641,176.92,3.087903,172.44,3.009670
2026-07-22 12:45:59.599,102.634,183.43,3.201418,180.88,3.156932,180.18,3.144661,177.54,3.098641,176.92,3.087903,172.44,3.009670
2026-07-22 12:45:59.633,102.667,183.43,3.201418,180.88,3.156932,180.18,3.144661,177.54,3.098641,176.92,3.087903,172.44,3.009670
2026-07-22 12:45:59.666,102.701,183.43,3.201418,180.88,3.156932,180.18,3.144661,177.54,3.098641,176.92,3.087903,172.44,3.009670
2026-07-22 12:45:59.699,102.734,183.43,3.201418,180.88,3.156932,180.18,3.144661,177.54,3.098641,176.92,3.087903,172.44,3.009670
2026-07-22 12:45:59.733,102.767,183.43,3.201418,180.88,3.156932,180.18,3.144661,177.54,3.098641,176.92,3.087903,172.44,3.009670
2026-07-22 12:45:59.766,102.800,183.43,3.201418,180.88,3.156932,180.18,3.144661,177.54,3.098641,176.92,3.087903,172.44,3.009670
2026-07-22 12:45:59.799,102.834,183.43,3.201418,180.88,3.156932,180.18,3.144661,177.54,3.098641,176.92,3.087903,172.44,3.009670
2026-07-22 12:45:59.834,102.868,183.43,3.201418,180.88,3.156932,180.18,3.144661,177.54,3.098641,176.92,3.087903,172.44,3.009670
2026-07-22 12:45:59.867,102.901,183.43,3.201418,180.88,3.156932,180.18,3.144661,177.54,3.098641,176.92,3.087903,172.44,3.009670
2026-07-22 12:45:59.900,102.934,183.43,3.201418,180.88,3.156932,180.18,3.144661,177.54,3.098641,176.92,3.087903,172.44,3.009670
2026-07-22 12:45:59.932,102.967,183.43,3.201418,180.88,3.156932,180.18,3.144661,177.54,3.098641,176.92,3.087903,172.44,3.009670
2026-07-22 12:45:59.967,103.001,183.43,3.201418,180.88,3.156932,180.18,3.144661,177.54,3.098641,176.92,3.087903,172.44,3.009670
2026-07-22 12:46:00.000,103.034,183.43,3.201418,180.88,3.156932,180.18,3.144661,177.54,3.098641,176.92,3.087903,172.44,3.009670
2026-07-22 12:46:00.033,103.068,183.43,3.201418,180.88,3.156932,180.18,3.144661,177.54,3.098641,176.92,3.087903,172.44,3.009670
2026-07-22 12:46:00.066,103.101,183.43,3.201418,180.88,3.156932,180.18,3.144661,177.54,3.098641,176.92,3.087903,172.44,3.009670
2026-07-22 12:46:00.103,103.134,183.43,3.201418,180.88,3.156932,180.18,3.144661,177.54,3.098641,176.92,3.087903,172.44,3.009670
2026-07-22 12:46:00.135,103.167,183.43,3.201418,180.88,3.156932,180.18,3.144661,177.54,3.098641,176.92,3.087903,172.44,3.009670
2026-07-22 12:46:00.168,103.201,183.43,3.201418,180.88,3.156932,180.18,3.144661,177.54,3.098641,176.92,3.087903,172.44,3.009670
2026-07-22 12:46:00.203,103.234,183.43,3.201418,180.88,3.156932,180.18,3.144661,177.54,3.098641,176.92,3.087903,172.44,3.009670
2026-07-22 12:46:00.232,103.267,183.43,3.201418,180.88,3.156932,180.18,3.144661,177.54,3.098641,176.92,3.087903,172.44,3.009670
2026-07-22 12:46:00.267,103.301,183.43,3.201418,180.88,3.156932,180.18,3.144661,177.54,3.098641,176.92,3.087903,172.44,3.009670
2026-07-22 12:46:00.300,103.334,183.43,3.201418,180.88,3.156932,180.18,3.144661,177.54,3.098641,176.92,3.087903,172.44,3.009670
2026-07-22 12:46:00.334,103.369,183.43,3.201418,180.88,3.156932,180.18,3.144661,177.54,3.098641,176.92,3.087903,172.44,3.009670
2026-07-22 12:46:00.366,103.401,183.43,3.201418,180.88,3.156932,180.18,3.144661,177.54,3.098641,176.92,3.087903,172.44,3.009670
2026-07-22 12:46:00.399,103.434,183.43,3.201418,180.88,3.156932,180.18,3.144661,177.54,3.098641,176.92,3.087903,172.44,3.009670
2026-07-22 12:46:00.433,103.468,183.43,3.201418,180.88,3.156932,180.18,3.144661,177.54,3.098641,176.92,3.087903,172.44,3.009670
2026-07-22 12:46:00.467,103.501,183.43,3.201418,180.88,3.156932,180.18,3.144661,177.54,3.098641,176.92,3.087903,172.44,3.009670
2026-07-22 12:46:00.500,103.534,183.43,3.201418,180.88,3.156932,180.18,3.144661,177.54,3.098641,176.92,3.087903,172.44,3.009670
2026-07-22 12:46:00.532,103.567,183.43,3.201418,180.88,3.156932,180.18,3.144661,177.54,3.098641,176.92,3.087903,172.44,3.009670
2026-07-22 12:46:00.566,103.601,183.43,3.201418,180.88,3.156932,180.18,3.144661,177.54,3.098641,176.92,3.087903,172.44,3.009670
2026-07-22 12:46:00.599,103.634,183.69,3.206020,180.88,3.156932,180.18,3.144661,177.54,3.098641,176.92,3.087903,172.44,3.009670
2026-07-22 12:46:00.632,103.667,183.96,3.210622,180.79,3.155398,180.18,3.144661,177.54,3.098641,176.92,3.087903,172.44,3.009670
2026-07-22 12:46:00.666,103.701,183.52,3.202952,180.88,3.156932,180.18,3.144661,177.54,3.098641,176.92,3.087903,172.44,3.009670
2026-07-22 12:46:00.700,103.734,183.52,3.202952,180.88,3.156932,180.18,3.144661,177.54,3.098641,176.92,3.087903,172.44,3.009670
2026-07-22 12:46:00.735,103.767,183.52,3.202952,180.88,3.156932,180.18,3.144661,177.54,3.098641,176.92,3.087903,172.44,3.009670
2026-07-22 12:46:00.767,103.801,183.52,3.202952,180.88,3.156932,180.18,3.144661,177.54,3.098641,176.92,3.087903,172.44,3.009670
2026-07-22 12:46:00.800,103.834,183.52,3.202952,180.88,3.156932,180.18,3.144661,177.54,3.098641,176.92,3.087903,172.44,3.009670
2026-07-22 12:46:00.833,103.868,183.52,3.202952,180.88,3.156932,180.18,3.144661,177.54,3.098641,176.92,3.087903,172.44,3.009670
2026-07-22 12:46:00.866,103.901,183.52,3.202952,180.88,3.156932,180.18,3.144661,177.54,3.098641,176.92,3.087903,172.44,3.009670
2026-07-22 12:46:00.904,103.934,183.52,3.202952,180.88,3.156932,180.18,3.144661,177.54,3.098641,176.92,3.087903,172.44,3.009670
2026-07-22 12:46:00.938,103.968,183.52,3.202952,180.88,3.156932,180.18,3.144661,177.54,3.098641,176.92,3.087903,172.44,3.009670
2026-07-22 12:46:00.968,104.001,183.52,3.202952,180.88,3.156932,180.18,3.144661,177.54,3.098641,176.92,3.087903,172.44,3.009670
2026-07-22 12:46:01.001,104.034,183.52,3.202952,180.88,3.156932,180.18,3.144661,177.54,3.098641,176.92,3.087903,172.44,3.009670
2026-07-22 12:46:01.035,104.067,183.52,3.202952,180.88,3.156932,180.18,3.144661,177.54,3.098641,176.92,3.087903,172.44,3.009670
2026-07-22 12:46:01.067,104.101,183.52,3.202952,180.88,3.156932,180.18,3.144661,177.54,3.098641,176.92,3.087903,172.44,3.009670
2026-07-22 12:46:01.100,104.134,183.52,3.202952,180.88,3.156932,180.18,3.144661,177.54,3.098641,176.92,3.087903,172.44,3.009670
2026-07-22 12:46:01.133,104.167,183.52,3.202952,180.88,3.156932,180.18,3.144661,177.54,3.098641,176.92,3.087903,172.44,3.009670
2026-07-22 12:46:01.166,104.200,183.52,3.202952,180.88,3.156932,180.18,3.144661,177.54,3.098641,176.92,3.087903,172.44,3.009670
2026-07-22 12:46:01.199,104.234,183.52,3.202952,180.88,3.156932,180.18,3.144661,177.54,3.098641,176.92,3.087903,172.44,3.009670
2026-07-22 12:46:01.233,104.268,183.52,3.202952,180.88,3.156932,180.18,3.144661,177.54,3.098641,176.92,3.087903,172.44,3.009670
2026-07-22 12:46:01.266,104.301,183.52,3.202952,180.88,3.156932,180.18,3.144661,177.54,3.098641,176.92,3.087903,172.44,3.009670
2026-07-22 12:46:01.299,104.334,183.52,3.202952,180.88,3.156932,180.18,3.144661,177.54,3.098641,176.92,3.087903,172.44,3.009670
2026-07-22 12:46:01.333,104.367,183.52,3.202952,180.88,3.156932,180.18,3.144661,177.54,3.098641,176.92,3.087903,172.44,3.009670
2026-07-22 12:46:01.366,104.400,183.52,3.202952,180.88,3.156932,180.18,3.144661,177.54,3.098641,176.92,3.087903,172.44,3.009670
2026-07-22 12:46:01.400,104.434,183.52,3.202952,180.88,3.156932,180.18,3.144661,177.54,3.098641,176.92,3.087903,172.44,3.009670
2026-07-22 12:46:01.432,104.467,183.52,3.202952,180.88,3.156932,180.18,3.144661,177.54,3.098641,176.92,3.087903,172.44,3.009670
2026-07-22 12:46:01.466,104.501,183.52,3.202952,180.88,3.156932,180.18,3.144661,177.54,3.098641,176.92,3.087903,172.44,3.009670
2026-07-22 12:46:01.500,104.534,183.52,3.202952,180.88,3.156932,180.18,3.144661,177.54,3.098641,176.92,3.087903,172.44,3.009670
2026-07-22 12:46:01.533,104.568,183.52,3.202952,180.88,3.156932,180.18,3.144661,177.54,3.098641,176.92,3.087903,172.44,3.009670
2026-07-22 12:46:01.566,104.601,183.52,3.202952,180.88,3.156932,180.18,3.144661,177.54,3.098641,176.92,3.087903,172.44,3.009670
2026-07-22 12:46:01.599,104.634,183.52,3.202952,180.88,3.156932,180.18,3.144661,177.54,3.098641,176.92,3.087903,172.44,3.009670
2026-07-22 12:46:01.632,104.667,183.52,3.202952,180.88,3.156932,180.18,3.144661,177.54,3.098641,176.92,3.087903,172.44,3.009670
2026-07-22 12:46:01.667,104.701,183.52,3.202952,180.88,3.156932,180.18,3.144661,177.54,3.098641,176.92,3.087903,172.44,3.009670
2026-07-22 12:46:01.699,104.734,183.52,3.202952,180.88,3.156932,180.18,3.144661,177.54,3.098641,176.92,3.087903,172.44,3.009670
2026-07-22 12:46:01.737,104.767,183.52,3.202952,180.88,3.156932,180.18,3.144661,177.54,3.098641,176.92,3.087903,172.44,3.009670
2026-07-22 12:46:01.767,104.801,183.52,3.202952,180.88,3.156932,180.18,3.144661,177.54,3.098641,176.92,3.087903,172.44,3.009670
2026-07-22 12:46:01.799,104.834,183.52,3.202952,180.88,3.156932,180.18,3.144661,177.54,3.098641,176.92,3.087903,172.44,3.009670
2026-07-22 12:46:01.834,104.867,183.52,3.202952,180.88,3.156932,180.18,3.144661,177.54,3.098641,176.92,3.087903,172.44,3.009670
2026-07-22 12:46:01.866,104.901,183.52,3.202952,180.88,3.156932,180.18,3.144661,177.54,3.098641,176.92,3.087903,172.44,3.009670
2026-07-22 12:46:01.899,104.934,183.52,3.202952,180.88,3.156932,180.18,3.144661,177.54,3.098641,176.92,3.087903,172.44,3.009670
2026-07-22 12:46:01.933,104.968,183.52,3.202952,180.88,3.156932,180.18,3.144661,177.54,3.098641,176.92,3.087903,172.44,3.009670
2026-07-22 12:46:01.966,105.000,183.52,3.202952,180.88,3.156932,180.18,3.144661,177.54,3.098641,176.92,3.087903,172.44,3.009670
2026-07-22 12:46:01.999,105.034,183.52,3.202952,180.88,3.156932,180.18,3.144661,177.54,3.098641,176.92,3.087903,172.44,3.009670
2026-07-22 12:46:02.033,105.068,183.52,3.202952,180.88,3.156932,180.18,3.144661,177.54,3.098641,176.92,3.087903,172.44,3.009670
2026-07-22 12:46:02.067,105.101,183.52,3.202952,180.88,3.156932,180.18,3.144661,177.54,3.098641,176.92,3.087903,172.44,3.009670
2026-07-22 12:46:02.099,105.134,183.52,3.202952,180.88,3.156932,180.18,3.144661,177.54,3.098641,176.92,3.087903,172.44,3.009670
2026-07-22 12:46:02.134,105.168,183.52,3.202952,180.88,3.156932,180.18,3.144661,177.54,3.098641,176.92,3.087903,172.44,3.009670
2026-07-22 12:46:02.166,105.201,183.52,3.202952,180.88,3.156932,180.18,3.144661,177.54,3.098641,176.92,3.087903,172.44,3.009670
2026-07-22 12:46:02.200,105.234,183.52,3.202952,180.88,3.156932,180.18,3.144661,177.54,3.098641,176.92,3.087903,172.44,3.009670
2026-07-22 12:46:02.232,105.267,183.52,3.202952,180.88,3.156932,180.18,3.144661,177.54,3.098641,176.92,3.087903,172.44,3.009670
2026-07-22 12:46:02.266,105.301,183.52,3.202952,180.88,3.156932,180.18,3.144661,177.54,3.098641,176.92,3.087903,172.44,3.009670
2026-07-22 12:46:02.300,105.334,183.52,3.202952,180.88,3.156932,180.18,3.144661,177.54,3.098641,176.92,3.087903,172.44,3.009670
2026-07-22 12:46:02.332,105.367,183.52,3.202952,180.88,3.156932,180.18,3.144661,177.54,3.098641,176.92,3.087903,172.44,3.009670
2026-07-22 12:46:02.366,105.401,183.52,3.202952,180.88,3.156932,180.18,3.144661,177.54,3.098641,176.92,3.087903,172.44,3.009670
2026-07-22 12:46:02.399,105.434,183.52,3.202952,180.88,3.156932,180.18,3.144661,177.54,3.098641,176.92,3.087903,172.44,3.009670
2026-07-22 12:46:02.432,105.467,183.52,3.202952,180.88,3.156932,180.18,3.144661,177.54,3.098641,176.92,3.087903,172.44,3.009670
2026-07-22 12:46:02.467,105.501,183.52,3.202952,180.88,3.156932,180.18,3.144661,177.54,3.098641,176.92,3.087903,172.44,3.009670
2026-07-22 12:46:02.499,105.534,183.52,3.202952,180.88,3.156932,180.18,3.144661,177.54,3.098641,176.92,3.087903,172.44,3.009670
2026-07-22 12:46:02.533,105.567,183.52,3.202952,180.88,3.156932,180.18,3.144661,177.54,3.098641,176.92,3.087903,172.44,3.009670
2026-07-22 12:46:02.569,105.601,183.52,3.202952,180.88,3.156932,180.18,3.144661,177.54,3.098641,176.92,3.087903,172.44,3.009670
2026-07-22 12:46:02.602,105.634,183.52,3.202952,180.88,3.156932,180.18,3.144661,177.54,3.098641,176.92,3.087903,172.44,3.009670
2026-07-22 12:46:02.634,105.667,183.52,3.202952,180.88,3.156932,180.18,3.144661,177.54,3.098641,176.92,3.087903,172.44,3.009670
2026-07-22 12:46:02.667,105.701,183.52,3.202952,180.88,3.156932,180.18,3.144661,177.54,3.098641,176.92,3.087903,172.44,3.009670
2026-07-22 12:46:02.700,105.734,183.52,3.202952,180.88,3.156932,180.18,3.144661,177.54,3.098641,176.92,3.087903,172.44,3.009670
2026-07-22 12:46:02.733,105.768,183.52,3.202952,180.88,3.156932,180.18,3.144661,177.54,3.098641,176.92,3.087903,172.44,3.009670
2026-07-22 12:46:02.766,105.801,183.52,3.202952,180.88,3.156932,180.18,3.144661,177.54,3.098641,176.92,3.087903,172.44,3.009670
2026-07-22 12:46:02.799,105.834,183.52,3.202952,180.88,3.156932,180.18,3.144661,177.54,3.098641,176.92,3.087903,172.44,3.009670
2026-07-22 12:46:02.833,105.867,183.52,3.202952,180.88,3.156932,180.18,3.144661,177.54,3.098641,176.92,3.087903,172.44,3.009670
2026-07-22 12:46:02.866,105.901,183.52,3.202952,180.88,3.156932,180.18,3.144661,177.54,3.098641,176.92,3.087903,172.44,3.009670
2026-07-22 12:46:02.900,105.934,183.52,3.202952,180.88,3.156932,180.18,3.144661,177.54,3.098641,176.92,3.087903,172.44,3.009670
2026-07-22 12:46:02.933,105.968,183.52,3.202952,180.88,3.156932,180.18,3.144661,177.54,3.098641,176.92,3.087903,172.44,3.009670
2026-07-22 12:46:02.966,106.001,183.52,3.202952,180.88,3.156932,180.18,3.144661,177.54,3.098641,176.92,3.087903,172.44,3.009670
2026-07-22 12:46:02.999,106.034,183.52,3.202952,180.88,3.156932,180.18,3.144661,177.54,3.098641,176.92,3.087903,172.44,3.009670
2026-07-22 12:46:03.032,106.067,183.52,3.202952,180.88,3.156932,180.18,3.144661,177.54,3.098641,176.92,3.087903,172.44,3.009670
2026-07-22 12:46:03.065,106.100,183.52,3.202952,180.88,3.156932,180.18,3.144661,177.54,3.098641,176.92,3.087903,172.44,3.009670
2026-07-22 12:46:03.100,106.134,183.52,3.202952,180.88,3.156932,180.18,3.144661,177.54,3.098641,176.92,3.087903,172.44,3.009670
2026-07-22 12:46:03.132,106.168,183.52,3.202952,180.88,3.156932,180.18,3.144661,177.54,3.098641,176.92,3.087903,172.44,3.009670
2026-07-22 12:46:03.166,106.201,183.52,3.202952,180.88,3.156932,180.18,3.144661,177.54,3.098641,176.92,3.087903,172.44,3.009670
2026-07-22 12:46:03.199,106.234,183.52,3.202952,180.88,3.156932,180.18,3.144661,177.54,3.098641,176.92,3.087903,172.44,3.009670
2026-07-22 12:46:03.232,106.267,183.52,3.202952,180.88,3.156932,180.18,3.144661,177.54,3.098641,176.92,3.087903,172.44,3.009670
2026-07-22 12:46:03.266,106.301,183.52,3.202952,180.88,3.156932,180.18,3.144661,177.54,3.098641,176.92,3.087903,172.44,3.009670
2026-07-22 12:46:03.299,106.334,183.52,3.202952,180.88,3.156932,180.18,3.144661,177.54,3.098641,176.92,3.087903,172.44,3.009670
2026-07-22 12:46:03.334,106.367,183.52,3.202952,180.88,3.156932,180.18,3.144661,177.54,3.098641,176.92,3.087903,172.44,3.009670
2026-07-22 12:46:03.366,106.401,183.52,3.202952,180.88,3.156932,180.18,3.144661,177.54,3.098641,176.92,3.087903,172.44,3.009670
2026-07-22 12:46:03.401,106.434,183.52,3.202952,180.88,3.156932,180.18,3.144661,177.54,3.098641,176.92,3.087903,172.44,3.009670
2026-07-22 12:46:03.434,106.467,183.52,3.202952,180.88,3.156932,180.18,3.144661,177.54,3.098641,176.92,3.087903,172.44,3.009670
2026-07-22 12:46:03.466,106.500,183.52,3.202952,180.88,3.156932,180.18,3.144661,177.54,3.098641,176.92,3.087903,172.44,3.009670
2026-07-22 12:46:03.499,106.534,183.52,3.202952,180.88,3.156932,180.18,3.144661,177.54,3.098641,176.92,3.087903,172.44,3.009670
2026-07-22 12:46:03.533,106.568,183.52,3.202952,180.88,3.156932,180.18,3.144661,177.54,3.098641,176.92,3.087903,172.44,3.009670
2026-07-22 12:46:03.566,106.601,183.52,3.202952,180.88,3.156932,180.18,3.144661,177.54,3.098641,176.92,3.087903,172.44,3.009670
2026-07-22 12:46:03.600,106.634,183.52,3.202952,180.88,3.156932,180.18,3.144661,177.54,3.098641,176.92,3.087903,172.44,3.009670
2026-07-22 12:46:03.633,106.668,183.52,3.202952,180.88,3.156932,180.18,3.144661,177.54,3.098641,176.92,3.087903,172.44,3.009670
2026-07-22 12:46:03.666,106.701,183.52,3.202952,180.88,3.156932,180.18,3.144661,177.54,3.098641,176.92,3.087903,172.44,3.009670
2026-07-22 12:46:03.700,106.734,183.52,3.202952,180.88,3.156932,180.18,3.144661,177.54,3.098641,176.92,3.087903,172.44,3.009670
2026-07-22 12:46:03.733,106.767,183.52,3.202952,180.88,3.156932,180.18,3.144661,177.54,3.098641,176.92,3.087903,172.44,3.009670
2026-07-22 12:46:03.765,106.801,183.52,3.202952,180.88,3.156932,180.18,3.144661,177.54,3.098641,176.92,3.087903,172.44,3.009670
2026-07-22 12:46:03.799,106.834,183.52,3.202952,180.88,3.156932,180.18,3.144661,177.54,3.098641,176.92,3.087903,172.44,3.009670
2026-07-22 12:46:03.833,106.868,183.52,3.202952,180.88,3.156932,180.18,3.144661,177.54,3.098641,176.92,3.087903,172.44,3.009670
2026-07-22 12:46:03.865,106.901,183.52,3.202952,180.88,3.156932,180.18,3.144661,177.54,3.098641,176.92,3.087903,172.44,3.009670
2026-07-22 12:46:03.899,106.934,183.52,3.202952,180.88,3.156932,180.18,3.144661,177.54,3.098641,176.92,3.087903,172.44,3.009670
2026-07-22 12:46:03.935,106.967,183.52,3.202952,180.88,3.156932,180.18,3.144661,177.54,3.098641,176.92,3.087903,172.44,3.009670
2026-07-22 12:46:03.966,107.001,183.52,3.202952,180.88,3.156932,180.18,3.144661,177.54,3.098641,176.92,3.087903,172.44,3.009670
2026-07-22 12:46:04.002,107.034,183.52,3.202952,180.88,3.156932,180.18,3.144661,177.54,3.098641,176.92,3.087903,172.44,3.009670
2026-07-22 12:46:04.033,107.067,183.52,3.202952,180.88,3.156932,180.18,3.144661,177.54,3.098641,176.92,3.087903,172.44,3.009670
2026-07-22 12:46:04.066,107.101,183.52,3.202952,180.88,3.156932,180.18,3.144661,177.54,3.098641,176.92,3.087903,172.44,3.009670
2026-07-22 12:46:04.103,107.134,183.52,3.202952,180.88,3.156932,180.18,3.144661,177.54,3.098641,176.92,3.087903,172.44,3.009670
2026-07-22 12:46:04.135,107.168,183.52,3.202952,180.88,3.156932,180.18,3.144661,177.54,3.098641,176.92,3.087903,172.44,3.009670
2026-07-22 12:46:04.168,107.201,183.52,3.202952,180.88,3.156932,180.18,3.144661,177.54,3.098641,176.92,3.087903,172.44,3.009670
2026-07-22 12:46:04.203,107.234,183.52,3.202952,180.88,3.156932,180.18,3.144661,177.54,3.098641,176.92,3.087903,172.44,3.009670
2026-07-22 12:46:04.235,107.267,183.52,3.202952,180.88,3.156932,180.18,3.144661,177.54,3.098641,176.92,3.087903,172.44,3.009670
2026-07-22 12:46:04.267,107.301,183.52,3.202952,180.88,3.156932,180.18,3.144661,177.54,3.098641,176.92,3.087903,172.44,3.009670
2026-07-22 12:46:04.300,107.334,183.52,3.202952,180.88,3.156932,180.18,3.144661,177.54,3.098641,176.92,3.087903,172.44,3.009670
2026-07-22 12:46:04.332,107.367,183.52,3.202952,180.88,3.156932,180.18,3.144661,177.54,3.098641,176.92,3.087903,172.44,3.009670
2026-07-22 12:46:04.366,107.401,183.52,3.202952,180.88,3.156932,180.18,3.144661,177.54,3.098641,176.92,3.087903,172.44,3.009670
2026-07-22 12:46:04.399,107.434,183.52,3.202952,180.88,3.156932,180.18,3.144661,177.54,3.098641,176.92,3.087903,172.44,3.009670
2026-07-22 12:46:04.433,107.467,183.52,3.202952,180.88,3.156932,180.18,3.144661,177.54,3.098641,176.92,3.087903,172.44,3.009670
2026-07-22 12:46:04.467,107.501,183.52,3.202952,180.88,3.156932,180.18,3.144661,177.54,3.098641,176.92,3.087903,172.44,3.009670
2026-07-22 12:46:04.500,107.534,183.52,3.202952,180.88,3.156932,180.18,3.144661,177.54,3.098641,176.92,3.087903,172.44,3.009670
2026-07-22 12:46:04.533,107.567,183.52,3.202952,180.88,3.156932,180.18,3.144661,177.54,3.098641,176.92,3.087903,172.44,3.009670
2026-07-22 12:46:04.566,107.601,183.52,3.202952,180.88,3.156932,180.18,3.144661,177.54,3.098641,176.92,3.087903,172.44,3.009670
2026-07-22 12:46:04.599,107.634,183.52,3.202952,180.88,3.156932,180.18,3.144661,177.54,3.098641,176.92,3.087903,172.44,3.009670
2026-07-22 12:46:04.633,107.668,183.52,3.202952,180.88,3.156932,180.18,3.144661,177.54,3.098641,176.92,3.087903,172.44,3.009670
2026-07-22 12:46:04.666,107.700,183.52,3.202952,180.88,3.156932,180.18,3.144661,177.54,3.098641,176.92,3.087903,172.44,3.009670
2026-07-22 12:46:04.699,107.734,183.52,3.202952,180.88,3.156932,180.18,3.144661,177.54,3.098641,176.92,3.087903,172.44,3.009670
2026-07-22 12:46:04.734,107.768,183.52,3.202952,180.88,3.156932,180.18,3.144661,177.54,3.098641,176.92,3.087903,172.44,3.009670
2026-07-22 12:46:04.766,107.801,183.52,3.202952,180.88,3.156932,180.18,3.144661,177.54,3.098641,176.92,3.087903,172.44,3.009670
2026-07-22 12:46:04.801,107.834,183.52,3.202952,180.88,3.156932,180.18,3.144661,177.54,3.098641,176.92,3.087903,172.44,3.009670
2026-07-22 12:46:04.833,107.868,183.52,3.202952,180.88,3.156932,180.18,3.144661,177.54,3.098641,176.92,3.087903,172.44,3.009670
2026-07-22 12:46:04.870,107.901,183.52,3.202952,180.88,3.156932,180.18,3.144661,177.54,3.098641,176.92,3.087903,172.44,3.009670
2026-07-22 12:46:04.902,107.935,183.52,3.202952,180.88,3.156932,180.18,3.144661,177.54,3.098641,176.92,3.087903,172.44,3.009670
2026-07-22 12:46:04.937,107.968,183.52,3.202952,180.88,3.156932,180.18,3.144661,177.54,3.098641,176.92,3.087903,172.44,3.009670
2026-07-22 12:46:04.966,108.001,183.52,3.202952,180.88,3.156932,180.18,3.144661,177.54,3.098641,176.92,3.087903,172.44,3.009670
2026-07-22 12:46:05.000,108.034,183.52,3.202952,180.88,3.156932,180.18,3.144661,177.54,3.098641,176.92,3.087903,172.44,3.009670
2026-07-22 12:46:05.032,108.067,183.52,3.202952,180.88,3.156932,180.18,3.144661,177.54,3.098641,176.92,3.087903,172.44,3.009670
2026-07-22 12:46:05.068,108.102,183.52,3.202952,180.88,3.156932,180.18,3.144661,177.54,3.098641,176.92,3.087903,172.44,3.009670
2026-07-22 12:46:05.100,108.134,183.52,3.202952,180.88,3.156932,180.18,3.144661,177.54,3.098641,176.92,3.087903,172.44,3.009670
2026-07-22 12:46:05.133,108.167,183.52,3.202952,180.88,3.156932,180.18,3.144661,177.54,3.098641,176.92,3.087903,172.44,3.009670
2026-07-22 12:46:05.166,108.201,183.52,3.202952,180.88,3.156932,180.18,3.144661,177.54,3.098641,176.92,3.087903,172.44,3.009670
2026-07-22 12:46:05.199,108.234,183.52,3.202952,180.88,3.156932,180.18,3.144661,177.54,3.098641,176.92,3.087903,172.44,3.009670
2026-07-22 12:46:05.233,108.268,183.52,3.202952,180.88,3.156932,180.18,3.144661,177.54,3.098641,176.92,3.087903,172.44,3.009670
2026-07-22 12:46:05.268,108.301,183.52,3.202952,180.88,3.156932,180.18,3.144661,177.54,3.098641,176.92,3.087903,172.44,3.009670
2026-07-22 12:46:05.299,108.334,183.52,3.202952,180.88,3.156932,180.18,3.144661,177.54,3.098641,176.92,3.087903,172.44,3.009670
2026-07-22 12:46:05.333,108.368,183.52,3.202952,180.88,3.156932,180.18,3.144661,177.54,3.098641,176.92,3.087903,172.44,3.009670
2026-07-22 12:46:05.366,108.401,183.52,3.202952,180.88,3.156932,180.18,3.144661,177.54,3.098641,176.92,3.087903,172.44,3.009670
2026-07-22 12:46:05.399,108.434,183.52,3.202952,180.88,3.156932,180.18,3.144661,177.54,3.098641,176.92,3.087903,172.44,3.009670
2026-07-22 12:46:05.433,108.467,183.52,3.202952,180.88,3.156932,180.18,3.144661,177.54,3.098641,176.92,3.087903,172.44,3.009670
2026-07-22 12:46:05.466,108.501,183.52,3.202952,180.88,3.156932,180.18,3.144661,177.54,3.098641,176.92,3.087903,172.44,3.009670
2026-07-22 12:46:05.500,108.535,183.52,3.202952,180.88,3.156932,180.18,3.144661,177.54,3.098641,176.92,3.087903,172.44,3.009670
2026-07-22 12:46:05.533,108.567,183.52,3.202952,180.88,3.156932,180.18,3.144661,177.54,3.098641,176.92,3.087903,172.44,3.009670
2026-07-22 12:46:05.566,108.601,183.52,3.202952,180.88,3.156932,180.18,3.144661,177.54,3.098641,176.92,3.087903,172.44,3.009670
2026-07-22 12:46:05.599,108.634,183.52,3.202952,180.88,3.156932,180.18,3.144661,177.54,3.098641,176.92,3.087903,172.44,3.009670
2026-07-22 12:46:05.633,108.667,183.52,3.202952,180.88,3.156932,180.18,3.144661,177.54,3.098641,176.92,3.087903,172.44,3.009670
2026-07-22 12:46:05.666,108.701,183.52,3.202952,180.88,3.156932,180.18,3.144661,177.54,3.098641,176.92,3.087903,172.44,3.009670
2026-07-22 12:46:05.700,108.734,183.52,3.202952,180.88,3.156932,180.18,3.144661,177.54,3.098641,176.92,3.087903,172.44,3.009670
2026-07-22 12:46:05.733,108.767,183.52,3.202952,180.88,3.156932,180.18,3.144661,177.54,3.098641,176.92,3.087903,172.44,3.009670
2026-07-22 12:46:05.771,108.801,183.52,3.202952,180.88,3.156932,180.18,3.144661,177.54,3.098641,176.92,3.087903,172.44,3.009670
2026-07-22 12:46:05.799,108.834,183.52,3.202952,180.88,3.156932,180.18,3.144661,177.54,3.098641,176.92,3.087903,172.44,3.009670
2026-07-22 12:46:05.833,108.867,183.52,3.202952,180.88,3.156932,180.18,3.144661,177.54,3.098641,176.92,3.087903,172.44,3.009670
2026-07-22 12:46:05.868,108.901,183.52,3.202952,180.88,3.156932,180.18,3.144661,177.54,3.098641,176.92,3.087903,172.44,3.009670
2026-07-22 12:46:05.899,108.934,183.52,3.202952,180.88,3.156932,180.18,3.144661,177.54,3.098641,176.92,3.087903,172.44,3.009670
2026-07-22 12:46:05.932,108.967,183.52,3.202952,180.88,3.156932,180.18,3.144661,177.54,3.098641,176.92,3.087903,172.44,3.009670
2026-07-22 12:46:05.967,109.001,183.52,3.202952,180.88,3.156932,180.18,3.144661,177.54,3.098641,176.92,3.087903,172.44,3.009670
2026-07-22 12:46:06.000,109.034,183.52,3.202952,180.88,3.156932,180.18,3.144661,177.54,3.098641,176.92,3.087903,172.44,3.009670
2026-07-22 12:46:06.034,109.068,183.52,3.202952,180.88,3.156932,180.18,3.144661,177.54,3.098641,176.92,3.087903,172.44,3.009670
2026-07-22 12:46:06.067,109.101,183.52,3.202952,180.88,3.156932,180.18,3.144661,177.54,3.098641,176.92,3.087903,172.44,3.009670
2026-07-22 12:46:06.099,109.134,183.52,3.202952,180.88,3.156932,180.18,3.144661,177.54,3.098641,176.92,3.087903,172.44,3.009670
2026-07-22 12:46:06.136,109.167,183.52,3.202952,180.88,3.156932,180.18,3.144661,177.54,3.098641,176.92,3.087903,172.44,3.009670
2026-07-22 12:46:06.166,109.201,183.52,3.202952,180.88,3.156932,180.18,3.144661,177.54,3.098641,176.92,3.087903,172.44,3.009670
2026-07-22 12:46:06.200,109.234,183.52,3.202952,180.88,3.156932,180.18,3.144661,177.54,3.098641,176.92,3.087903,172.44,3.009670
2026-07-22 12:46:06.235,109.268,183.52,3.202952,180.88,3.156932,180.18,3.144661,177.54,3.098641,176.92,3.087903,172.44,3.009670
2026-07-22 12:46:06.267,109.301,183.52,3.202952,180.88,3.156932,180.18,3.144661,177.54,3.098641,176.92,3.087903,172.44,3.009670
2026-07-22 12:46:06.299,109.334,183.52,3.202952,180.88,3.156932,180.18,3.144661,177.54,3.098641,176.92,3.087903,172.44,3.009670
2026-07-22 12:46:06.334,109.368,183.52,3.202952,180.88,3.156932,180.18,3.144661,177.54,3.098641,176.92,3.087903,172.44,3.009670
2026-07-22 12:46:06.371,109.402,183.52,3.202952,180.88,3.156932,180.18,3.144661,177.54,3.098641,176.92,3.087903,172.44,3.009670
2026-07-22 12:46:06.399,109.434,183.52,3.202952,180.88,3.156932,180.18,3.144661,177.54,3.098641,176.92,3.087903,172.44,3.009670
2026-07-22 12:46:06.433,109.467,183.52,3.202952,180.88,3.156932,180.18,3.144661,177.54,3.098641,176.92,3.087903,172.44,3.009670
2026-07-22 12:46:06.466,109.501,183.52,3.202952,180.88,3.156932,180.18,3.144661,177.54,3.098641,176.92,3.087903,172.44,3.009670
2026-07-22 12:46:06.499,109.534,183.52,3.202952,180.88,3.156932,180.18,3.144661,177.54,3.098641,176.92,3.087903,172.44,3.009670
2026-07-22 12:46:06.534,109.569,183.52,3.202952,180.88,3.156932,180.18,3.144661,177.54,3.098641,176.92,3.087903,172.44,3.009670
2026-07-22 12:46:06.573,109.604,183.52,3.202952,180.88,3.156932,180.18,3.144661,177.54,3.098641,176.92,3.087903,172.44,3.009670
2026-07-22 12:46:06.602,109.634,183.52,3.202952,180.88,3.156932,180.18,3.144661,177.54,3.098641,176.92,3.087903,172.44,3.009670
2026-07-22 12:46:06.636,109.668,183.52,3.202952,180.88,3.156932,180.18,3.144661,177.54,3.098641,176.92,3.087903,172.44,3.009670
2026-07-22 12:46:06.670,109.701,183.52,3.202952,180.88,3.156932,180.18,3.144661,177.54,3.098641,176.92,3.087903,172.44,3.009670
2026-07-22 12:46:06.702,109.734,183.52,3.202952,180.88,3.156932,180.18,3.144661,177.54,3.098641,176.92,3.087903,172.44,3.009670
2026-07-22 12:46:06.734,109.769,183.52,3.202952,180.88,3.156932,180.18,3.144661,177.54,3.098641,176.92,3.087903,172.44,3.009670
2026-07-22 12:46:06.767,109.801,183.52,3.202952,180.88,3.156932,180.18,3.144661,177.54,3.098641,176.92,3.087903,172.44,3.009670
2026-07-22 12:46:06.799,109.834,183.52,3.202952,180.88,3.156932,180.18,3.144661,177.54,3.098641,176.92,3.087903,172.44,3.009670
2026-07-22 12:46:06.837,109.867,183.52,3.202952,180.88,3.156932,180.18,3.144661,177.54,3.098641,176.92,3.087903,172.44,3.009670
2026-07-22 12:46:06.867,109.901,183.52,3.202952,180.88,3.156932,180.18,3.144661,177.54,3.098641,176.92,3.087903,172.44,3.009670
2026-07-22 12:46:06.899,109.934,183.52,3.202952,180.88,3.156932,180.18,3.144661,177.54,3.098641,176.92,3.087903,172.44,3.009670
2026-07-22 12:46:06.936,109.967,183.52,3.202952,180.88,3.156932,180.18,3.144661,177.54,3.098641,176.92,3.087903,172.44,3.009670
2026-07-22 12:46:06.965,110.001,183.52,3.202952,180.88,3.156932,180.18,3.144661,177.54,3.098641,176.92,3.087903,172.44,3.009670
2026-07-22 12:46:07.002,110.034,183.52,3.202952,180.88,3.156932,180.18,3.144661,177.54,3.098641,176.92,3.087903,172.44,3.009670
2026-07-22 12:46:07.035,110.067,183.52,3.202952,180.88,3.156932,180.18,3.144661,177.54,3.098641,176.92,3.087903,172.44,3.009670
2026-07-22 12:46:07.069,110.101,183.52,3.202952,180.88,3.156932,180.18,3.144661,177.54,3.098641,176.92,3.087903,172.44,3.009670
2026-07-22 12:46:07.100,110.134,183.52,3.202952,180.88,3.156932,180.18,3.144661,177.54,3.098641,176.92,3.087903,172.44,3.009670
2026-07-22 12:46:07.135,110.169,183.52,3.202952,180.88,3.156932,180.18,3.144661,177.54,3.098641,176.92,3.087903,172.44,3.009670
2026-07-22 12:46:07.168,110.201,183.52,3.202952,180.88,3.156932,180.18,3.144661,177.54,3.098641,176.92,3.087903,172.44,3.009670
2026-07-22 12:46:07.201,110.234,183.52,3.202952,180.88,3.156932,180.18,3.144661,177.54,3.098641,176.92,3.087903,172.44,3.009670
2026-07-22 12:46:07.234,110.267,183.52,3.202952,180.88,3.156932,180.18,3.144661,177.54,3.098641,176.92,3.087903,172.44,3.009670
2026-07-22 12:46:07.267,110.301,183.52,3.202952,180.88,3.156932,180.18,3.144661,177.54,3.098641,176.92,3.087903,172.44,3.009670
2026-07-22 12:46:07.305,110.334,183.52,3.202952,180.88,3.156932,180.18,3.144661,177.54,3.098641,176.92,3.087903,172.44,3.009670
2026-07-22 12:46:07.338,110.367,183.52,3.202952,180.88,3.156932,180.18,3.144661,177.54,3.098641,176.92,3.087903,172.44,3.009670
2026-07-22 12:46:07.372,110.401,183.52,3.202952,180.88,3.156932,180.18,3.144661,177.54,3.098641,176.92,3.087903,172.44,3.009670
2026-07-22 12:46:07.402,110.434,183.52,3.202952,180.88,3.156932,180.18,3.144661,177.54,3.098641,176.92,3.087903,172.44,3.009670
2026-07-22 12:46:07.438,110.470,183.52,3.202952,180.88,3.156932,180.18,3.144661,177.54,3.098641,176.92,3.087903,172.44,3.009670
2026-07-22 12:46:07.471,110.503,183.52,3.202952,180.88,3.156932,180.18,3.144661,177.54,3.098641,176.92,3.087903,172.44,3.009670
2026-07-22 12:46:07.505,110.537,183.52,3.202952,180.88,3.156932,180.18,3.144661,177.54,3.098641,176.92,3.087903,172.44,3.009670
2026-07-22 12:46:07.535,110.567,183.52,3.202952,180.88,3.156932,180.18,3.144661,177.54,3.098641,176.92,3.087903,172.44,3.009670
2026-07-22 12:46:07.578,110.603,183.52,3.202952,180.88,3.156932,180.18,3.144661,177.54,3.098641,176.92,3.087903,172.44,3.009670
2026-07-22 12:46:07.604,110.635,183.52,3.202952,180.88,3.156932,180.18,3.144661,177.54,3.098641,176.92,3.087903,172.44,3.009670
2026-07-22 12:46:07.634,110.669,183.52,3.202952,180.88,3.156932,180.18,3.144661,177.54,3.098641,176.92,3.087903,172.44,3.009670
2026-07-22 12:46:07.667,110.701,183.52,3.202952,180.88,3.156932,180.18,3.144661,177.54,3.098641,176.92,3.087903,172.44,3.009670
2026-07-22 12:46:07.701,110.736,183.52,3.202952,180.88,3.156932,180.18,3.144661,177.54,3.098641,176.92,3.087903,172.44,3.009670
2026-07-22 12:46:07.734,110.768,183.52,3.202952,180.88,3.156932,180.18,3.144661,177.54,3.098641,176.92,3.087903,172.44,3.009670
2026-07-22 12:46:07.766,110.801,183.52,3.202952,180.88,3.156932,180.18,3.144661,177.54,3.098641,176.92,3.087903,172.44,3.009670
2026-07-22 12:46:07.801,110.834,183.52,3.202952,180.88,3.156932,180.18,3.144661,177.54,3.098641,176.92,3.087903,172.44,3.009670
2026-07-22 12:46:07.837,110.867,183.52,3.202952,180.88,3.156932,180.18,3.144661,177.54,3.098641,176.92,3.087903,172.44,3.009670
2026-07-22 12:46:07.868,110.901,183.52,3.202952,180.88,3.156932,180.18,3.144661,177.54,3.098641,176.92,3.087903,172.44,3.009670
2026-07-22 12:46:07.902,110.934,183.52,3.202952,180.88,3.156932,180.18,3.144661,177.54,3.098641,176.92,3.087903,172.44,3.009670
2026-07-22 12:46:07.933,110.967,183.52,3.202952,180.88,3.156932,180.18,3.144661,177.54,3.098641,176.92,3.087903,172.44,3.009670
2026-07-22 12:46:07.966,111.001,183.52,3.202952,180.88,3.156932,180.18,3.144661,177.54,3.098641,176.92,3.087903,172.44,3.009670
2026-07-22 12:46:07.999,111.034,183.52,3.202952,180.88,3.156932,180.18,3.144661,177.54,3.098641,176.92,3.087903,172.44,3.009670
2026-07-22 12:46:08.033,111.067,183.52,3.202952,180.88,3.156932,180.18,3.144661,177.54,3.098641,176.92,3.087903,172.44,3.009670
2026-07-22 12:46:08.067,111.101,183.52,3.202952,180.88,3.156932,180.18,3.144661,177.54,3.098641,176.92,3.087903,172.44,3.009670
2026-07-22 12:46:08.102,111.134,183.52,3.202952,180.88,3.156932,180.18,3.144661,177.54,3.098641,176.92,3.087903,172.44,3.009670
2026-07-22 12:46:08.133,111.167,183.52,3.202952,180.88,3.156932,180.18,3.144661,177.54,3.098641,176.92,3.087903,172.44,3.009670
2026-07-22 12:46:08.169,111.201,183.52,3.202952,180.88,3.156932,180.18,3.144661,177.54,3.098641,176.92,3.087903,172.44,3.009670
2026-07-22 12:46:08.202,111.234,183.52,3.202952,180.88,3.156932,180.18,3.144661,177.54,3.098641,176.92,3.087903,172.44,3.009670
2026-07-22 12:46:08.234,111.268,183.52,3.202952,180.88,3.156932,180.18,3.144661,177.54,3.098641,176.92,3.087903,172.44,3.009670
2026-07-22 12:46:08.267,111.302,183.52,3.202952,180.88,3.156932,180.18,3.144661,177.54,3.098641,176.92,3.087903,172.44,3.009670
2026-07-22 12:46:08.300,111.334,183.52,3.202952,180.88,3.156932,180.18,3.144661,177.54,3.098641,176.92,3.087903,172.44,3.009670
2026-07-22 12:46:08.333,111.368,183.52,3.202952,180.88,3.156932,180.18,3.144661,177.54,3.098641,176.92,3.087903,172.44,3.009670
2026-07-22 12:46:08.368,111.400,183.52,3.202952,180.88,3.156932,180.18,3.144661,177.54,3.098641,176.92,3.087903,172.44,3.009670
2026-07-22 12:46:08.402,111.434,183.52,3.202952,180.88,3.156932,180.18,3.144661,177.54,3.098641,176.92,3.087903,172.44,3.009670
2026-07-22 12:46:08.433,111.467,183.52,3.202952,180.88,3.156932,180.18,3.144661,177.54,3.098641,176.92,3.087903,172.44,3.009670
2026-07-22 12:46:08.467,111.501,183.52,3.202952,180.88,3.156932,180.18,3.144661,177.54,3.098641,176.92,3.087903,172.44,3.009670
2026-07-22 12:46:08.500,111.534,183.52,3.202952,180.88,3.156932,180.18,3.144661,177.54,3.098641,176.92,3.087903,172.44,3.009670
2026-07-22 12:46:08.533,111.567,183.52,3.202952,180.88,3.156932,180.18,3.144661,177.54,3.098641,176.92,3.087903,172.44,3.009670
2026-07-22 12:46:08.568,111.602,183.52,3.202952,180.88,3.156932,180.18,3.144661,177.54,3.098641,176.92,3.087903,172.44,3.009670
2026-07-22 12:46:08.599,111.634,183.52,3.202952,180.88,3.156932,180.18,3.144661,177.54,3.098641,176.92,3.087903,172.44,3.009670
2026-07-22 12:46:08.634,111.668,183.52,3.202952,180.88,3.156932,180.18,3.144661,177.54,3.098641,176.92,3.087903,172.44,3.009670
2026-07-22 12:46:08.666,111.701,183.52,3.202952,180.88,3.156932,180.18,3.144661,177.54,3.098641,176.92,3.087903,172.44,3.009670
2026-07-22 12:46:08.699,111.734,183.52,3.202952,180.88,3.156932,180.18,3.144661,177.54,3.098641,176.92,3.087903,172.44,3.009670
2026-07-22 12:46:08.734,111.767,183.52,3.202952,180.88,3.156932,180.18,3.144661,177.54,3.098641,176.92,3.087903,172.44,3.009670
2026-07-22 12:46:08.770,111.801,183.52,3.202952,180.88,3.156932,180.18,3.144661,177.54,3.098641,176.92,3.087903,172.44,3.009670
2026-07-22 12:46:08.803,111.835,183.52,3.202952,180.88,3.156932,180.18,3.144661,177.54,3.098641,176.92,3.087903,172.44,3.009670
2026-07-22 12:46:08.835,111.867,183.52,3.202952,180.88,3.156932,180.18,3.144661,177.54,3.098641,176.92,3.087903,172.44,3.009670
2026-07-22 12:46:08.868,111.901,183.52,3.202952,180.88,3.156932,180.18,3.144661,177.54,3.098641,176.92,3.087903,172.44,3.009670
2026-07-22 12:46:08.900,111.934,183.52,3.202952,180.88,3.156932,180.18,3.144661,177.54,3.098641,176.92,3.087903,172.44,3.009670
2026-07-22 12:46:08.933,111.968,183.52,3.202952,180.88,3.156932,180.18,3.144661,177.54,3.098641,176.92,3.087903,172.44,3.009670
2026-07-22 12:46:08.967,112.001,183.52,3.202952,180.88,3.156932,180.18,3.144661,177.54,3.098641,176.92,3.087903,172.44,3.009670
2026-07-22 12:46:09.001,112.035,183.52,3.202952,180.88,3.156932,180.18,3.144661,177.54,3.098641,176.92,3.087903,172.44,3.009670
2026-07-22 12:46:09.033,112.067,183.52,3.202952,180.88,3.156932,180.18,3.144661,177.54,3.098641,176.92,3.087903,172.44,3.009670
2026-07-22 12:46:09.068,112.102,183.52,3.202952,180.88,3.156932,180.18,3.144661,177.54,3.098641,176.92,3.087903,172.44,3.009670
2026-07-22 12:46:09.100,112.134,183.52,3.202952,180.88,3.156932,180.18,3.144661,177.54,3.098641,176.92,3.087903,172.44,3.009670
2026-07-22 12:46:09.133,112.168,183.52,3.202952,180.88,3.156932,180.18,3.144661,177.54,3.098641,176.92,3.087903,172.44,3.009670
2026-07-22 12:46:09.167,112.201,183.52,3.202952,180.88,3.156932,180.18,3.144661,177.54,3.098641,176.92,3.087903,172.44,3.009670
2026-07-22 12:46:09.202,112.235,183.52,3.202952,180.88,3.156932,180.18,3.144661,177.54,3.098641,176.92,3.087903,172.44,3.009670
2026-07-22 12:46:09.232,112.267,183.52,3.202952,180.88,3.156932,180.18,3.144661,177.54,3.098641,176.92,3.087903,172.44,3.009670
2026-07-22 12:46:09.266,112.301,183.52,3.202952,180.88,3.156932,180.18,3.144661,177.54,3.098641,176.92,3.087903,172.44,3.009670
2026-07-22 12:46:09.300,112.334,183.52,3.202952,180.88,3.156932,180.18,3.144661,177.54,3.098641,176.92,3.087903,172.44,3.009670
2026-07-22 12:46:09.332,112.367,183.52,3.202952,180.88,3.156932,180.18,3.144661,177.54,3.098641,176.92,3.087903,172.44,3.009670
2026-07-22 12:46:09.365,112.401,183.52,3.202952,180.88,3.156932,180.18,3.144661,177.54,3.098641,176.92,3.087903,172.44,3.009670
2026-07-22 12:46:09.399,112.434,183.52,3.202952,180.88,3.156932,180.18,3.144661,177.54,3.098641,176.92,3.087903,172.44,3.009670
2026-07-22 12:46:09.432,112.468,183.52,3.202952,180.88,3.156932,180.18,3.144661,177.54,3.098641,176.92,3.087903,172.44,3.009670
2026-07-22 12:46:09.466,112.501,183.52,3.202952,180.88,3.156932,180.18,3.144661,177.54,3.098641,176.92,3.087903,172.44,3.009670
2026-07-22 12:46:09.499,112.534,183.52,3.202952,180.88,3.156932,180.18,3.144661,177.54,3.098641,176.92,3.087903,172.44,3.009670
2026-07-22 12:46:09.533,112.568,183.52,3.202952,180.88,3.156932,180.18,3.144661,177.54,3.098641,176.92,3.087903,172.44,3.009670
2026-07-22 12:46:09.566,112.601,183.52,3.202952,180.88,3.156932,180.18,3.144661,177.54,3.098641,176.92,3.087903,172.44,3.009670
2026-07-22 12:46:09.600,112.634,183.52,3.202952,180.88,3.156932,180.18,3.144661,177.54,3.098641,176.92,3.087903,172.44,3.009670
2026-07-22 12:46:09.633,112.667,183.52,3.202952,180.88,3.156932,180.18,3.144661,177.54,3.098641,176.92,3.087903,172.44,3.009670
2026-07-22 12:46:09.669,112.701,183.52,3.202952,180.88,3.156932,180.18,3.144661,177.54,3.098641,176.92,3.087903,172.44,3.009670
2026-07-22 12:46:09.700,112.734,183.52,3.202952,180.88,3.156932,180.18,3.144661,177.54,3.098641,176.92,3.087903,172.44,3.009670
2026-07-22 12:46:09.734,112.768,183.52,3.202952,180.88,3.156932,180.18,3.144661,177.54,3.098641,176.92,3.087903,172.44,3.009670
2026-07-22 12:46:09.768,112.803,183.52,3.202952,180.88,3.156932,180.18,3.144661,177.54,3.098641,176.92,3.087903,172.44,3.009670
2026-07-22 12:46:09.800,112.834,183.52,3.202952,180.88,3.156932,180.18,3.144661,177.54,3.098641,176.92,3.087903,172.44,3.009670
2026-07-22 12:46:09.832,112.867,183.52,3.202952,180.88,3.156932,180.18,3.144661,177.54,3.098641,176.92,3.087903,172.44,3.009670
2026-07-22 12:46:09.870,112.903,183.52,3.202952,180.88,3.156932,180.18,3.144661,177.54,3.098641,176.92,3.087903,172.44,3.009670
2026-07-22 12:46:09.906,112.937,183.52,3.202952,180.88,3.156932,180.18,3.144661,177.54,3.098641,176.92,3.087903,172.44,3.009670
2026-07-22 12:46:09.938,112.969,183.52,3.202952,180.88,3.156932,180.18,3.144661,177.54,3.098641,176.92,3.087903,172.44,3.009670
2026-07-22 12:46:09.966,113.001,183.52,3.202952,180.88,3.156932,180.18,3.144661,177.54,3.098641,176.92,3.087903,172.44,3.009670
2026-07-22 12:46:09.999,113.034,183.52,3.202952,180.88,3.156932,180.18,3.144661,177.54,3.098641,176.92,3.087903,172.44,3.009670
2026-07-22 12:46:10.032,113.067,183.52,3.202952,180.88,3.156932,180.18,3.144661,177.54,3.098641,176.92,3.087903,172.44,3.009670
2026-07-22 12:46:10.067,113.101,183.52,3.202952,180.88,3.156932,180.18,3.144661,177.54,3.098641,176.92,3.087903,172.44,3.009670
2026-07-22 12:46:10.101,113.134,183.52,3.202952,180.88,3.156932,180.18,3.144661,177.54,3.098641,176.92,3.087903,172.44,3.009670
2026-07-22 12:46:10.134,113.167,183.52,3.202952,180.88,3.156932,180.18,3.144661,177.54,3.098641,176.92,3.087903,172.44,3.009670
2026-07-22 12:46:10.168,113.201,183.52,3.202952,180.88,3.156932,180.18,3.144661,177.54,3.098641,176.92,3.087903,172.44,3.009670
2026-07-22 12:46:10.200,113.234,183.52,3.202952,180.88,3.156932,180.18,3.144661,177.54,3.098641,176.92,3.087903,172.44,3.009670
2026-07-22 12:46:10.232,113.267,183.52,3.202952,180.88,3.156932,180.18,3.144661,177.54,3.098641,176.92,3.087903,172.44,3.009670
2026-07-22 12:46:10.267,113.301,183.52,3.202952,180.88,3.156932,180.18,3.144661,177.54,3.098641,176.92,3.087903,172.44,3.009670
2026-07-22 12:46:10.302,113.334,183.52,3.202952,180.88,3.156932,180.18,3.144661,177.54,3.098641,176.92,3.087903,172.44,3.009670
2026-07-22 12:46:10.336,113.368,183.52,3.202952,180.88,3.156932,180.18,3.144661,177.54,3.098641,176.92,3.087903,172.44,3.009670
2026-07-22 12:46:10.367,113.401,183.52,3.202952,180.88,3.156932,180.18,3.144661,177.54,3.098641,176.92,3.087903,172.44,3.009670
2026-07-22 12:46:10.400,113.434,183.52,3.202952,180.88,3.156932,180.18,3.144661,177.54,3.098641,176.92,3.087903,172.44,3.009670
2026-07-22 12:46:10.432,113.467,183.52,3.202952,180.88,3.156932,180.18,3.144661,177.54,3.098641,176.92,3.087903,172.44,3.009670
2026-07-22 12:46:10.467,113.501,183.52,3.202952,180.88,3.156932,180.18,3.144661,177.54,3.098641,176.92,3.087903,172.44,3.009670
2026-07-22 12:46:10.501,113.534,183.52,3.202952,180.88,3.156932,180.18,3.144661,177.54,3.098641,176.92,3.087903,172.44,3.009670
2026-07-22 12:46:10.533,113.568,183.52,3.202952,180.88,3.156932,180.18,3.144661,177.54,3.098641,176.92,3.087903,172.44,3.009670
2026-07-22 12:46:10.565,113.601,183.52,3.202952,180.88,3.156932,180.18,3.144661,177.54,3.098641,176.92,3.087903,172.44,3.009670
2026-07-22 12:46:10.602,113.634,183.52,3.202952,180.88,3.156932,180.18,3.144661,177.54,3.098641,176.92,3.087903,172.44,3.009670
2026-07-22 12:46:10.636,113.669,183.52,3.202952,180.88,3.156932,180.18,3.144661,177.54,3.098641,176.92,3.087903,172.44,3.009670
2026-07-22 12:46:10.667,113.701,183.52,3.202952,180.88,3.156932,180.18,3.144661,177.54,3.098641,176.92,3.087903,172.44,3.009670
2026-07-22 12:46:10.699,113.734,183.52,3.202952,180.88,3.156932,180.18,3.144661,177.54,3.098641,176.92,3.087903,172.44,3.009670
2026-07-22 12:46:10.732,113.767,183.52,3.202952,180.88,3.156932,180.18,3.144661,177.54,3.098641,176.92,3.087903,172.44,3.009670
2026-07-22 12:46:10.765,113.801,183.52,3.202952,180.88,3.156932,180.18,3.144661,177.54,3.098641,176.92,3.087903,172.44,3.009670
2026-07-22 12:46:10.799,113.834,183.52,3.202952,180.88,3.156932,180.18,3.144661,177.54,3.098641,176.92,3.087903,172.44,3.009670
2026-07-22 12:46:10.833,113.867,183.52,3.202952,180.88,3.156932,180.18,3.144661,177.54,3.098641,176.92,3.087903,172.44,3.009670
2026-07-22 12:46:10.867,113.901,183.52,3.202952,180.88,3.156932,180.18,3.144661,177.54,3.098641,176.92,3.087903,172.44,3.009670
2026-07-22 12:46:10.900,113.934,183.52,3.202952,180.88,3.156932,180.18,3.144661,177.54,3.098641,176.92,3.087903,172.44,3.009670
2026-07-22 12:46:10.933,113.967,183.52,3.202952,180.88,3.156932,180.18,3.144661,177.54,3.098641,176.92,3.087903,172.44,3.009670
2026-07-22 12:46:10.966,114.001,183.52,3.202952,180.88,3.156932,180.18,3.144661,177.54,3.098641,176.92,3.087903,172.44,3.009670
2026-07-22 12:46:10.999,114.034,183.52,3.202952,180.88,3.156932,180.18,3.144661,177.54,3.098641,176.92,3.087903,172.44,3.009670
2026-07-22 12:46:11.033,114.068,183.52,3.202952,180.88,3.156932,180.18,3.144661,177.54,3.098641,176.84,3.086369,172.44,3.009670
2026-07-22 12:46:11.066,114.101,183.52,3.202952,180.88,3.156932,180.18,3.144661,177.54,3.098641,176.84,3.086369,172.44,3.009670
2026-07-22 12:46:11.099,114.134,183.52,3.202952,180.88,3.156932,180.18,3.144661,177.54,3.098641,176.84,3.086369,172.44,3.009670
2026-07-22 12:46:11.133,114.168,183.52,3.202952,180.88,3.156932,180.18,3.144661,177.54,3.098641,176.84,3.086369,172.44,3.009670
2026-07-22 12:46:11.166,114.201,183.52,3.202952,180.88,3.156932,180.18,3.144661,177.54,3.098641,176.84,3.086369,172.44,3.009670
2026-07-22 12:46:11.199,114.234,183.52,3.202952,180.88,3.156932,180.18,3.144661,177.54,3.098641,176.84,3.086369,172.44,3.009670
2026-07-22 12:46:11.232,114.267,183.52,3.202952,180.88,3.156932,180.18,3.144661,177.54,3.098641,176.84,3.086369,172.44,3.009670
2026-07-22 12:46:11.266,114.301,183.52,3.202952,180.88,3.156932,180.18,3.144661,177.54,3.098641,176.84,3.086369,172.44,3.009670
2026-07-22 12:46:11.301,114.334,183.52,3.202952,180.88,3.156932,180.18,3.144661,177.54,3.098641,176.84,3.086369,172.44,3.009670
2026-07-22 12:46:11.333,114.368,183.52,3.202952,180.88,3.156932,180.18,3.144661,177.54,3.098641,176.84,3.086369,172.44,3.009670
2026-07-22 12:46:11.365,114.401,183.52,3.202952,180.88,3.156932,180.18,3.144661,177.54,3.098641,176.84,3.086369,172.44,3.009670
2026-07-22 12:46:11.400,114.434,183.52,3.202952,180.88,3.156932,180.18,3.144661,177.54,3.098641,176.84,3.086369,172.44,3.009670
2026-07-22 12:46:11.433,114.467,183.52,3.202952,180.88,3.156932,180.18,3.144661,177.54,3.098641,176.84,3.086369,172.44,3.009670
2026-07-22 12:46:11.467,114.501,183.52,3.202952,180.88,3.156932,180.18,3.144661,177.54,3.098641,176.84,3.086369,172.44,3.009670
2026-07-22 12:46:11.501,114.534,183.52,3.202952,180.88,3.156932,180.18,3.144661,177.54,3.098641,176.84,3.086369,172.44,3.009670
2026-07-22 12:46:11.538,114.569,183.52,3.202952,180.88,3.156932,180.18,3.144661,177.54,3.098641,176.84,3.086369,172.44,3.009670
2026-07-22 12:46:11.567,114.601,183.52,3.202952,180.88,3.156932,180.18,3.144661,177.54,3.098641,176.84,3.086369,172.44,3.009670
2026-07-22 12:46:11.600,114.634,183.52,3.202952,180.88,3.156932,180.18,3.144661,177.54,3.098641,176.84,3.086369,172.44,3.009670
2026-07-22 12:46:11.633,114.667,183.52,3.202952,180.88,3.156932,180.18,3.144661,177.54,3.098641,176.84,3.086369,172.44,3.009670
2026-07-22 12:46:11.666,114.701,183.52,3.202952,180.88,3.156932,180.18,3.144661,177.54,3.098641,176.84,3.086369,172.44,3.009670
2026-07-22 12:46:11.699,114.734,183.52,3.202952,180.88,3.156932,180.18,3.144661,177.54,3.098641,176.84,3.086369,172.44,3.009670
2026-07-22 12:46:11.733,114.768,183.52,3.202952,180.88,3.156932,180.18,3.144661,177.54,3.098641,176.84,3.086369,172.44,3.009670
2026-07-22 12:46:11.766,114.801,183.52,3.202952,180.88,3.156932,180.18,3.144661,177.54,3.098641,176.84,3.086369,172.44,3.009670
2026-07-22 12:46:11.800,114.834,183.52,3.202952,180.88,3.156932,180.18,3.144661,177.54,3.098641,176.84,3.086369,172.44,3.009670
2026-07-22 12:46:11.833,114.867,183.52,3.202952,180.88,3.156932,180.18,3.144661,177.54,3.098641,176.84,3.086369,172.44,3.009670
2026-07-22 12:46:11.867,114.901,183.52,3.202952,180.88,3.156932,180.18,3.144661,177.54,3.098641,176.84,3.086369,172.44,3.009670
2026-07-22 12:46:11.899,114.934,183.52,3.202952,180.88,3.156932,180.18,3.144661,177.54,3.098641,176.84,3.086369,172.44,3.009670
2026-07-22 12:46:11.938,114.968,183.52,3.202952,180.88,3.156932,180.18,3.144661,177.54,3.098641,176.84,3.086369,172.44,3.009670
2026-07-22 12:46:11.966,115.001,183.52,3.202952,180.88,3.156932,180.18,3.144661,177.54,3.098641,176.84,3.086369,172.44,3.009670
2026-07-22 12:46:12.000,115.034,183.52,3.202952,180.88,3.156932,180.18,3.144661,177.54,3.098641,176.84,3.086369,172.44,3.009670
2026-07-22 12:46:12.035,115.067,183.52,3.202952,180.88,3.156932,180.18,3.144661,177.54,3.098641,176.84,3.086369,172.44,3.009670
2026-07-22 12:46:12.066,115.101,183.52,3.202952,180.88,3.156932,180.18,3.144661,177.54,3.098641,176.84,3.086369,172.44,3.009670
2026-07-22 12:46:12.100,115.134,183.52,3.202952,180.88,3.156932,180.18,3.144661,177.54,3.098641,176.84,3.086369,172.44,3.009670
2026-07-22 12:46:12.133,115.168,183.52,3.202952,180.88,3.156932,180.18,3.144661,177.54,3.098641,176.84,3.086369,172.44,3.009670
2026-07-22 12:46:12.167,115.201,183.52,3.202952,180.88,3.156932,180.18,3.144661,177.54,3.098641,176.84,3.086369,172.44,3.009670
2026-07-22 12:46:12.203,115.234,183.52,3.202952,180.88,3.156932,180.18,3.144661,177.54,3.098641,176.84,3.086369,172.44,3.009670
2026-07-22 12:46:12.237,115.269,183.52,3.202952,180.88,3.156932,180.18,3.144661,177.54,3.098641,176.84,3.086369,172.44,3.009670
2026-07-22 12:46:12.269,115.301,183.52,3.202952,180.88,3.156932,180.18,3.144661,177.54,3.098641,176.84,3.086369,172.44,3.009670
2026-07-22 12:46:12.303,115.334,183.52,3.202952,180.88,3.156932,180.18,3.144661,177.54,3.098641,176.84,3.086369,172.44,3.009670
2026-07-22 12:46:12.333,115.367,183.52,3.202952,180.88,3.156932,180.18,3.144661,177.54,3.098641,176.84,3.086369,172.44,3.009670
2026-07-22 12:46:12.367,115.400,183.52,3.202952,180.88,3.156932,180.18,3.144661,177.54,3.098641,176.84,3.086369,172.44,3.009670
2026-07-22 12:46:12.399,115.434,183.52,3.202952,180.88,3.156932,180.18,3.144661,177.54,3.098641,176.84,3.086369,172.44,3.009670
2026-07-22 12:46:12.433,115.468,183.52,3.202952,180.88,3.156932,180.18,3.144661,177.54,3.098641,176.84,3.086369,172.44,3.009670
2026-07-22 12:46:12.466,115.501,183.52,3.202952,180.88,3.156932,180.18,3.144661,177.54,3.098641,176.84,3.086369,172.44,3.009670
2026-07-22 12:46:12.499,115.534,183.52,3.202952,180.88,3.156932,180.18,3.144661,177.54,3.098641,176.84,3.086369,172.44,3.009670
2026-07-22 12:46:12.533,115.568,183.52,3.202952,180.88,3.156932,180.18,3.144661,177.54,3.098641,176.84,3.086369,172.44,3.009670
2026-07-22 12:46:12.569,115.601,183.52,3.202952,180.88,3.156932,180.18,3.144661,177.54,3.098641,176.84,3.086369,172.44,3.009670
2026-07-22 12:46:12.601,115.634,183.52,3.202952,180.88,3.156932,180.18,3.144661,177.54,3.098641,176.84,3.086369,172.44,3.009670
2026-07-22 12:46:12.634,115.667,183.52,3.202952,180.88,3.156932,180.18,3.144661,177.54,3.098641,176.84,3.086369,172.44,3.009670
2026-07-22 12:46:12.667,115.701,183.52,3.202952,180.88,3.156932,180.18,3.144661,177.54,3.098641,176.84,3.086369,172.44,3.009670
2026-07-22 12:46:12.699,115.734,183.52,3.202952,180.88,3.156932,180.18,3.144661,177.54,3.098641,176.84,3.086369,172.44,3.009670
2026-07-22 12:46:12.733,115.767,183.52,3.202952,180.88,3.156932,180.18,3.144661,177.54,3.098641,176.84,3.086369,172.44,3.009670
2026-07-22 12:46:12.767,115.801,183.52,3.202952,180.88,3.156932,180.18,3.144661,177.54,3.098641,176.84,3.086369,172.44,3.009670
2026-07-22 12:46:12.799,115.834,183.52,3.202952,180.88,3.156932,180.18,3.144661,177.54,3.098641,176.84,3.086369,172.44,3.009670
2026-07-22 12:46:12.834,115.868,183.52,3.202952,180.88,3.156932,180.18,3.144661,177.54,3.098641,176.84,3.086369,172.44,3.009670
2026-07-22 12:46:12.867,115.901,183.52,3.202952,180.88,3.156932,180.18,3.144661,177.54,3.098641,176.84,3.086369,172.44,3.009670
2026-07-22 12:46:12.900,115.934,183.52,3.202952,180.88,3.156932,180.18,3.144661,177.54,3.098641,176.84,3.086369,172.44,3.009670
2026-07-22 12:46:12.935,115.968,183.52,3.202952,180.88,3.156932,180.18,3.144661,177.54,3.098641,176.84,3.086369,172.44,3.009670
2026-07-22 12:46:12.967,116.001,183.52,3.202952,180.88,3.156932,180.18,3.144661,177.54,3.098641,176.84,3.086369,172.44,3.009670
2026-07-22 12:46:13.002,116.034,183.52,3.202952,180.88,3.156932,180.18,3.144661,177.54,3.098641,176.84,3.086369,172.44,3.009670
2026-07-22 12:46:13.036,116.067,183.52,3.202952,180.88,3.156932,180.18,3.144661,177.54,3.098641,176.84,3.086369,172.44,3.009670
2026-07-22 12:46:13.067,116.101,183.52,3.202952,180.88,3.156932,180.18,3.144661,177.54,3.098641,176.84,3.086369,172.44,3.009670
2026-07-22 12:46:13.100,116.134,183.52,3.202952,180.88,3.156932,180.18,3.144661,177.54,3.098641,176.84,3.086369,172.44,3.009670
2026-07-22 12:46:13.134,116.168,183.52,3.202952,180.88,3.156932,180.18,3.144661,177.54,3.098641,176.84,3.086369,172.44,3.009670
2026-07-22 12:46:13.167,116.201,183.52,3.202952,180.88,3.156932,180.18,3.144661,177.54,3.098641,176.84,3.086369,172.44,3.009670
2026-07-22 12:46:13.199,116.234,183.52,3.202952,180.88,3.156932,180.18,3.144661,177.54,3.098641,176.84,3.086369,172.44,3.009670
2026-07-22 12:46:13.233,116.268,183.52,3.202952,180.88,3.156932,180.18,3.144661,177.54,3.098641,176.84,3.086369,172.44,3.009670
2026-07-22 12:46:13.266,116.300,183.52,3.202952,180.88,3.156932,180.18,3.144661,177.54,3.098641,176.84,3.086369,172.44,3.009670
2026-07-22 12:46:13.300,116.334,183.52,3.202952,180.88,3.156932,180.18,3.144661,177.54,3.098641,176.84,3.086369,172.44,3.009670
2026-07-22 12:46:13.333,116.367,183.52,3.202952,180.88,3.156932,180.18,3.144661,177.54,3.098641,176.84,3.086369,172.44,3.009670
2026-07-22 12:46:13.366,116.401,183.52,3.202952,180.88,3.156932,180.18,3.144661,177.54,3.098641,176.84,3.086369,172.44,3.009670
2026-07-22 12:46:13.399,116.434,183.52,3.202952,180.88,3.156932,180.18,3.144661,177.54,3.098641,176.84,3.086369,172.44,3.009670
2026-07-22 12:46:13.432,116.467,183.52,3.202952,180.88,3.156932,180.18,3.144661,177.54,3.098641,176.84,3.086369,172.44,3.009670
2026-07-22 12:46:13.465,116.501,183.52,3.202952,180.88,3.156932,180.18,3.144661,177.54,3.098641,176.84,3.086369,172.44,3.009670
2026-07-22 12:46:13.502,116.534,183.52,3.202952,180.88,3.156932,180.18,3.144661,177.54,3.098641,176.84,3.086369,172.44,3.009670
2026-07-22 12:46:13.533,116.568,183.52,3.202952,180.88,3.156932,180.18,3.144661,177.54,3.098641,176.84,3.086369,172.44,3.009670
2026-07-22 12:46:13.566,116.601,183.52,3.202952,180.88,3.156932,180.18,3.144661,177.54,3.098641,176.84,3.086369,172.44,3.009670
2026-07-22 12:46:13.600,116.634,183.52,3.202952,180.88,3.156932,180.18,3.144661,177.54,3.098641,176.84,3.086369,172.44,3.009670
2026-07-22 12:46:13.633,116.668,183.52,3.202952,180.88,3.156932,180.18,3.144661,177.54,3.098641,176.84,3.086369,172.44,3.009670
2026-07-22 12:46:13.666,116.700,183.52,3.202952,180.88,3.156932,180.18,3.144661,177.54,3.098641,176.84,3.086369,172.44,3.009670
2026-07-22 12:46:13.703,116.734,183.52,3.202952,180.88,3.156932,180.18,3.144661,177.54,3.098641,176.84,3.086369,172.44,3.009670
2026-07-22 12:46:13.737,116.768,183.52,3.202952,180.88,3.156932,180.18,3.144661,177.54,3.098641,176.84,3.086369,172.44,3.009670
2026-07-22 12:46:13.767,116.801,183.52,3.202952,180.88,3.156932,180.18,3.144661,177.54,3.098641,176.84,3.086369,172.44,3.009670
2026-07-22 12:46:13.802,116.834,183.52,3.202952,180.88,3.156932,180.18,3.144661,177.54,3.098641,176.84,3.086369,172.44,3.009670
2026-07-22 12:46:13.835,116.868,183.52,3.202952,180.88,3.156932,180.18,3.144661,177.54,3.098641,176.84,3.086369,172.44,3.009670
2026-07-22 12:46:13.867,116.901,183.52,3.202952,180.88,3.156932,180.18,3.144661,177.54,3.098641,176.84,3.086369,172.44,3.009670
2026-07-22 12:46:13.902,116.934,183.52,3.202952,180.88,3.156932,180.18,3.144661,177.54,3.098641,176.84,3.086369,172.44,3.009670
2026-07-22 12:46:13.933,116.968,183.52,3.202952,180.88,3.156932,180.18,3.144661,177.54,3.098641,176.84,3.086369,172.44,3.009670
2026-07-22 12:46:13.966,117.001,183.52,3.202952,180.88,3.156932,180.18,3.144661,177.54,3.098641,176.84,3.086369,172.44,3.009670
2026-07-22 12:46:13.999,117.034,183.52,3.202952,180.88,3.156932,180.18,3.144661,177.54,3.098641,176.84,3.086369,172.44,3.009670
2026-07-22 12:46:14.032,117.068,183.52,3.202952,180.88,3.156932,180.18,3.144661,177.54,3.098641,176.84,3.086369,172.44,3.009670
2026-07-22 12:46:14.067,117.101,183.52,3.202952,180.88,3.156932,180.18,3.144661,177.54,3.098641,176.84,3.086369,172.44,3.009670
2026-07-22 12:46:14.100,117.134,183.52,3.202952,180.88,3.156932,180.18,3.144661,177.54,3.098641,176.84,3.086369,172.44,3.009670
2026-07-22 12:46:14.133,117.168,183.52,3.202952,180.88,3.156932,180.18,3.144661,177.54,3.098641,176.84,3.086369,172.44,3.009670
2026-07-22 12:46:14.166,117.201,183.52,3.202952,180.88,3.156932,180.18,3.144661,177.54,3.098641,176.84,3.086369,172.44,3.009670
2026-07-22 12:46:14.200,117.234,183.52,3.202952,180.88,3.156932,180.18,3.144661,177.54,3.098641,176.84,3.086369,172.44,3.009670
2026-07-22 12:46:14.233,117.268,183.52,3.202952,180.88,3.156932,180.18,3.144661,177.54,3.098641,176.84,3.086369,172.44,3.009670
2026-07-22 12:46:14.267,117.301,183.52,3.202952,180.88,3.156932,180.18,3.144661,177.54,3.098641,176.84,3.086369,172.44,3.009670
2026-07-22 12:46:14.300,117.334,183.52,3.202952,180.88,3.156932,180.18,3.144661,177.54,3.098641,176.84,3.086369,172.44,3.009670
2026-07-22 12:46:14.334,117.368,183.52,3.202952,180.88,3.156932,180.18,3.144661,177.54,3.098641,176.84,3.086369,172.44,3.009670
2026-07-22 12:46:14.366,117.401,183.52,3.202952,180.88,3.156932,180.18,3.144661,177.54,3.098641,176.84,3.086369,172.44,3.009670
2026-07-22 12:46:14.400,117.434,183.52,3.202952,180.88,3.156932,180.18,3.144661,177.54,3.098641,176.84,3.086369,172.44,3.009670
2026-07-22 12:46:14.433,117.468,183.52,3.202952,180.88,3.156932,180.18,3.144661,177.54,3.098641,176.84,3.086369,172.44,3.009670
2026-07-22 12:46:14.467,117.501,183.52,3.202952,180.88,3.156932,180.18,3.144661,177.54,3.098641,176.84,3.086369,172.44,3.009670
2026-07-22 12:46:14.503,117.534,183.52,3.202952,180.88,3.156932,180.18,3.144661,177.54,3.098641,176.84,3.086369,172.44,3.009670
2026-07-22 12:46:14.536,117.568,183.52,3.202952,180.88,3.156932,180.18,3.144661,177.54,3.098641,176.84,3.086369,172.44,3.009670
2026-07-22 12:46:14.565,117.600,183.52,3.202952,180.88,3.156932,180.18,3.144661,177.54,3.098641,176.84,3.086369,172.44,3.009670
2026-07-22 12:46:14.599,117.634,183.52,3.202952,180.88,3.156932,180.18,3.144661,177.54,3.098641,176.84,3.086369,172.44,3.009670
2026-07-22 12:46:14.635,117.667,183.52,3.202952,180.88,3.156932,180.18,3.144661,177.54,3.098641,176.84,3.086369,172.44,3.009670
2026-07-22 12:46:14.668,117.701,183.52,3.202952,180.88,3.156932,180.18,3.144661,177.54,3.098641,176.84,3.086369,172.44,3.009670
2026-07-22 12:46:14.699,117.734,183.52,3.202952,180.88,3.156932,180.18,3.144661,177.54,3.098641,176.84,3.086369,172.44,3.009670
2026-07-22 12:46:14.733,117.768,183.52,3.202952,180.88,3.156932,180.18,3.144661,177.54,3.098641,176.84,3.086369,172.44,3.009670
2026-07-22 12:46:14.766,117.801,183.52,3.202952,180.88,3.156932,180.18,3.144661,177.54,3.098641,176.84,3.086369,172.44,3.009670
2026-07-22 12:46:14.799,117.834,183.52,3.202952,180.88,3.156932,180.18,3.144661,177.54,3.098641,176.84,3.086369,172.44,3.009670
2026-07-22 12:46:14.833,117.868,183.52,3.202952,180.88,3.156932,180.18,3.144661,177.54,3.098641,176.84,3.086369,172.44,3.009670
2026-07-22 12:46:14.866,117.901,183.52,3.202952,180.88,3.156932,180.18,3.144661,177.54,3.098641,176.84,3.086369,172.44,3.009670
2026-07-22 12:46:14.900,117.934,183.52,3.202952,180.88,3.156932,180.18,3.144661,177.54,3.098641,176.84,3.086369,172.44,3.009670
2026-07-22 12:46:14.933,117.967,183.52,3.202952,180.88,3.156932,180.18,3.144661,177.54,3.098641,176.84,3.086369,172.44,3.009670
2026-07-22 12:46:14.967,118.001,183.52,3.202952,180.88,3.156932,180.18,3.144661,177.54,3.098641,176.84,3.086369,172.44,3.009670
2026-07-22 12:46:15.002,118.034,183.52,3.202952,180.88,3.156932,180.18,3.144661,177.54,3.098641,176.84,3.086369,172.44,3.009670
2026-07-22 12:46:15.033,118.067,183.52,3.202952,180.88,3.156932,180.18,3.144661,177.54,3.098641,176.84,3.086369,172.44,3.009670
2026-07-22 12:46:15.069,118.101,183.52,3.202952,180.88,3.156932,180.18,3.144661,177.54,3.098641,176.84,3.086369,172.44,3.009670
2026-07-22 12:46:15.100,118.135,183.52,3.202952,180.88,3.156932,180.18,3.144661,177.54,3.098641,176.84,3.086369,172.44,3.009670
2026-07-22 12:46:15.133,118.168,183.52,3.202952,180.88,3.156932,180.18,3.144661,177.54,3.098641,176.84,3.086369,172.44,3.009670
2026-07-22 12:46:15.166,118.201,183.52,3.202952,180.88,3.156932,180.18,3.144661,177.54,3.098641,176.84,3.086369,172.44,3.009670
2026-07-22 12:46:15.199,118.234,183.52,3.202952,180.88,3.156932,180.18,3.144661,177.54,3.098641,176.84,3.086369,172.44,3.009670
2026-07-22 12:46:15.233,118.268,183.52,3.202952,180.88,3.156932,180.18,3.144661,177.54,3.098641,176.84,3.086369,172.44,3.009670
2026-07-22 12:46:15.268,118.301,183.52,3.202952,180.88,3.156932,180.18,3.144661,177.54,3.098641,176.84,3.086369,172.44,3.009670
2026-07-22 12:46:15.303,118.334,183.52,3.202952,180.88,3.156932,180.18,3.144661,177.54,3.098641,176.84,3.086369,172.44,3.009670
2026-07-22 12:46:15.333,118.367,183.52,3.202952,180.88,3.156932,180.18,3.144661,177.54,3.098641,176.84,3.086369,172.44,3.009670
2026-07-22 12:46:15.367,118.401,183.52,3.202952,180.88,3.156932,180.18,3.144661,177.54,3.098641,176.84,3.086369,172.44,3.009670
2026-07-22 12:46:15.401,118.434,183.52,3.202952,180.88,3.156932,180.18,3.144661,177.54,3.098641,176.84,3.086369,172.44,3.009670
2026-07-22 12:46:15.435,118.469,183.52,3.202952,180.88,3.156932,180.18,3.144661,177.54,3.098641,176.84,3.086369,172.44,3.009670
2026-07-22 12:46:15.467,118.501,183.52,3.202952,180.88,3.156932,180.18,3.144661,177.54,3.098641,176.84,3.086369,172.44,3.009670
2026-07-22 12:46:15.501,118.534,183.52,3.202952,180.88,3.156932,180.18,3.144661,177.54,3.098641,176.84,3.086369,172.44,3.009670
2026-07-22 12:46:15.534,118.568,183.52,3.202952,180.88,3.156932,180.18,3.144661,177.54,3.098641,176.84,3.086369,172.44,3.009670
2026-07-22 12:46:15.571,118.601,183.52,3.202952,180.88,3.156932,180.18,3.144661,177.54,3.098641,176.84,3.086369,172.44,3.009670
2026-07-22 12:46:15.600,118.635,183.52,3.202952,180.88,3.156932,180.18,3.144661,177.54,3.098641,176.84,3.086369,172.44,3.009670
2026-07-22 12:46:15.633,118.668,183.52,3.202952,180.88,3.156932,180.18,3.144661,177.54,3.098641,176.84,3.086369,172.44,3.009670
2026-07-22 12:46:15.666,118.701,183.52,3.202952,180.88,3.156932,180.18,3.144661,177.54,3.098641,176.84,3.086369,172.44,3.009670
2026-07-22 12:46:15.699,118.734,183.52,3.202952,180.88,3.156932,180.18,3.144661,177.54,3.098641,176.84,3.086369,172.44,3.009670
2026-07-22 12:46:15.733,118.768,183.52,3.202952,180.88,3.156932,180.18,3.144661,177.54,3.098641,176.84,3.086369,172.44,3.009670
2026-07-22 12:46:15.767,118.801,183.52,3.202952,180.88,3.156932,180.18,3.144661,177.54,3.098641,176.84,3.086369,172.44,3.009670
2026-07-22 12:46:15.799,118.834,183.52,3.202952,180.88,3.156932,180.18,3.144661,177.54,3.098641,176.84,3.086369,172.44,3.009670
2026-07-22 12:46:15.833,118.867,183.52,3.202952,180.88,3.156932,180.18,3.144661,177.54,3.098641,176.84,3.086369,172.44,3.009670
2026-07-22 12:46:15.866,118.901,183.52,3.202952,180.88,3.156932,180.18,3.144661,177.54,3.098641,176.84,3.086369,172.44,3.009670
2026-07-22 12:46:15.900,118.934,183.52,3.202952,180.88,3.156932,180.18,3.144661,177.54,3.098641,176.84,3.086369,172.44,3.009670
2026-07-22 12:46:15.932,118.968,183.52,3.202952,180.88,3.156932,180.18,3.144661,177.54,3.098641,176.84,3.086369,172.44,3.009670
2026-07-22 12:46:15.966,119.001,183.52,3.202952,180.88,3.156932,180.18,3.144661,177.54,3.098641,176.84,3.086369,172.44,3.009670
2026-07-22 12:46:15.999,119.034,183.52,3.202952,180.88,3.156932,180.18,3.144661,177.54,3.098641,176.84,3.086369,172.44,3.009670
2026-07-22 12:46:16.032,119.067,183.52,3.202952,180.88,3.156932,180.18,3.144661,177.54,3.098641,176.84,3.086369,172.44,3.009670
2026-07-22 12:46:16.066,119.101,183.52,3.202952,180.88,3.156932,180.18,3.144661,177.54,3.098641,176.84,3.086369,172.44,3.009670
2026-07-22 12:46:16.099,119.134,183.52,3.202952,180.88,3.156932,180.18,3.144661,177.54,3.098641,176.84,3.086369,172.44,3.009670
2026-07-22 12:46:16.132,119.167,183.52,3.202952,180.88,3.156932,180.18,3.144661,177.54,3.098641,176.84,3.086369,172.44,3.009670
2026-07-22 12:46:16.167,119.201,183.52,3.202952,180.88,3.156932,180.18,3.144661,177.54,3.098641,176.84,3.086369,172.44,3.009670
2026-07-22 12:46:16.200,119.234,183.52,3.202952,180.88,3.156932,180.18,3.144661,177.54,3.098641,176.84,3.086369,172.44,3.009670
2026-07-22 12:46:16.234,119.267,183.52,3.202952,180.88,3.156932,180.18,3.144661,177.54,3.098641,176.84,3.086369,172.44,3.009670
2026-07-22 12:46:16.266,119.300,183.52,3.202952,180.88,3.156932,180.18,3.144661,177.54,3.098641,176.84,3.086369,172.44,3.009670
2026-07-22 12:46:16.299,119.334,183.52,3.202952,180.88,3.156932,180.18,3.144661,177.54,3.098641,176.84,3.086369,172.44,3.009670
2026-07-22 12:46:16.332,119.367,183.52,3.202952,180.88,3.156932,180.18,3.144661,177.54,3.098641,176.84,3.086369,172.44,3.009670
2026-07-22 12:46:16.366,119.401,183.52,3.202952,180.88,3.156932,180.18,3.144661,177.54,3.098641,176.84,3.086369,172.44,3.009670
2026-07-22 12:46:16.399,119.434,183.52,3.202952,180.88,3.156932,180.18,3.144661,177.54,3.098641,176.84,3.086369,172.44,3.009670
2026-07-22 12:46:16.432,119.467,183.52,3.202952,180.88,3.156932,180.18,3.144661,177.54,3.098641,176.84,3.086369,172.44,3.009670
2026-07-22 12:46:16.465,119.500,183.52,3.202952,180.88,3.156932,180.18,3.144661,177.54,3.098641,176.84,3.086369,172.44,3.009670
2026-07-22 12:46:16.499,119.534,183.52,3.202952,180.88,3.156932,180.18,3.144661,177.54,3.098641,176.84,3.086369,172.44,3.009670
2026-07-22 12:46:16.532,119.567,183.52,3.202952,180.88,3.156932,180.18,3.144661,177.54,3.098641,176.84,3.086369,172.44,3.009670
2026-07-22 12:46:16.565,119.600,183.52,3.202952,180.88,3.156932,180.18,3.144661,177.54,3.098641,176.84,3.086369,172.44,3.009670
2026-07-22 12:46:16.600,119.634,183.52,3.202952,180.88,3.156932,180.18,3.144661,177.54,3.098641,176.84,3.086369,172.44,3.009670
2026-07-22 12:46:16.632,119.667,183.52,3.202952,180.88,3.156932,180.18,3.144661,177.54,3.098641,176.84,3.086369,172.44,3.009670
2026-07-22 12:46:16.666,119.701,183.52,3.202952,180.88,3.156932,180.18,3.144661,177.54,3.098641,176.84,3.086369,172.44,3.009670
2026-07-22 12:46:16.699,119.734,183.52,3.202952,180.88,3.156932,180.18,3.144661,177.54,3.098641,176.84,3.086369,172.44,3.009670
2026-07-22 12:46:16.732,119.767,183.52,3.202952,180.88,3.156932,180.18,3.144661,177.54,3.098641,176.84,3.086369,172.44,3.009670
2026-07-22 12:46:16.766,119.801,183.52,3.202952,180.88,3.156932,180.18,3.144661,177.54,3.098641,176.84,3.086369,172.44,3.009670
2026-07-22 12:46:16.800,119.834,183.52,3.202952,180.88,3.156932,180.18,3.144661,177.54,3.098641,176.84,3.086369,172.44,3.009670
2026-07-22 12:46:16.832,119.867,183.52,3.202952,180.88,3.156932,180.18,3.144661,177.54,3.098641,176.84,3.086369,172.44,3.009670
2026-07-22 12:46:16.865,119.901,183.52,3.202952,180.88,3.156932,180.18,3.144661,177.54,3.098641,176.84,3.086369,172.44,3.009670
2026-07-22 12:46:16.900,119.934,183.52,3.202952,180.88,3.156932,180.18,3.144661,177.54,3.098641,176.84,3.086369,172.44,3.009670
2026-07-22 12:46:16.933,119.968,183.52,3.202952,180.88,3.156932,180.18,3.144661,177.54,3.098641,176.84,3.086369,172.44,3.009670
2026-07-22 12:46:16.968,120.001,183.52,3.202952,180.88,3.156932,180.18,3.144661,177.54,3.098641,176.84,3.086369,172.44,3.009670
2026-07-22 12:46:17.002,120.034,183.52,3.202952,180.88,3.156932,180.18,3.144661,177.54,3.098641,176.84,3.086369,172.44,3.009670
2026-07-22 12:46:17.034,120.067,183.52,3.202952,180.88,3.156932,180.18,3.144661,177.54,3.098641,176.84,3.086369,172.44,3.009670
2026-07-22 12:46:17.067,120.102,183.52,3.202952,180.88,3.156932,180.18,3.144661,177.54,3.098641,176.84,3.086369,172.44,3.009670
2026-07-22 12:46:17.100,120.135,183.52,3.202952,180.88,3.156932,180.18,3.144661,177.54,3.098641,176.84,3.086369,172.44,3.009670
2026-07-22 12:46:17.133,120.167,183.52,3.202952,180.88,3.156932,180.18,3.144661,177.54,3.098641,176.84,3.086369,172.44,3.009670
2026-07-22 12:46:17.165,120.201,183.52,3.202952,180.88,3.156932,180.18,3.144661,177.54,3.098641,176.84,3.086369,172.44,3.009670
2026-07-22 12:46:17.199,120.234,183.52,3.202952,180.88,3.156932,180.18,3.144661,177.54,3.098641,176.84,3.086369,172.44,3.009670
2026-07-22 12:46:17.233,120.268,183.52,3.202952,180.88,3.156932,180.18,3.144661,177.54,3.098641,176.84,3.086369,172.44,3.009670
2026-07-22 12:46:17.266,120.301,183.52,3.202952,180.88,3.156932,180.18,3.144661,177.54,3.098641,176.84,3.086369,172.44,3.009670
2026-07-22 12:46:17.301,120.334,183.52,3.202952,180.88,3.156932,180.18,3.144661,177.54,3.098641,176.84,3.086369,172.44,3.009670
2026-07-22 12:46:17.333,120.368,183.52,3.202952,180.88,3.156932,180.18,3.144661,177.54,3.098641,176.84,3.086369,172.44,3.009670
2026-07-22 12:46:17.366,120.401,183.52,3.202952,180.88,3.156932,180.18,3.144661,177.54,3.098641,176.84,3.086369,172.44,3.009670
2026-07-22 12:46:17.400,120.434,183.52,3.202952,180.88,3.156932,180.18,3.144661,177.54,3.098641,176.84,3.086369,172.44,3.009670
2026-07-22 12:46:17.434,120.468,183.52,3.202952,180.88,3.156932,180.18,3.144661,177.54,3.098641,176.84,3.086369,172.44,3.009670
2026-07-22 12:46:17.466,120.501,183.52,3.202952,180.88,3.156932,180.18,3.144661,177.54,3.098641,176.84,3.086369,172.44,3.009670
2026-07-22 12:46:17.500,120.534,183.52,3.202952,180.88,3.156932,180.18,3.144661,177.54,3.098641,176.84,3.086369,172.44,3.009670
2026-07-22 12:46:17.534,120.567,183.52,3.202952,180.88,3.156932,180.18,3.144661,177.54,3.098641,176.84,3.086369,172.44,3.009670
2026-07-22 12:46:17.566,120.601,183.52,3.202952,180.88,3.156932,180.18,3.144661,177.54,3.098641,176.84,3.086369,172.44,3.009670
2026-07-22 12:46:17.599,120.634,183.52,3.202952,180.88,3.156932,180.18,3.144661,177.54,3.098641,176.84,3.086369,172.44,3.009670
2026-07-22 12:46:17.632,120.668,183.52,3.202952,180.88,3.156932,180.18,3.144661,177.54,3.098641,176.84,3.086369,172.44,3.009670
2026-07-22 12:46:17.666,120.701,183.52,3.202952,180.88,3.156932,180.18,3.144661,177.54,3.098641,176.84,3.086369,172.44,3.009670
2026-07-22 12:46:17.700,120.734,183.52,3.202952,180.88,3.156932,180.18,3.144661,177.54,3.098641,176.84,3.086369,172.44,3.009670
2026-07-22 12:46:17.734,120.767,183.52,3.202952,180.88,3.156932,180.18,3.144661,177.54,3.098641,176.84,3.086369,172.44,3.009670
2026-07-22 12:46:17.770,120.803,183.52,3.202952,180.88,3.156932,180.18,3.144661,177.54,3.098641,176.84,3.086369,172.44,3.009670
2026-07-22 12:46:17.802,120.834,183.52,3.202952,180.88,3.156932,180.18,3.144661,177.54,3.098641,176.84,3.086369,172.44,3.009670
2026-07-22 12:46:17.834,120.867,183.52,3.202952,180.88,3.156932,180.18,3.144661,177.54,3.098641,176.84,3.086369,172.44,3.009670
2026-07-22 12:46:17.868,120.901,183.52,3.202952,180.88,3.156932,180.18,3.144661,177.54,3.098641,176.84,3.086369,172.44,3.009670
2026-07-22 12:46:17.901,120.934,183.52,3.202952,180.88,3.156932,180.18,3.144661,177.54,3.098641,176.84,3.086369,172.44,3.009670
2026-07-22 12:46:17.934,120.968,183.52,3.202952,180.88,3.156932,180.18,3.144661,177.54,3.098641,176.84,3.086369,172.44,3.009670
2026-07-22 12:46:17.967,121.001,183.52,3.202952,180.88,3.156932,180.18,3.144661,177.54,3.098641,176.84,3.086369,172.44,3.009670
2026-07-22 12:46:17.999,121.034,183.52,3.202952,180.88,3.156932,180.18,3.144661,177.54,3.098641,176.84,3.086369,172.44,3.009670
2026-07-22 12:46:18.033,121.068,183.52,3.202952,180.88,3.156932,180.18,3.144661,177.54,3.098641,176.84,3.086369,172.44,3.009670
2026-07-22 12:46:18.070,121.101,183.52,3.202952,180.88,3.156932,180.18,3.144661,177.54,3.098641,176.84,3.086369,172.44,3.009670
2026-07-22 12:46:18.099,121.134,183.52,3.202952,180.88,3.156932,180.18,3.144661,177.54,3.098641,176.84,3.086369,172.44,3.009670
2026-07-22 12:46:18.135,121.167,183.52,3.202952,180.88,3.156932,180.18,3.144661,177.54,3.098641,176.84,3.086369,172.44,3.009670
2026-07-22 12:46:18.166,121.201,183.52,3.202952,180.88,3.156932,180.18,3.144661,177.54,3.098641,176.84,3.086369,172.44,3.009670
2026-07-22 12:46:18.199,121.234,183.52,3.202952,180.88,3.156932,180.18,3.144661,177.54,3.098641,176.84,3.086369,172.44,3.009670
2026-07-22 12:46:18.234,121.268,183.52,3.202952,180.88,3.156932,180.18,3.144661,177.54,3.098641,176.84,3.086369,172.44,3.009670
2026-07-22 12:46:18.267,121.301,183.52,3.202952,180.88,3.156932,180.18,3.144661,177.54,3.098641,176.84,3.086369,172.44,3.009670
2026-07-22 12:46:18.300,121.334,183.52,3.202952,180.88,3.156932,180.18,3.144661,177.54,3.098641,176.84,3.086369,172.44,3.009670
2026-07-22 12:46:18.333,121.368,183.52,3.202952,180.88,3.156932,180.18,3.144661,177.54,3.098641,176.84,3.086369,172.44,3.009670
2026-07-22 12:46:18.366,121.401,183.52,3.202952,180.88,3.156932,180.18,3.144661,177.54,3.098641,176.84,3.086369,172.44,3.009670
2026-07-22 12:46:18.399,121.434,183.52,3.202952,180.88,3.156932,180.18,3.144661,177.54,3.098641,176.84,3.086369,172.44,3.009670
2026-07-22 12:46:18.434,121.467,183.52,3.202952,180.88,3.156932,180.18,3.144661,177.54,3.098641,176.84,3.086369,172.44,3.009670
2026-07-22 12:46:18.466,121.501,183.52,3.202952,180.88,3.156932,180.18,3.144661,177.54,3.098641,176.84,3.086369,172.44,3.009670
2026-07-22 12:46:18.500,121.534,183.52,3.202952,180.88,3.156932,180.18,3.144661,177.54,3.098641,176.84,3.086369,172.44,3.009670
2026-07-22 12:46:18.534,121.567,183.52,3.202952,180.88,3.156932,180.18,3.144661,177.54,3.098641,176.84,3.086369,172.44,3.009670
2026-07-22 12:46:18.566,121.601,183.52,3.202952,180.88,3.156932,180.18,3.144661,177.54,3.098641,176.84,3.086369,172.44,3.009670
2026-07-22 12:46:18.603,121.634,183.52,3.202952,180.88,3.156932,180.18,3.144661,177.54,3.098641,176.84,3.086369,172.44,3.009670
2026-07-22 12:46:18.633,121.668,183.52,3.202952,180.88,3.156932,180.18,3.144661,177.54,3.098641,176.84,3.086369,172.44,3.009670
2026-07-22 12:46:18.668,121.703,183.52,3.202952,180.88,3.156932,180.18,3.144661,177.54,3.098641,176.84,3.086369,172.44,3.009670
2026-07-22 12:46:18.699,121.734,183.52,3.202952,180.88,3.156932,180.18,3.144661,177.54,3.098641,176.84,3.086369,172.44,3.009670
2026-07-22 12:46:18.734,121.768,183.52,3.202952,180.88,3.156932,180.18,3.144661,177.54,3.098641,176.84,3.086369,172.44,3.009670
2026-07-22 12:46:18.767,121.801,183.52,3.202952,180.88,3.156932,180.18,3.144661,177.54,3.098641,176.84,3.086369,172.44,3.009670
2026-07-22 12:46:18.803,121.834,183.52,3.202952,180.88,3.156932,180.18,3.144661,177.54,3.098641,176.84,3.086369,172.44,3.009670
2026-07-22 12:46:18.834,121.868,183.52,3.202952,180.88,3.156932,180.18,3.144661,177.54,3.098641,176.84,3.086369,172.44,3.009670
2026-07-22 12:46:18.866,121.901,183.52,3.202952,180.88,3.156932,180.18,3.144661,177.54,3.098641,176.84,3.086369,172.44,3.009670
2026-07-22 12:46:18.899,121.934,183.52,3.202952,180.88,3.156932,180.18,3.144661,177.54,3.098641,176.84,3.086369,172.44,3.009670
2026-07-22 12:46:18.932,121.968,183.52,3.202952,180.88,3.156932,180.18,3.144661,177.54,3.098641,176.84,3.086369,172.44,3.009670
2026-07-22 12:46:18.966,122.000,183.52,3.202952,180.88,3.156932,180.18,3.144661,177.54,3.098641,176.84,3.086369,172.44,3.009670
2026-07-22 12:46:18.999,122.034,183.52,3.202952,180.88,3.156932,180.18,3.144661,177.54,3.098641,176.84,3.086369,172.44,3.009670
2026-07-22 12:46:19.034,122.068,183.52,3.202952,180.88,3.156932,180.18,3.144661,177.54,3.098641,176.84,3.086369,172.44,3.009670
2026-07-22 12:46:19.066,122.101,183.52,3.202952,180.88,3.156932,180.18,3.144661,177.54,3.098641,176.84,3.086369,172.44,3.009670
2026-07-22 12:46:19.099,122.134,183.52,3.202952,180.88,3.156932,180.18,3.144661,177.54,3.098641,176.84,3.086369,172.44,3.009670
2026-07-22 12:46:19.132,122.167,183.52,3.202952,180.88,3.156932,180.18,3.144661,177.54,3.098641,176.84,3.086369,172.44,3.009670
2026-07-22 12:46:19.166,122.201,183.52,3.202952,180.88,3.156932,180.18,3.144661,177.54,3.098641,176.84,3.086369,172.44,3.009670
2026-07-22 12:46:19.200,122.234,183.52,3.202952,180.88,3.156932,180.18,3.144661,177.54,3.098641,176.84,3.086369,172.44,3.009670
2026-07-22 12:46:19.234,122.268,183.52,3.202952,180.88,3.156932,180.18,3.144661,177.54,3.098641,176.84,3.086369,172.44,3.009670
2026-07-22 12:46:19.270,122.301,183.52,3.202952,180.88,3.156932,180.18,3.144661,177.54,3.098641,176.84,3.086369,172.44,3.009670
2026-07-22 12:46:19.303,122.334,183.52,3.202952,180.88,3.156932,180.18,3.144661,177.54,3.098641,176.84,3.086369,172.44,3.009670
2026-07-22 12:46:19.335,122.367,183.52,3.202952,180.88,3.156932,180.18,3.144661,177.54,3.098641,176.84,3.086369,172.44,3.009670
2026-07-22 12:46:19.369,122.401,183.52,3.202952,180.88,3.156932,180.18,3.144661,177.54,3.098641,176.84,3.086369,172.44,3.009670
2026-07-22 12:46:19.401,122.434,183.52,3.202952,180.88,3.156932,180.18,3.144661,177.54,3.098641,176.84,3.086369,172.44,3.009670
2026-07-22 12:46:19.436,122.468,183.52,3.202952,180.88,3.156932,180.18,3.144661,177.54,3.098641,176.84,3.086369,172.44,3.009670
2026-07-22 12:46:19.468,122.502,183.52,3.202952,180.88,3.156932,180.18,3.144661,177.54,3.098641,176.84,3.086369,172.44,3.009670
2026-07-22 12:46:19.500,122.534,183.52,3.202952,180.88,3.156932,180.18,3.144661,177.54,3.098641,176.84,3.086369,172.44,3.009670
2026-07-22 12:46:19.533,122.568,183.52,3.202952,180.88,3.156932,180.18,3.144661,177.54,3.098641,176.84,3.086369,172.44,3.009670
2026-07-22 12:46:19.566,122.601,183.52,3.202952,180.88,3.156932,180.18,3.144661,177.54,3.098641,176.84,3.086369,172.44,3.009670
2026-07-22 12:46:19.600,122.634,183.52,3.202952,180.88,3.156932,180.18,3.144661,177.54,3.098641,176.84,3.086369,172.44,3.009670
2026-07-22 12:46:19.634,122.668,183.52,3.202952,180.88,3.156932,180.18,3.144661,177.54,3.098641,176.84,3.086369,172.44,3.009670
2026-07-22 12:46:19.667,122.701,183.52,3.202952,180.88,3.156932,180.18,3.144661,177.54,3.098641,176.84,3.086369,172.44,3.009670
2026-07-22 12:46:19.700,122.734,183.52,3.202952,180.88,3.156932,180.18,3.144661,177.54,3.098641,176.84,3.086369,172.44,3.009670
2026-07-22 12:46:19.733,122.768,183.52,3.202952,180.88,3.156932,180.18,3.144661,177.54,3.098641,176.84,3.086369,172.44,3.009670
2026-07-22 12:46:19.767,122.802,183.52,3.202952,180.88,3.156932,180.18,3.144661,177.54,3.098641,176.84,3.086369,172.44,3.009670
2026-07-22 12:46:19.802,122.836,183.52,3.202952,180.88,3.156932,180.18,3.144661,177.54,3.098641,176.84,3.086369,172.44,3.009670
2026-07-22 12:46:19.832,122.867,183.52,3.202952,180.88,3.156932,180.18,3.144661,177.54,3.098641,176.84,3.086369,172.44,3.009670
2026-07-22 12:46:19.866,122.901,183.52,3.202952,180.88,3.156932,180.18,3.144661,177.54,3.098641,176.84,3.086369,172.44,3.009670
2026-07-22 12:46:19.900,122.935,183.52,3.202952,180.88,3.156932,180.18,3.144661,177.54,3.098641,176.84,3.086369,172.44,3.009670
2026-07-22 12:46:19.933,122.967,183.52,3.202952,180.88,3.156932,180.18,3.144661,177.54,3.098641,176.84,3.086369,172.44,3.009670
2026-07-22 12:46:19.966,123.001,183.52,3.202952,180.88,3.156932,180.18,3.144661,177.54,3.098641,176.84,3.086369,172.44,3.009670
2026-07-22 12:46:20.000,123.034,183.52,3.202952,180.88,3.156932,180.18,3.144661,177.54,3.098641,176.84,3.086369,172.44,3.009670
2026-07-22 12:46:20.033,123.068,183.52,3.202952,180.88,3.156932,180.18,3.144661,177.54,3.098641,176.84,3.086369,172.44,3.009670
2026-07-22 12:46:20.066,123.101,183.52,3.202952,180.88,3.156932,180.18,3.144661,177.54,3.098641,176.84,3.086369,172.44,3.009670
2026-07-22 12:46:20.099,123.134,183.52,3.202952,180.88,3.156932,180.18,3.144661,177.54,3.098641,176.84,3.086369,172.44,3.009670
2026-07-22 12:46:20.136,123.168,183.52,3.202952,180.88,3.156932,180.18,3.144661,177.54,3.098641,176.84,3.086369,172.44,3.009670
2026-07-22 12:46:20.166,123.201,183.52,3.202952,180.88,3.156932,180.18,3.144661,177.54,3.098641,176.84,3.086369,172.44,3.009670
2026-07-22 12:46:20.202,123.234,183.52,3.202952,180.88,3.156932,180.18,3.144661,177.54,3.098641,176.84,3.086369,172.44,3.009670
2026-07-22 12:46:20.234,123.267,183.52,3.202952,180.88,3.156932,180.18,3.144661,177.54,3.098641,176.84,3.086369,172.44,3.009670
2026-07-22 12:46:20.266,123.301,183.52,3.202952,180.88,3.156932,180.18,3.144661,177.54,3.098641,176.84,3.086369,172.44,3.009670
2026-07-22 12:46:20.299,123.334,183.52,3.202952,180.88,3.156932,180.18,3.144661,177.54,3.098641,176.84,3.086369,172.44,3.009670
2026-07-22 12:46:20.333,123.367,183.52,3.202952,180.88,3.156932,180.18,3.144661,177.54,3.098641,176.84,3.086369,172.44,3.009670
2026-07-22 12:46:20.367,123.402,183.52,3.202952,180.88,3.156932,180.18,3.144661,177.54,3.098641,176.84,3.086369,172.44,3.009670
2026-07-22 12:46:20.400,123.434,183.52,3.202952,180.88,3.156932,180.18,3.144661,177.54,3.098641,176.84,3.086369,172.44,3.009670
2026-07-22 12:46:20.433,123.467,183.52,3.202952,180.88,3.156932,180.18,3.144661,177.54,3.098641,176.84,3.086369,172.44,3.009670
2026-07-22 12:46:20.467,123.501,183.52,3.202952,180.88,3.156932,180.18,3.144661,177.54,3.098641,176.84,3.086369,172.44,3.009670
2026-07-22 12:46:20.500,123.534,183.52,3.202952,180.88,3.156932,180.18,3.144661,177.54,3.098641,176.84,3.086369,172.44,3.009670
2026-07-22 12:46:20.533,123.568,183.52,3.202952,180.88,3.156932,180.18,3.144661,177.54,3.098641,176.84,3.086369,172.44,3.009670
2026-07-22 12:46:20.567,123.601,183.52,3.202952,180.88,3.156932,180.18,3.144661,177.54,3.098641,176.84,3.086369,172.44,3.009670
2026-07-22 12:46:20.600,123.634,183.52,3.202952,180.88,3.156932,180.18,3.144661,177.54,3.098641,176.84,3.086369,172.44,3.009670
2026-07-22 12:46:20.633,123.667,183.52,3.202952,180.88,3.156932,180.18,3.144661,177.54,3.098641,176.84,3.086369,172.44,3.009670
2026-07-22 12:46:20.666,123.701,183.52,3.202952,180.88,3.156932,180.18,3.144661,177.54,3.098641,176.84,3.086369,172.44,3.009670
2026-07-22 12:46:20.700,123.734,183.52,3.202952,180.88,3.156932,180.18,3.144661,177.54,3.098641,176.84,3.086369,172.44,3.009670
2026-07-22 12:46:20.733,123.767,183.52,3.202952,180.88,3.156932,180.18,3.144661,177.54,3.098641,176.84,3.086369,172.44,3.009670
2026-07-22 12:46:20.766,123.801,183.52,3.202952,180.88,3.156932,180.18,3.144661,177.54,3.098641,176.84,3.086369,172.44,3.009670
2026-07-22 12:46:20.800,123.834,183.52,3.202952,180.88,3.156932,180.18,3.144661,177.54,3.098641,176.84,3.086369,172.44,3.009670
2026-07-22 12:46:20.833,123.868,183.52,3.202952,180.88,3.156932,180.18,3.144661,177.54,3.098641,176.84,3.086369,172.44,3.009670
2026-07-22 12:46:20.866,123.901,183.52,3.202952,180.88,3.156932,180.18,3.144661,177.54,3.098641,176.84,3.086369,172.44,3.009670
2026-07-22 12:46:20.902,123.934,183.52,3.202952,180.88,3.156932,180.18,3.144661,177.54,3.098641,176.84,3.086369,172.44,3.009670
2026-07-22 12:46:20.935,123.967,183.52,3.202952,180.88,3.156932,180.18,3.144661,177.54,3.098641,176.84,3.086369,172.44,3.009670
2026-07-22 12:46:20.970,124.001,183.52,3.202952,180.88,3.156932,180.18,3.144661,177.54,3.098641,176.84,3.086369,172.44,3.009670
2026-07-22 12:46:21.005,124.034,183.52,3.202952,180.88,3.156932,180.18,3.144661,177.54,3.098641,176.84,3.086369,172.44,3.009670
2026-07-22 12:46:21.034,124.067,183.52,3.202952,180.88,3.156932,180.18,3.144661,177.54,3.098641,176.84,3.086369,172.44,3.009670
2026-07-22 12:46:21.068,124.101,183.52,3.202952,180.88,3.156932,180.18,3.144661,177.54,3.098641,176.84,3.086369,172.44,3.009670
2026-07-22 12:46:21.101,124.134,183.52,3.202952,180.88,3.156932,180.18,3.144661,177.54,3.098641,176.84,3.086369,172.44,3.009670
2026-07-22 12:46:21.135,124.168,183.52,3.202952,180.88,3.156932,180.18,3.144661,177.54,3.098641,176.84,3.086369,172.44,3.009670
2026-07-22 12:46:21.167,124.201,183.52,3.202952,180.88,3.156932,180.18,3.144661,177.54,3.098641,176.84,3.086369,172.44,3.009670
2026-07-22 12:46:21.200,124.234,183.52,3.202952,180.88,3.156932,180.18,3.144661,177.54,3.098641,176.84,3.086369,172.44,3.009670
2026-07-22 12:46:21.233,124.268,183.52,3.202952,180.88,3.156932,180.18,3.144661,177.54,3.098641,176.84,3.086369,172.44,3.009670
2026-07-22 12:46:21.266,124.301,183.52,3.202952,180.88,3.156932,180.18,3.144661,177.54,3.098641,176.84,3.086369,172.44,3.009670
2026-07-22 12:46:21.300,124.335,183.52,3.202952,180.88,3.156932,180.18,3.144661,177.54,3.098641,176.84,3.086369,172.44,3.009670
2026-07-22 12:46:21.333,124.367,183.52,3.202952,180.88,3.156932,180.18,3.144661,177.54,3.098641,176.84,3.086369,172.44,3.009670
2026-07-22 12:46:21.367,124.401,183.52,3.202952,180.88,3.156932,180.18,3.144661,177.54,3.098641,176.84,3.086369,172.44,3.009670
2026-07-22 12:46:21.400,124.434,183.52,3.202952,180.88,3.156932,180.18,3.144661,177.54,3.098641,176.84,3.086369,172.44,3.009670
2026-07-22 12:46:21.433,124.467,183.52,3.202952,180.88,3.156932,180.18,3.144661,177.54,3.098641,176.84,3.086369,172.44,3.009670
2026-07-22 12:46:21.466,124.501,183.52,3.202952,180.88,3.156932,180.18,3.144661,177.54,3.098641,176.84,3.086369,172.44,3.009670
2026-07-22 12:46:21.502,124.535,183.52,3.202952,180.88,3.156932,180.18,3.144661,177.54,3.098641,176.84,3.086369,172.44,3.009670
2026-07-22 12:46:21.533,124.567,183.52,3.202952,180.88,3.156932,180.18,3.144661,177.54,3.098641,176.84,3.086369,172.44,3.009670
2026-07-22 12:46:21.569,124.602,183.52,3.202952,180.88,3.156932,180.18,3.144661,177.54,3.098641,176.84,3.086369,172.44,3.009670
2026-07-22 12:46:21.600,124.634,183.52,3.202952,180.88,3.156932,180.18,3.144661,177.54,3.098641,176.84,3.086369,172.44,3.009670
2026-07-22 12:46:21.633,124.667,183.52,3.202952,180.88,3.156932,180.18,3.144661,177.54,3.098641,176.84,3.086369,172.44,3.009670
2026-07-22 12:46:21.666,124.701,183.52,3.202952,180.88,3.156932,180.18,3.144661,177.54,3.098641,176.84,3.086369,172.44,3.009670
2026-07-22 12:46:21.699,124.734,183.52,3.202952,180.88,3.156932,180.18,3.144661,177.54,3.098641,176.84,3.086369,172.44,3.009670
2026-07-22 12:46:21.736,124.769,183.52,3.202952,180.88,3.156932,180.18,3.144661,177.54,3.098641,176.84,3.086369,172.44,3.009670
2026-07-22 12:46:21.770,124.801,183.52,3.202952,180.88,3.156932,180.18,3.144661,177.54,3.098641,176.84,3.086369,172.44,3.009670
2026-07-22 12:46:21.802,124.834,183.52,3.202952,180.88,3.156932,180.18,3.144661,177.54,3.098641,176.84,3.086369,172.44,3.009670
2026-07-22 12:46:21.834,124.868,183.52,3.202952,180.88,3.156932,180.18,3.144661,177.54,3.098641,176.84,3.086369,172.44,3.009670
2026-07-22 12:46:21.866,124.901,183.52,3.202952,180.88,3.156932,180.18,3.144661,177.54,3.098641,176.84,3.086369,172.44,3.009670
2026-07-22 12:46:21.900,124.935,183.52,3.202952,180.88,3.156932,180.18,3.144661,177.54,3.098641,176.84,3.086369,172.44,3.009670
2026-07-22 12:46:21.933,124.968,183.52,3.202952,180.88,3.156932,180.18,3.144661,177.54,3.098641,176.84,3.086369,172.44,3.009670
2026-07-22 12:46:21.965,125.000,183.52,3.202952,180.88,3.156932,180.18,3.144661,177.54,3.098641,176.84,3.086369,172.44,3.009670
2026-07-22 12:46:22.001,125.034,183.52,3.202952,180.88,3.156932,180.18,3.144661,177.54,3.098641,176.84,3.086369,172.44,3.009670
2026-07-22 12:46:22.033,125.067,183.52,3.202952,180.88,3.156932,180.18,3.144661,177.54,3.098641,176.84,3.086369,172.44,3.009670
2026-07-22 12:46:22.067,125.100,183.52,3.202952,180.88,3.156932,180.18,3.144661,177.54,3.098641,176.84,3.086369,172.44,3.009670
2026-07-22 12:46:22.100,125.134,183.52,3.202952,180.88,3.156932,180.18,3.144661,177.54,3.098641,176.84,3.086369,172.44,3.009670
2026-07-22 12:46:22.132,125.167,183.52,3.202952,180.88,3.156932,180.18,3.144661,177.54,3.098641,176.84,3.086369,172.44,3.009670
2026-07-22 12:46:22.167,125.201,183.52,3.202952,180.88,3.156932,180.18,3.144661,177.54,3.098641,176.84,3.086369,172.44,3.009670
2026-07-22 12:46:22.200,125.234,183.52,3.202952,180.88,3.156932,180.18,3.144661,177.54,3.098641,176.84,3.086369,172.44,3.009670
2026-07-22 12:46:22.234,125.269,183.52,3.202952,180.88,3.156932,180.18,3.144661,177.54,3.098641,176.84,3.086369,172.44,3.009670
2026-07-22 12:46:22.266,125.301,183.52,3.202952,180.88,3.156932,180.18,3.144661,177.54,3.098641,176.84,3.086369,172.44,3.009670
2026-07-22 12:46:22.299,125.335,183.52,3.202952,180.88,3.156932,180.18,3.144661,177.54,3.098641,176.84,3.086369,172.44,3.009670
2026-07-22 12:46:22.333,125.368,183.52,3.202952,180.88,3.156932,180.18,3.144661,177.54,3.098641,176.84,3.086369,172.44,3.009670
2026-07-22 12:46:22.366,125.400,183.52,3.202952,180.88,3.156932,180.18,3.144661,177.54,3.098641,176.84,3.086369,172.44,3.009670
2026-07-22 12:46:22.400,125.434,183.52,3.202952,180.88,3.156932,180.18,3.144661,177.54,3.098641,176.84,3.086369,172.44,3.009670
2026-07-22 12:46:22.432,125.467,183.52,3.202952,180.88,3.156932,180.18,3.144661,177.54,3.098641,176.84,3.086369,172.44,3.009670
2026-07-22 12:46:22.465,125.500,183.52,3.202952,180.88,3.156932,180.18,3.144661,177.54,3.098641,176.84,3.086369,172.44,3.009670
2026-07-22 12:46:22.502,125.534,183.52,3.202952,180.88,3.156932,180.18,3.144661,177.54,3.098641,176.84,3.086369,172.44,3.009670
2026-07-22 12:46:22.533,125.567,183.52,3.202952,180.88,3.156932,180.18,3.144661,177.54,3.098641,176.84,3.086369,172.44,3.009670
2026-07-22 12:46:22.568,125.600,183.52,3.202952,180.88,3.156932,180.18,3.144661,177.54,3.098641,176.84,3.086369,172.44,3.009670
2026-07-22 12:46:22.602,125.634,183.52,3.202952,180.88,3.156932,180.18,3.144661,177.54,3.098641,176.84,3.086369,172.44,3.009670
2026-07-22 12:46:22.636,125.667,183.52,3.202952,180.88,3.156932,180.18,3.144661,177.54,3.098641,176.84,3.086369,172.44,3.009670
2026-07-22 12:46:22.669,125.702,183.52,3.202952,180.88,3.156932,180.18,3.144661,177.54,3.098641,176.84,3.086369,172.44,3.009670
2026-07-22 12:46:22.700,125.734,183.52,3.202952,180.88,3.156932,180.18,3.144661,177.54,3.098641,176.84,3.086369,172.44,3.009670
2026-07-22 12:46:22.737,125.768,183.52,3.202952,180.88,3.156932,180.18,3.144661,177.54,3.098641,176.84,3.086369,172.44,3.009670
2026-07-22 12:46:22.766,125.801,183.52,3.202952,180.88,3.156932,180.18,3.144661,177.54,3.098641,176.84,3.086369,172.44,3.009670
2026-07-22 12:46:22.800,125.834,183.52,3.202952,180.88,3.156932,180.18,3.144661,177.54,3.098641,176.84,3.086369,172.44,3.009670
2026-07-22 12:46:22.834,125.868,183.52,3.202952,180.88,3.156932,180.18,3.144661,177.54,3.098641,176.84,3.086369,172.44,3.009670
2026-07-22 12:46:22.867,125.901,183.52,3.202952,180.88,3.156932,180.18,3.144661,177.54,3.098641,176.84,3.086369,172.44,3.009670
2026-07-22 12:46:22.900,125.934,183.52,3.202952,180.88,3.156932,180.18,3.144661,177.54,3.098641,176.84,3.086369,172.44,3.009670
2026-07-22 12:46:22.933,125.967,183.52,3.202952,180.88,3.156932,180.18,3.144661,177.54,3.098641,176.84,3.086369,172.44,3.009670
2026-07-22 12:46:22.967,126.001,183.52,3.202952,180.88,3.156932,180.18,3.144661,177.54,3.098641,176.84,3.086369,172.44,3.009670
2026-07-22 12:46:23.002,126.034,183.52,3.202952,180.88,3.156932,180.18,3.144661,177.54,3.098641,176.84,3.086369,172.44,3.009670
2026-07-22 12:46:23.036,126.068,183.52,3.202952,180.88,3.156932,180.18,3.144661,177.54,3.098641,176.84,3.086369,172.44,3.009670
2026-07-22 12:46:23.067,126.101,183.52,3.202952,180.88,3.156932,180.18,3.144661,177.54,3.098641,176.84,3.086369,172.44,3.009670
2026-07-22 12:46:23.100,126.134,183.52,3.202952,180.88,3.156932,180.18,3.144661,177.54,3.098641,176.84,3.086369,172.44,3.009670
2026-07-22 12:46:23.133,126.167,183.52,3.202952,180.88,3.156932,180.18,3.144661,177.54,3.098641,176.84,3.086369,172.44,3.009670
2026-07-22 12:46:23.166,126.201,183.52,3.202952,180.88,3.156932,180.18,3.144661,177.54,3.098641,176.84,3.086369,172.44,3.009670
2026-07-22 12:46:23.201,126.235,183.52,3.202952,180.88,3.156932,180.18,3.144661,177.54,3.098641,176.84,3.086369,172.44,3.009670
2026-07-22 12:46:23.234,126.268,183.52,3.202952,180.88,3.156932,180.18,3.144661,177.54,3.098641,176.84,3.086369,172.44,3.009670
2026-07-22 12:46:23.269,126.301,183.52,3.202952,180.88,3.156932,180.18,3.144661,177.54,3.098641,176.84,3.086369,172.44,3.009670
2026-07-22 12:46:23.300,126.334,183.52,3.202952,180.88,3.156932,180.18,3.144661,177.54,3.098641,176.84,3.086369,172.44,3.009670
2026-07-22 12:46:23.338,126.367,183.52,3.202952,180.88,3.156932,180.18,3.144661,177.54,3.098641,176.84,3.086369,172.44,3.009670
2026-07-22 12:46:23.368,126.401,183.52,3.202952,180.88,3.156932,180.18,3.144661,177.54,3.098641,176.84,3.086369,172.44,3.009670
2026-07-22 12:46:23.404,126.434,183.52,3.202952,180.88,3.156932,180.18,3.144661,177.54,3.098641,176.84,3.086369,172.44,3.009670
2026-07-22 12:46:23.434,126.468,183.52,3.202952,180.88,3.156932,180.18,3.144661,177.54,3.098641,176.84,3.086369,172.44,3.009670
2026-07-22 12:46:23.466,126.501,183.52,3.202952,180.88,3.156932,180.18,3.144661,177.54,3.098641,176.84,3.086369,172.44,3.009670
2026-07-22 12:46:23.500,126.534,183.52,3.202952,180.88,3.156932,180.18,3.144661,177.54,3.098641,176.84,3.086369,172.44,3.009670
2026-07-22 12:46:23.534,126.568,183.52,3.202952,180.88,3.156932,180.18,3.144661,177.54,3.098641,176.84,3.086369,172.44,3.009670
2026-07-22 12:46:23.568,126.601,183.52,3.202952,180.88,3.156932,180.18,3.144661,177.54,3.098641,176.84,3.086369,172.44,3.009670
2026-07-22 12:46:23.600,126.634,183.52,3.202952,180.88,3.156932,180.18,3.144661,177.54,3.098641,176.84,3.086369,172.44,3.009670
2026-07-22 12:46:23.633,126.668,183.52,3.202952,180.88,3.156932,180.18,3.144661,177.54,3.098641,176.84,3.086369,172.44,3.009670
2026-07-22 12:46:23.668,126.701,183.52,3.202952,180.88,3.156932,180.18,3.144661,177.54,3.098641,176.84,3.086369,172.44,3.009670
2026-07-22 12:46:23.700,126.734,183.52,3.202952,180.88,3.156932,180.18,3.144661,177.54,3.098641,176.84,3.086369,172.44,3.009670
2026-07-22 12:46:23.734,126.768,183.52,3.202952,180.88,3.156932,180.18,3.144661,177.54,3.098641,176.84,3.086369,172.44,3.009670
2026-07-22 12:46:23.768,126.801,183.52,3.202952,180.88,3.156932,180.18,3.144661,177.54,3.098641,176.84,3.086369,172.44,3.009670
2026-07-22 12:46:23.801,126.834,183.52,3.202952,180.88,3.156932,180.18,3.144661,177.54,3.098641,176.84,3.086369,172.44,3.009670
2026-07-22 12:46:23.832,126.867,183.52,3.202952,180.88,3.156932,180.18,3.144661,177.54,3.098641,176.84,3.086369,172.44,3.009670
2026-07-22 12:46:23.868,126.901,183.52,3.202952,180.88,3.156932,180.18,3.144661,177.54,3.098641,176.84,3.086369,172.44,3.009670
2026-07-22 12:46:23.899,126.934,183.52,3.202952,180.88,3.156932,180.18,3.144661,177.54,3.098641,176.84,3.086369,172.44,3.009670
2026-07-22 12:46:23.935,126.968,183.52,3.202952,180.88,3.156932,180.18,3.144661,177.54,3.098641,176.84,3.086369,172.44,3.009670
2026-07-22 12:46:23.967,127.001,183.52,3.202952,180.88,3.156932,180.18,3.144661,177.54,3.098641,176.84,3.086369,172.44,3.009670
2026-07-22 12:46:23.999,127.034,183.52,3.202952,180.88,3.156932,180.18,3.144661,177.54,3.098641,176.84,3.086369,172.44,3.009670
2026-07-22 12:46:24.033,127.068,183.52,3.202952,180.88,3.156932,180.18,3.144661,177.54,3.098641,176.84,3.086369,172.44,3.009670
2026-07-22 12:46:24.066,127.101,183.52,3.202952,180.88,3.156932,180.18,3.144661,177.54,3.098641,176.84,3.086369,172.44,3.009670
2026-07-22 12:46:24.100,127.134,183.52,3.202952,180.88,3.156932,180.18,3.144661,177.54,3.098641,176.84,3.086369,172.44,3.009670
2026-07-22 12:46:24.134,127.167,183.52,3.202952,180.88,3.156932,180.18,3.144661,177.54,3.098641,176.84,3.086369,172.44,3.009670
2026-07-22 12:46:24.169,127.201,183.52,3.202952,180.88,3.156932,180.18,3.144661,177.54,3.098641,176.84,3.086369,172.44,3.009670
2026-07-22 12:46:24.199,127.234,183.52,3.202952,180.88,3.156932,180.18,3.144661,177.54,3.098641,176.84,3.086369,172.44,3.009670
2026-07-22 12:46:24.234,127.267,183.52,3.202952,180.88,3.156932,180.18,3.144661,177.54,3.098641,176.84,3.086369,172.44,3.009670
2026-07-22 12:46:24.273,127.302,183.52,3.202952,180.88,3.156932,180.18,3.144661,177.54,3.098641,176.84,3.086369,172.44,3.009670
2026-07-22 12:46:24.299,127.334,183.52,3.202952,180.88,3.156932,180.18,3.144661,177.54,3.098641,176.84,3.086369,172.44,3.009670
2026-07-22 12:46:24.332,127.367,183.52,3.202952,180.88,3.156932,180.18,3.144661,177.54,3.098641,176.84,3.086369,172.44,3.009670
2026-07-22 12:46:24.367,127.401,183.52,3.202952,180.88,3.156932,180.18,3.144661,177.54,3.098641,176.84,3.086369,172.44,3.009670
2026-07-22 12:46:24.399,127.434,183.52,3.202952,180.88,3.156932,180.18,3.144661,177.54,3.098641,176.84,3.086369,172.44,3.009670
2026-07-22 12:46:24.432,127.467,183.52,3.202952,180.88,3.156932,180.18,3.144661,177.54,3.098641,176.84,3.086369,172.44,3.009670
2026-07-22 12:46:24.470,127.503,183.52,3.202952,180.88,3.156932,180.18,3.144661,177.54,3.098641,176.84,3.086369,172.44,3.009670
2026-07-22 12:46:24.499,127.534,183.52,3.202952,180.88,3.156932,180.18,3.144661,177.54,3.098641,176.84,3.086369,172.44,3.009670
2026-07-22 12:46:24.532,127.567,183.52,3.202952,180.88,3.156932,180.18,3.144661,177.54,3.098641,176.84,3.086369,172.44,3.009670
2026-07-22 12:46:24.568,127.602,183.52,3.202952,180.88,3.156932,180.18,3.144661,177.54,3.098641,176.84,3.086369,172.44,3.009670
2026-07-22 12:46:24.599,127.634,183.52,3.202952,180.88,3.156932,180.18,3.144661,177.54,3.098641,176.84,3.086369,172.44,3.009670
2026-07-22 12:46:24.632,127.667,183.52,3.202952,180.88,3.156932,180.18,3.144661,177.54,3.098641,176.84,3.086369,172.44,3.009670
2026-07-22 12:46:24.668,127.701,183.52,3.202952,180.88,3.156932,180.18,3.144661,177.54,3.098641,176.84,3.086369,172.44,3.009670
2026-07-22 12:46:24.701,127.734,183.52,3.202952,180.88,3.156932,180.18,3.144661,177.54,3.098641,176.84,3.086369,172.44,3.009670
2026-07-22 12:46:24.732,127.767,183.52,3.202952,180.88,3.156932,180.18,3.144661,177.54,3.098641,176.84,3.086369,172.44,3.009670
2026-07-22 12:46:24.765,127.800,183.52,3.202952,180.88,3.156932,180.18,3.144661,177.54,3.098641,176.84,3.086369,172.44,3.009670
2026-07-22 12:46:24.802,127.834,183.52,3.202952,180.88,3.156932,180.18,3.144661,177.54,3.098641,176.84,3.086369,172.44,3.009670
2026-07-22 12:46:24.833,127.868,183.52,3.202952,180.88,3.156932,180.18,3.144661,177.54,3.098641,176.84,3.086369,172.44,3.009670
2026-07-22 12:46:24.866,127.901,183.52,3.202952,180.88,3.156932,180.18,3.144661,177.54,3.098641,176.84,3.086369,172.44,3.009670
2026-07-22 12:46:24.900,127.934,183.52,3.202952,180.88,3.156932,180.18,3.144661,177.54,3.098641,176.84,3.086369,172.44,3.009670
2026-07-22 12:46:24.936,127.967,183.52,3.202952,180.88,3.156932,180.18,3.144661,177.54,3.098641,176.84,3.086369,172.44,3.009670
2026-07-22 12:46:24.968,128.001,183.52,3.202952,180.88,3.156932,180.18,3.144661,177.54,3.098641,176.84,3.086369,172.44,3.009670
2026-07-22 12:46:25.000,128.034,183.52,3.202952,180.88,3.156932,180.18,3.144661,177.54,3.098641,176.84,3.086369,172.44,3.009670
2026-07-22 12:46:25.036,128.067,183.52,3.202952,180.88,3.156932,180.18,3.144661,177.54,3.098641,176.84,3.086369,172.44,3.009670
2026-07-22 12:46:25.067,128.101,183.52,3.202952,180.88,3.156932,180.18,3.144661,177.54,3.098641,176.84,3.086369,172.44,3.009670
2026-07-22 12:46:25.101,128.134,183.52,3.202952,180.88,3.156932,180.18,3.144661,177.54,3.098641,176.84,3.086369,172.44,3.009670
2026-07-22 12:46:25.135,128.167,183.52,3.202952,180.88,3.156932,180.18,3.144661,177.54,3.098641,176.84,3.086369,172.44,3.009670
2026-07-22 12:46:25.167,128.201,183.52,3.202952,180.88,3.156932,180.18,3.144661,177.54,3.098641,176.84,3.086369,172.44,3.009670
2026-07-22 12:46:25.201,128.234,183.52,3.202952,180.88,3.156932,180.18,3.144661,177.54,3.098641,176.84,3.086369,172.44,3.009670
2026-07-22 12:46:25.235,128.268,183.52,3.202952,180.88,3.156932,180.18,3.144661,177.54,3.098641,176.84,3.086369,172.44,3.009670
2026-07-22 12:46:25.267,128.301,183.52,3.202952,180.88,3.156932,180.18,3.144661,177.54,3.098641,176.84,3.086369,172.44,3.009670
2026-07-22 12:46:25.299,128.334,183.52,3.202952,180.88,3.156932,180.18,3.144661,177.54,3.098641,176.84,3.086369,172.44,3.009670
2026-07-22 12:46:25.333,128.367,183.52,3.202952,180.88,3.156932,180.18,3.144661,177.54,3.098641,176.84,3.086369,172.44,3.009670
2026-07-22 12:46:25.366,128.400,183.52,3.202952,180.88,3.156932,180.18,3.144661,177.54,3.098641,176.84,3.086369,172.44,3.009670
2026-07-22 12:46:25.400,128.434,183.52,3.202952,180.88,3.156932,180.18,3.144661,177.54,3.098641,176.84,3.086369,172.44,3.009670
2026-07-22 12:46:25.433,128.468,183.52,3.202952,180.88,3.156932,180.18,3.144661,177.54,3.098641,176.84,3.086369,172.44,3.009670
2026-07-22 12:46:25.467,128.501,183.52,3.202952,180.88,3.156932,180.18,3.144661,177.54,3.098641,176.84,3.086369,172.44,3.009670
2026-07-22 12:46:25.500,128.534,183.52,3.202952,180.88,3.156932,180.18,3.144661,177.54,3.098641,176.84,3.086369,172.44,3.009670
2026-07-22 12:46:25.533,128.568,183.52,3.202952,180.88,3.156932,180.18,3.144661,177.54,3.098641,176.84,3.086369,172.44,3.009670
2026-07-22 12:46:25.567,128.601,183.52,3.202952,180.88,3.156932,180.18,3.144661,177.54,3.098641,176.84,3.086369,172.44,3.009670
2026-07-22 12:46:25.600,128.634,183.52,3.202952,180.88,3.156932,180.18,3.144661,177.54,3.098641,176.84,3.086369,172.44,3.009670
2026-07-22 12:46:25.633,128.668,183.52,3.202952,180.88,3.156932,180.18,3.144661,177.54,3.098641,176.84,3.086369,172.44,3.009670
2026-07-22 12:46:25.666,128.701,183.52,3.202952,180.88,3.156932,180.18,3.144661,177.54,3.098641,176.84,3.086369,172.44,3.009670
2026-07-22 12:46:25.700,128.734,183.52,3.202952,180.88,3.156932,180.18,3.144661,177.54,3.098641,176.84,3.086369,172.44,3.009670
2026-07-22 12:46:25.736,128.768,183.52,3.202952,180.88,3.156932,180.18,3.144661,177.54,3.098641,176.84,3.086369,172.44,3.009670
2026-07-22 12:46:25.770,128.801,183.52,3.202952,180.88,3.156932,180.18,3.144661,177.54,3.098641,176.84,3.086369,172.44,3.009670
2026-07-22 12:46:25.800,128.834,183.52,3.202952,180.88,3.156932,180.18,3.144661,177.54,3.098641,176.84,3.086369,172.44,3.009670
2026-07-22 12:46:25.835,128.868,183.52,3.202952,180.88,3.156932,180.18,3.144661,177.54,3.098641,176.84,3.086369,172.44,3.009670
2026-07-22 12:46:25.868,128.901,183.52,3.202952,180.88,3.156932,180.18,3.144661,177.54,3.098641,176.84,3.086369,172.44,3.009670
2026-07-22 12:46:25.899,128.934,183.52,3.202952,180.88,3.156932,180.18,3.144661,177.54,3.098641,176.84,3.086369,172.44,3.009670
2026-07-22 12:46:25.933,128.967,183.52,3.202952,180.88,3.156932,180.18,3.144661,177.54,3.098641,176.84,3.086369,172.44,3.009670
2026-07-22 12:46:25.966,129.001,183.52,3.202952,180.88,3.156932,180.18,3.144661,177.54,3.098641,176.84,3.086369,172.44,3.009670
2026-07-22 12:46:25.999,129.034,183.52,3.202952,180.88,3.156932,180.18,3.144661,177.54,3.098641,176.84,3.086369,172.44,3.009670
2026-07-22 12:46:26.032,129.067,183.52,3.202952,180.88,3.156932,180.18,3.144661,177.54,3.098641,176.84,3.086369,172.44,3.009670
2026-07-22 12:46:26.066,129.101,183.52,3.202952,180.88,3.156932,180.18,3.144661,177.54,3.098641,176.84,3.086369,172.44,3.009670
2026-07-22 12:46:26.099,129.134,183.52,3.202952,180.88,3.156932,180.18,3.144661,177.54,3.098641,176.84,3.086369,172.44,3.009670
2026-07-22 12:46:26.132,129.167,183.52,3.202952,180.88,3.156932,180.18,3.144661,177.54,3.098641,176.84,3.086369,172.44,3.009670
2026-07-22 12:46:26.167,129.201,183.52,3.202952,180.88,3.156932,180.18,3.144661,177.54,3.098641,176.84,3.086369,172.44,3.009670
2026-07-22 12:46:26.199,129.234,183.52,3.202952,180.88,3.156932,180.18,3.144661,177.54,3.098641,176.84,3.086369,172.44,3.009670
2026-07-22 12:46:26.233,129.267,183.52,3.202952,180.88,3.156932,180.18,3.144661,177.54,3.098641,176.84,3.086369,172.44,3.009670
2026-07-22 12:46:26.267,129.301,183.52,3.202952,180.88,3.156932,180.18,3.144661,177.54,3.098641,176.84,3.086369,172.44,3.009670
2026-07-22 12:46:26.299,129.334,183.52,3.202952,180.88,3.156932,180.18,3.144661,177.54,3.098641,176.84,3.086369,172.44,3.009670
2026-07-22 12:46:26.333,129.367,183.52,3.202952,180.88,3.156932,180.18,3.144661,177.54,3.098641,176.84,3.086369,172.44,3.009670
2026-07-22 12:46:26.367,129.401,183.52,3.202952,180.88,3.156932,180.18,3.144661,177.54,3.098641,176.84,3.086369,172.44,3.009670
2026-07-22 12:46:26.400,129.434,183.52,3.202952,180.88,3.156932,180.18,3.144661,177.54,3.098641,176.84,3.086369,172.44,3.009670
2026-07-22 12:46:26.433,129.468,183.52,3.202952,180.88,3.156932,180.18,3.144661,177.54,3.098641,176.84,3.086369,172.44,3.009670
2026-07-22 12:46:26.465,129.500,183.52,3.202952,180.88,3.156932,180.18,3.144661,177.54,3.098641,176.84,3.086369,172.44,3.009670
2026-07-22 12:46:26.499,129.534,183.52,3.202952,180.88,3.156932,180.18,3.144661,177.54,3.098641,176.84,3.086369,172.44,3.009670
2026-07-22 12:46:26.533,129.567,183.52,3.202952,180.88,3.156932,180.18,3.144661,177.54,3.098641,176.84,3.086369,172.44,3.009670
2026-07-22 12:46:26.570,129.601,183.52,3.202952,180.88,3.156932,180.18,3.144661,177.54,3.098641,176.84,3.086369,172.44,3.009670
2026-07-22 12:46:26.601,129.634,183.52,3.202952,180.88,3.156932,180.18,3.144661,177.54,3.098641,176.84,3.086369,172.44,3.009670
2026-07-22 12:46:26.635,129.667,183.52,3.202952,180.88,3.156932,180.18,3.144661,177.54,3.098641,176.84,3.086369,172.44,3.009670
2026-07-22 12:46:26.666,129.700,183.52,3.202952,180.88,3.156932,180.18,3.144661,177.54,3.098641,176.84,3.086369,172.44,3.009670
2026-07-22 12:46:26.701,129.734,183.52,3.202952,180.88,3.156932,180.18,3.144661,177.54,3.098641,176.84,3.086369,172.44,3.009670
2026-07-22 12:46:26.733,129.767,183.52,3.202952,180.88,3.156932,180.18,3.144661,177.54,3.098641,176.84,3.086369,172.44,3.009670
2026-07-22 12:46:26.767,129.801,183.52,3.202952,180.88,3.156932,180.18,3.144661,177.54,3.098641,176.84,3.086369,172.44,3.009670
2026-07-22 12:46:26.800,129.835,183.52,3.202952,180.88,3.156932,180.18,3.144661,177.54,3.098641,176.84,3.086369,172.44,3.009670
2026-07-22 12:46:26.833,129.868,183.52,3.202952,180.88,3.156932,180.18,3.144661,177.54,3.098641,176.84,3.086369,172.44,3.009670
2026-07-22 12:46:26.866,129.901,183.52,3.202952,180.88,3.156932,180.18,3.144661,177.54,3.098641,176.84,3.086369,172.44,3.009670
2026-07-22 12:46:26.900,129.934,183.52,3.202952,180.88,3.156932,180.18,3.144661,177.54,3.098641,176.84,3.086369,172.44,3.009670
2026-07-22 12:46:26.933,129.967,183.52,3.202952,180.88,3.156932,180.18,3.144661,177.54,3.098641,176.84,3.086369,0.00,0.000000
2026-07-22 12:46:26.966,130.001,183.52,3.202952,180.88,3.156932,180.18,3.144661,177.54,3.098641,176.84,3.086369,172.44,3.009670
2026-07-22 12:46:26.999,130.034,183.52,3.202952,180.88,3.156932,180.18,3.144661,177.54,3.098641,176.84,3.086369,172.44,3.009670
2026-07-22 12:46:27.033,130.067,183.52,3.202952,180.88,3.156932,180.18,3.144661,177.54,3.098641,176.84,3.086369,172.44,3.009670
2026-07-22 12:46:27.066,130.101,183.52,3.202952,180.88,3.156932,180.18,3.144661,177.54,3.098641,176.84,3.086369,172.44,3.009670
2026-07-22 12:46:27.099,130.134,183.52,3.202952,180.88,3.156932,180.18,3.144661,177.54,3.098641,176.84,3.086369,172.44,3.009670
2026-07-22 12:46:27.133,130.168,183.52,3.202952,180.88,3.156932,180.18,3.144661,177.54,3.098641,176.84,3.086369,172.44,3.009670
2026-07-22 12:46:27.166,130.201,183.52,3.202952,180.88,3.156932,180.18,3.144661,177.54,3.098641,176.84,3.086369,172.44,3.009670
2026-07-22 12:46:27.199,130.234,183.52,3.202952,180.88,3.156932,180.18,3.144661,177.54,3.098641,176.84,3.086369,172.44,3.009670
2026-07-22 12:46:27.233,130.268,183.52,3.202952,180.88,3.156932,180.18,3.144661,177.54,3.098641,176.84,3.086369,172.44,3.009670
2026-07-22 12:46:27.267,130.301,183.52,3.202952,180.88,3.156932,180.18,3.144661,177.54,3.098641,176.84,3.086369,172.44,3.009670
2026-07-22 12:46:27.300,130.334,183.52,3.202952,180.88,3.156932,180.18,3.144661,177.54,3.098641,176.84,3.086369,172.44,3.009670
2026-07-22 12:46:27.333,130.368,183.52,3.202952,180.88,3.156932,180.18,3.144661,177.54,3.098641,176.84,3.086369,172.44,3.009670
2026-07-22 12:46:27.366,130.400,183.52,3.202952,180.88,3.156932,180.18,3.144661,177.54,3.098641,176.84,3.086369,172.44,3.009670
2026-07-22 12:46:27.400,130.434,183.52,3.202952,180.88,3.156932,180.18,3.144661,177.54,3.098641,176.84,3.086369,172.44,3.009670
2026-07-22 12:46:27.434,130.468,183.52,3.202952,180.88,3.156932,180.18,3.144661,177.54,3.098641,176.84,3.086369,172.44,3.009670
2026-07-22 12:46:27.466,130.501,183.52,3.202952,180.88,3.156932,180.18,3.144661,177.54,3.098641,176.84,3.086369,172.44,3.009670
2026-07-22 12:46:27.500,130.535,183.52,3.202952,180.88,3.156932,180.18,3.144661,177.54,3.098641,176.84,3.086369,172.44,3.009670
2026-07-22 12:46:27.532,130.567,183.52,3.202952,180.88,3.156932,180.18,3.144661,177.54,3.098641,176.84,3.086369,172.44,3.009670
2026-07-22 12:46:27.566,130.601,183.52,3.202952,180.88,3.156932,180.18,3.144661,177.54,3.098641,176.84,3.086369,172.44,3.009670
2026-07-22 12:46:27.599,130.634,183.52,3.202952,180.88,3.156932,180.18,3.144661,177.54,3.098641,176.84,3.086369,172.44,3.009670
2026-07-22 12:46:27.633,130.667,183.52,3.202952,180.88,3.156932,180.18,3.144661,177.54,3.098641,176.84,3.086369,172.44,3.009670
2026-07-22 12:46:27.667,130.701,183.52,3.202952,180.88,3.156932,180.18,3.144661,177.54,3.098641,176.84,3.086369,172.44,3.009670
2026-07-22 12:46:27.701,130.734,183.52,3.202952,180.88,3.156932,180.18,3.144661,177.54,3.098641,176.84,3.086369,172.44,3.009670
2026-07-22 12:46:27.733,130.768,183.52,3.202952,180.88,3.156932,180.18,3.144661,177.54,3.098641,176.84,3.086369,172.44,3.009670
2026-07-22 12:46:27.766,130.801,183.52,3.202952,180.88,3.156932,180.18,3.144661,177.54,3.098641,176.84,3.086369,172.44,3.009670
2026-07-22 12:46:27.799,130.834,183.52,3.202952,180.88,3.156932,180.18,3.144661,177.54,3.098641,176.84,3.086369,172.44,3.009670
2026-07-22 12:46:27.832,130.867,183.52,3.202952,180.88,3.156932,180.18,3.144661,177.54,3.098641,176.84,3.086369,172.44,3.009670
2026-07-22 12:46:27.866,130.901,183.52,3.202952,180.88,3.156932,180.18,3.144661,177.54,3.098641,176.84,3.086369,172.44,3.009670
2026-07-22 12:46:27.899,130.934,183.52,3.202952,180.88,3.156932,180.18,3.144661,177.54,3.098641,176.84,3.086369,172.44,3.009670
2026-07-22 12:46:27.933,130.968,183.52,3.202952,180.88,3.156932,180.18,3.144661,177.54,3.098641,176.84,3.086369,172.44,3.009670
2026-07-22 12:46:27.965,131.000,183.52,3.202952,180.88,3.156932,180.18,3.144661,177.54,3.098641,176.84,3.086369,172.44,3.009670
2026-07-22 12:46:27.999,131.034,183.52,3.202952,180.88,3.156932,180.18,3.144661,177.54,3.098641,176.84,3.086369,172.44,3.009670
2026-07-22 12:46:28.032,131.068,183.52,3.202952,180.88,3.156932,180.18,3.144661,177.54,3.098641,176.84,3.086369,172.44,3.009670
2026-07-22 12:46:28.065,131.101,183.52,3.202952,180.88,3.156932,180.18,3.144661,177.54,3.098641,176.84,3.086369,172.44,3.009670
2026-07-22 12:46:28.105,131.134,183.52,3.202952,180.88,3.156932,180.18,3.144661,177.54,3.098641,176.84,3.086369,172.44,3.009670
2026-07-22 12:46:28.136,131.168,183.52,3.202952,180.88,3.156932,180.18,3.144661,177.54,3.098641,176.84,3.086369,172.44,3.009670
2026-07-22 12:46:28.169,131.201,183.52,3.202952,180.88,3.156932,180.18,3.144661,177.54,3.098641,176.84,3.086369,172.44,3.009670
2026-07-22 12:46:28.202,131.234,183.52,3.202952,180.88,3.156932,180.18,3.144661,177.54,3.098641,176.84,3.086369,172.44,3.009670
2026-07-22 12:46:28.234,131.267,183.52,3.202952,180.88,3.156932,180.18,3.144661,177.54,3.098641,176.84,3.086369,172.44,3.009670
2026-07-22 12:46:28.268,131.301,183.52,3.202952,180.88,3.156932,180.18,3.144661,177.54,3.098641,176.84,3.086369,172.44,3.009670
2026-07-22 12:46:28.300,131.334,183.52,3.202952,180.88,3.156932,180.18,3.144661,177.54,3.098641,176.84,3.086369,172.44,3.009670
2026-07-22 12:46:28.333,131.367,183.52,3.202952,180.88,3.156932,180.18,3.144661,177.54,3.098641,176.84,3.086369,172.44,3.009670
2026-07-22 12:46:28.366,131.401,183.52,3.202952,180.88,3.156932,180.18,3.144661,177.54,3.098641,176.84,3.086369,172.44,3.009670
2026-07-22 12:46:28.399,131.434,183.52,3.202952,180.88,3.156932,180.18,3.144661,177.54,3.098641,176.84,3.086369,172.44,3.009670
2026-07-22 12:46:28.433,131.467,183.52,3.202952,180.88,3.156932,180.18,3.144661,177.54,3.098641,176.84,3.086369,172.44,3.009670
2026-07-22 12:46:28.466,131.501,183.52,3.202952,180.88,3.156932,180.18,3.144661,177.54,3.098641,176.84,3.086369,172.44,3.009670
2026-07-22 12:46:28.500,131.534,183.52,3.202952,180.88,3.156932,180.18,3.144661,177.54,3.098641,176.84,3.086369,172.44,3.009670
2026-07-22 12:46:28.533,131.568,183.52,3.202952,180.88,3.156932,180.18,3.144661,177.54,3.098641,176.84,3.086369,172.44,3.009670
2026-07-22 12:46:28.566,131.601,183.52,3.202952,180.88,3.156932,180.18,3.144661,177.54,3.098641,176.84,3.086369,172.44,3.009670
2026-07-22 12:46:28.599,131.634,183.52,3.202952,180.88,3.156932,180.18,3.144661,177.54,3.098641,176.84,3.086369,172.44,3.009670
2026-07-22 12:46:28.633,131.668,183.52,3.202952,180.88,3.156932,180.18,3.144661,177.54,3.098641,176.84,3.086369,172.44,3.009670
2026-07-22 12:46:28.666,131.701,183.52,3.202952,180.88,3.156932,180.18,3.144661,177.54,3.098641,176.84,3.086369,172.44,3.009670
2026-07-22 12:46:28.700,131.735,183.52,3.202952,180.88,3.156932,180.18,3.144661,177.54,3.098641,176.84,3.086369,172.44,3.009670
2026-07-22 12:46:28.733,131.767,183.52,3.202952,180.88,3.156932,180.18,3.144661,177.54,3.098641,176.84,3.086369,172.44,3.009670
2026-07-22 12:46:28.766,131.801,183.52,3.202952,180.88,3.156932,180.18,3.144661,177.54,3.098641,176.84,3.086369,172.44,3.009670
2026-07-22 12:46:28.799,131.834,183.52,3.202952,180.88,3.156932,180.18,3.144661,177.54,3.098641,176.84,3.086369,172.44,3.009670
2026-07-22 12:46:28.833,131.868,183.52,3.202952,180.88,3.156932,180.18,3.144661,177.54,3.098641,176.84,3.086369,172.44,3.009670
2026-07-22 12:46:28.867,131.901,183.52,3.202952,180.88,3.156932,180.18,3.144661,177.54,3.098641,176.84,3.086369,172.44,3.009670
2026-07-22 12:46:28.900,131.934,183.52,3.202952,180.88,3.156932,180.18,3.144661,177.54,3.098641,176.84,3.086369,172.44,3.009670
2026-07-22 12:46:28.933,131.968,183.52,3.202952,180.88,3.156932,180.18,3.144661,177.54,3.098641,176.84,3.086369,172.44,3.009670
2026-07-22 12:46:28.968,132.001,183.52,3.202952,180.88,3.156932,180.18,3.144661,177.54,3.098641,176.84,3.086369,172.44,3.009670
2026-07-22 12:46:28.999,132.034,183.52,3.202952,180.88,3.156932,180.18,3.144661,177.54,3.098641,176.84,3.086369,172.44,3.009670
2026-07-22 12:46:29.035,132.068,183.52,3.202952,180.88,3.156932,180.18,3.144661,177.54,3.098641,176.84,3.086369,172.44,3.009670
2026-07-22 12:46:29.066,132.101,183.52,3.202952,180.88,3.156932,180.18,3.144661,177.54,3.098641,176.84,3.086369,172.44,3.009670
2026-07-22 12:46:29.100,132.134,183.52,3.202952,180.88,3.156932,180.18,3.144661,177.54,3.098641,176.84,3.086369,172.44,3.009670
2026-07-22 12:46:29.133,132.167,183.52,3.202952,180.88,3.156932,180.18,3.144661,177.54,3.098641,176.84,3.086369,172.44,3.009670
2026-07-22 12:46:29.166,132.201,183.52,3.202952,180.88,3.156932,180.18,3.144661,177.54,3.098641,176.84,3.086369,172.44,3.009670
2026-07-22 12:46:29.199,132.234,183.52,3.202952,180.88,3.156932,180.18,3.144661,177.54,3.098641,176.84,3.086369,172.44,3.009670
2026-07-22 12:46:29.233,132.267,183.52,3.202952,180.88,3.156932,180.18,3.144661,177.54,3.098641,176.84,3.086369,172.44,3.009670
2026-07-22 12:46:29.265,132.300,183.52,3.202952,180.88,3.156932,180.18,3.144661,177.54,3.098641,176.84,3.086369,172.44,3.009670
2026-07-22 12:46:29.300,132.334,183.52,3.202952,180.88,3.156932,180.18,3.144661,177.54,3.098641,176.84,3.086369,172.44,3.009670
2026-07-22 12:46:29.332,132.367,183.52,3.202952,180.88,3.156932,180.18,3.144661,177.54,3.098641,176.84,3.086369,172.44,3.009670
2026-07-22 12:46:29.366,132.401,183.52,3.202952,180.88,3.156932,180.18,3.144661,177.54,3.098641,176.84,3.086369,172.44,3.009670
2026-07-22 12:46:29.399,132.434,183.52,3.202952,180.88,3.156932,180.18,3.144661,177.54,3.098641,176.84,3.086369,172.44,3.009670
2026-07-22 12:46:29.435,132.467,183.52,3.202952,180.88,3.156932,180.18,3.144661,177.54,3.098641,176.84,3.086369,172.44,3.009670
2026-07-22 12:46:29.466,132.501,183.52,3.202952,180.88,3.156932,180.18,3.144661,177.54,3.098641,176.84,3.086369,172.44,3.009670
2026-07-22 12:46:29.500,132.534,183.52,3.202952,180.88,3.156932,180.18,3.144661,177.54,3.098641,176.84,3.086369,172.44,3.009670
2026-07-22 12:46:29.533,132.568,183.52,3.202952,180.88,3.156932,180.18,3.144661,177.54,3.098641,176.84,3.086369,172.44,3.009670
2026-07-22 12:46:29.565,132.601,183.52,3.202952,180.88,3.156932,180.18,3.144661,177.54,3.098641,176.84,3.086369,172.44,3.009670
2026-07-22 12:46:29.600,132.634,183.52,3.202952,180.88,3.156932,180.18,3.144661,177.54,3.098641,176.84,3.086369,172.44,3.009670
2026-07-22 12:46:29.633,132.667,183.52,3.202952,180.88,3.156932,180.18,3.144661,177.54,3.098641,176.84,3.086369,172.44,3.009670
2026-07-22 12:46:29.666,132.701,183.52,3.202952,180.88,3.156932,180.18,3.144661,177.54,3.098641,176.84,3.086369,172.44,3.009670
2026-07-22 12:46:29.702,132.736,183.52,3.202952,180.88,3.156932,180.18,3.144661,177.54,3.098641,176.84,3.086369,172.44,3.009670
2026-07-22 12:46:29.732,132.767,183.52,3.202952,180.88,3.156932,180.18,3.144661,177.54,3.098641,176.84,3.086369,172.44,3.009670
2026-07-22 12:46:29.770,132.801,183.52,3.202952,180.88,3.156932,180.18,3.144661,177.54,3.098641,176.84,3.086369,172.44,3.009670
2026-07-22 12:46:29.803,132.834,183.52,3.202952,180.88,3.156932,180.18,3.144661,177.54,3.098641,176.84,3.086369,172.44,3.009670
2026-07-22 12:46:29.837,132.869,183.52,3.202952,180.88,3.156932,180.18,3.144661,177.54,3.098641,176.84,3.086369,172.44,3.009670
2026-07-22 12:46:29.868,132.902,183.52,3.202952,180.88,3.156932,180.18,3.144661,177.54,3.098641,176.84,3.086369,172.44,3.009670
2026-07-22 12:46:29.899,132.934,183.52,3.202952,180.88,3.156932,180.18,3.144661,177.54,3.098641,176.84,3.086369,172.44,3.009670
2026-07-22 12:46:29.934,132.968,183.52,3.202952,180.88,3.156932,180.18,3.144661,177.54,3.098641,176.84,3.086369,172.44,3.009670
2026-07-22 12:46:29.968,133.001,183.52,3.202952,180.88,3.156932,180.18,3.144661,177.54,3.098641,176.84,3.086369,172.44,3.009670
2026-07-22 12:46:30.000,133.034,183.52,3.202952,180.88,3.156932,180.18,3.144661,177.54,3.098641,176.84,3.086369,172.44,3.009670
2026-07-22 12:46:30.032,133.067,183.52,3.202952,180.88,3.156932,180.18,3.144661,177.54,3.098641,176.84,3.086369,172.44,3.009670
2026-07-22 12:46:30.066,133.101,183.52,3.202952,180.88,3.156932,180.18,3.144661,177.54,3.098641,176.84,3.086369,172.44,3.009670
2026-07-22 12:46:30.102,133.136,183.52,3.202952,180.88,3.156932,180.18,3.144661,177.54,3.098641,176.84,3.086369,172.44,3.009670
2026-07-22 12:46:30.133,133.168,183.52,3.202952,180.88,3.156932,180.18,3.144661,177.54,3.098641,176.84,3.086369,172.44,3.009670
2026-07-22 12:46:30.166,133.201,183.52,3.202952,180.88,3.156932,180.18,3.144661,177.54,3.098641,176.84,3.086369,172.44,3.009670
2026-07-22 12:46:30.199,133.234,183.52,3.202952,180.88,3.156932,180.18,3.144661,177.54,3.098641,176.84,3.086369,172.44,3.009670
2026-07-22 12:46:30.232,133.268,183.52,3.202952,180.88,3.156932,180.18,3.144661,177.54,3.098641,176.84,3.086369,172.44,3.009670
2026-07-22 12:46:30.266,133.301,183.52,3.202952,180.88,3.156932,180.18,3.144661,177.54,3.098641,176.84,3.086369,172.44,3.009670
2026-07-22 12:46:30.299,133.334,183.52,3.202952,180.88,3.156932,180.18,3.144661,177.54,3.098641,176.84,3.086369,172.44,3.009670
2026-07-22 12:46:30.332,133.367,183.52,3.202952,180.88,3.156932,180.18,3.144661,177.54,3.098641,176.84,3.086369,172.44,3.009670
2026-07-22 12:46:30.366,133.401,183.52,3.202952,180.88,3.156932,180.18,3.144661,177.54,3.098641,176.84,3.086369,172.44,3.009670
2026-07-22 12:46:30.399,133.434,183.52,3.202952,180.88,3.156932,180.18,3.144661,177.54,3.098641,176.84,3.086369,172.44,3.009670
2026-07-22 12:46:30.432,133.467,183.52,3.202952,180.88,3.156932,180.18,3.144661,177.54,3.098641,176.84,3.086369,172.44,3.009670
2026-07-22 12:46:30.466,133.500,183.52,3.202952,180.88,3.156932,180.18,3.144661,177.54,3.098641,176.84,3.086369,172.44,3.009670
2026-07-22 12:46:30.499,133.534,183.52,3.202952,180.88,3.156932,180.18,3.144661,177.54,3.098641,176.84,3.086369,172.44,3.009670
2026-07-22 12:46:30.533,133.567,183.52,3.202952,180.88,3.156932,180.18,3.144661,177.54,3.098641,176.84,3.086369,172.44,3.009670
2026-07-22 12:46:30.569,133.601,183.52,3.202952,180.88,3.156932,180.18,3.144661,177.54,3.098641,176.84,3.086369,172.44,3.009670
2026-07-22 12:46:30.602,133.634,183.52,3.202952,180.88,3.156932,180.18,3.144661,177.54,3.098641,176.84,3.086369,172.44,3.009670
2026-07-22 12:46:30.635,133.667,183.52,3.202952,180.88,3.156932,180.18,3.144661,177.54,3.098641,176.84,3.086369,172.44,3.009670
2026-07-22 12:46:30.671,133.701,183.52,3.202952,180.88,3.156932,180.18,3.144661,177.54,3.098641,176.84,3.086369,172.44,3.009670
2026-07-22 12:46:30.701,133.734,183.52,3.202952,180.88,3.156932,180.18,3.144661,177.54,3.098641,176.84,3.086369,172.44,3.009670
2026-07-22 12:46:30.737,133.768,183.52,3.202952,180.88,3.156932,180.18,3.144661,177.54,3.098641,176.84,3.086369,172.44,3.009670
2026-07-22 12:46:30.767,133.801,183.52,3.202952,180.88,3.156932,180.18,3.144661,177.54,3.098641,176.84,3.086369,172.44,3.009670
2026-07-22 12:46:30.800,133.834,183.52,3.202952,180.88,3.156932,180.18,3.144661,177.54,3.098641,176.84,3.086369,172.44,3.009670
2026-07-22 12:46:30.833,133.867,183.52,3.202952,180.88,3.156932,180.18,3.144661,177.54,3.098641,176.84,3.086369,172.44,3.009670
2026-07-22 12:46:30.867,133.901,183.52,3.202952,180.88,3.156932,180.18,3.144661,177.54,3.098641,176.84,3.086369,172.44,3.009670
2026-07-22 12:46:30.899,133.934,183.52,3.202952,180.88,3.156932,180.18,3.144661,177.54,3.098641,176.84,3.086369,172.44,3.009670
2026-07-22 12:46:30.932,133.967,183.52,3.202952,180.88,3.156932,180.18,3.144661,177.54,3.098641,176.84,3.086369,172.44,3.009670
2026-07-22 12:46:30.966,134.001,183.52,3.202952,180.88,3.156932,180.18,3.144661,177.54,3.098641,176.84,3.086369,172.44,3.009670
2026-07-22 12:46:31.003,134.034,183.52,3.202952,180.88,3.156932,180.18,3.144661,177.54,3.098641,176.84,3.086369,172.44,3.009670
2026-07-22 12:46:31.033,134.067,183.52,3.202952,180.88,3.156932,180.18,3.144661,177.54,3.098641,176.84,3.086369,172.44,3.009670
2026-07-22 12:46:31.066,134.101,183.52,3.202952,180.88,3.156932,180.18,3.144661,177.54,3.098641,176.84,3.086369,172.44,3.009670
2026-07-22 12:46:31.100,134.134,183.52,3.202952,180.88,3.156932,180.18,3.144661,177.54,3.098641,176.84,3.086369,172.44,3.009670
2026-07-22 12:46:31.133,134.168,183.52,3.202952,180.88,3.156932,180.18,3.144661,177.54,3.098641,176.84,3.086369,172.44,3.009670
2026-07-22 12:46:31.165,134.201,183.52,3.202952,180.88,3.156932,180.18,3.144661,177.54,3.098641,176.84,3.086369,172.44,3.009670
2026-07-22 12:46:31.199,134.234,183.52,3.202952,180.88,3.156932,180.18,3.144661,177.54,3.098641,176.84,3.086369,172.44,3.009670
2026-07-22 12:46:31.233,134.267,183.52,3.202952,180.88,3.156932,180.18,3.144661,177.54,3.098641,176.84,3.086369,172.44,3.009670
2026-07-22 12:46:31.266,134.301,183.52,3.202952,180.88,3.156932,180.18,3.144661,177.54,3.098641,176.84,3.086369,172.44,3.009670
2026-07-22 12:46:31.299,134.334,183.52,3.202952,180.88,3.156932,180.18,3.144661,177.54,3.098641,176.84,3.086369,172.44,3.009670
2026-07-22 12:46:31.336,134.367,183.52,3.202952,180.88,3.156932,180.18,3.144661,177.54,3.098641,176.84,3.086369,172.44,3.009670
2026-07-22 12:46:31.368,134.401,183.52,3.202952,180.88,3.156932,180.18,3.144661,177.54,3.098641,176.84,3.086369,172.44,3.009670
2026-07-22 12:46:31.402,134.434,183.52,3.202952,180.88,3.156932,180.18,3.144661,177.54,3.098641,176.84,3.086369,172.44,3.009670
2026-07-22 12:46:31.433,134.467,183.52,3.202952,180.88,3.156932,180.18,3.144661,177.54,3.098641,176.84,3.086369,172.44,3.009670
2026-07-22 12:46:31.466,134.500,183.52,3.202952,180.88,3.156932,180.18,3.144661,177.54,3.098641,176.84,3.086369,172.44,3.009670
2026-07-22 12:46:31.499,134.534,183.52,3.202952,180.88,3.156932,180.18,3.144661,177.54,3.098641,176.84,3.086369,172.44,3.009670
2026-07-22 12:46:31.533,134.568,183.52,3.202952,180.88,3.156932,180.18,3.144661,177.54,3.098641,176.84,3.086369,172.44,3.009670
2026-07-22 12:46:31.565,134.600,183.52,3.202952,180.88,3.156932,180.18,3.144661,177.54,3.098641,176.84,3.086369,172.44,3.009670
2026-07-22 12:46:31.599,134.634,183.52,3.202952,180.88,3.156932,180.18,3.144661,177.54,3.098641,176.84,3.086369,172.44,3.009670
2026-07-22 12:46:31.633,134.667,183.52,3.202952,180.88,3.156932,180.18,3.144661,177.54,3.098641,176.84,3.086369,172.44,3.009670
2026-07-22 12:46:31.667,134.701,183.52,3.202952,180.88,3.156932,180.18,3.144661,177.54,3.098641,176.84,3.086369,172.44,3.009670
2026-07-22 12:46:31.700,134.734,183.52,3.202952,180.88,3.156932,180.18,3.144661,177.54,3.098641,176.84,3.086369,172.44,3.009670
2026-07-22 12:46:31.734,134.768,183.52,3.202952,180.88,3.156932,180.18,3.144661,177.54,3.098641,176.84,3.086369,172.44,3.009670
2026-07-22 12:46:31.766,134.801,183.52,3.202952,180.88,3.156932,180.18,3.144661,177.54,3.098641,176.84,3.086369,172.44,3.009670
2026-07-22 12:46:31.799,134.834,183.52,3.202952,180.88,3.156932,180.18,3.144661,177.54,3.098641,176.84,3.086369,172.44,3.009670
2026-07-22 12:46:31.833,134.867,183.52,3.202952,180.88,3.156932,180.18,3.144661,177.54,3.098641,176.84,3.086369,172.44,3.009670
2026-07-22 12:46:31.866,134.901,183.52,3.202952,180.88,3.156932,180.18,3.144661,177.54,3.098641,176.84,3.086369,172.44,3.009670
2026-07-22 12:46:31.899,134.934,183.52,3.202952,180.88,3.156932,180.18,3.144661,177.54,3.098641,176.84,3.086369,172.44,3.009670
2026-07-22 12:46:31.934,134.967,183.52,3.202952,180.88,3.156932,180.18,3.144661,177.54,3.098641,176.84,3.086369,172.44,3.009670
2026-07-22 12:46:31.967,135.002,183.52,3.202952,180.88,3.156932,180.18,3.144661,177.54,3.098641,176.84,3.086369,172.44,3.009670
2026-07-22 12:46:32.001,135.034,183.52,3.202952,180.88,3.156932,180.18,3.144661,177.54,3.098641,176.84,3.086369,172.44,3.009670
2026-07-22 12:46:32.033,135.067,183.52,3.202952,180.88,3.156932,180.18,3.144661,177.54,3.098641,176.84,3.086369,172.44,3.009670
2026-07-22 12:46:32.066,135.101,183.52,3.202952,180.88,3.156932,180.18,3.144661,177.54,3.098641,176.84,3.086369,172.44,3.009670
2026-07-22 12:46:32.100,135.134,183.52,3.202952,180.88,3.156932,180.18,3.144661,177.54,3.098641,176.84,3.086369,172.44,3.009670
2026-07-22 12:46:32.134,135.168,183.52,3.202952,180.88,3.156932,180.18,3.144661,177.54,3.098641,176.84,3.086369,172.44,3.009670
2026-07-22 12:46:32.166,135.201,183.52,3.202952,180.88,3.156932,180.18,3.144661,177.54,3.098641,176.84,3.086369,172.44,3.009670
2026-07-22 12:46:32.205,135.235,183.52,3.202952,180.88,3.156932,180.18,3.144661,177.54,3.098641,176.84,3.086369,172.44,3.009670
2026-07-22 12:46:32.233,135.268,183.52,3.202952,180.88,3.156932,180.18,3.144661,177.54,3.098641,176.84,3.086369,172.44,3.009670
2026-07-22 12:46:32.268,135.302,183.52,3.202952,180.88,3.156932,180.18,3.144661,177.54,3.098641,176.84,3.086369,172.44,3.009670
2026-07-22 12:46:32.301,135.334,183.52,3.202952,180.88,3.156932,180.18,3.144661,177.54,3.098641,176.84,3.086369,172.44,3.009670
2026-07-22 12:46:32.334,135.368,183.52,3.202952,180.88,3.156932,180.18,3.144661,177.54,3.098641,176.84,3.086369,172.44,3.009670
2026-07-22 12:46:32.365,135.401,183.52,3.202952,180.88,3.156932,180.18,3.144661,177.54,3.098641,176.84,3.086369,172.44,3.009670
2026-07-22 12:46:32.400,135.434,183.52,3.202952,180.88,3.156932,180.18,3.144661,177.54,3.098641,176.84,3.086369,172.44,3.009670
2026-07-22 12:46:32.432,135.468,183.52,3.202952,180.88,3.156932,180.18,3.144661,177.54,3.098641,176.84,3.086369,172.44,3.009670
2026-07-22 12:46:32.466,135.501,183.52,3.202952,180.88,3.156932,180.18,3.144661,177.54,3.098641,176.84,3.086369,172.44,3.009670
2026-07-22 12:46:32.500,135.534,183.52,3.202952,180.88,3.156932,180.18,3.144661,177.54,3.098641,176.84,3.086369,172.44,3.009670
2026-07-22 12:46:32.533,135.567,183.52,3.202952,180.88,3.156932,180.18,3.144661,177.54,3.098641,176.84,3.086369,172.44,3.009670
2026-07-22 12:46:32.566,135.601,183.52,3.202952,180.88,3.156932,180.18,3.144661,177.54,3.098641,176.84,3.086369,172.44,3.009670
2026-07-22 12:46:32.599,135.634,183.52,3.202952,180.88,3.156932,180.18,3.144661,177.54,3.098641,176.84,3.086369,172.44,3.009670
2026-07-22 12:46:32.632,135.668,183.52,3.202952,180.88,3.156932,180.18,3.144661,177.54,3.098641,176.84,3.086369,172.44,3.009670
2026-07-22 12:46:32.666,135.701,183.52,3.202952,180.88,3.156932,180.18,3.144661,177.54,3.098641,176.84,3.086369,172.44,3.009670
2026-07-22 12:46:32.699,135.734,183.52,3.202952,180.88,3.156932,180.18,3.144661,177.54,3.098641,176.84,3.086369,172.44,3.009670
2026-07-22 12:46:32.732,135.767,183.52,3.202952,180.88,3.156932,180.18,3.144661,177.54,3.098641,176.84,3.086369,172.44,3.009670
2026-07-22 12:46:32.765,135.800,183.52,3.202952,180.88,3.156932,180.18,3.144661,177.54,3.098641,176.84,3.086369,172.44,3.009670
2026-07-22 12:46:32.799,135.834,183.52,3.202952,180.88,3.156932,180.18,3.144661,177.54,3.098641,176.84,3.086369,172.44,3.009670
2026-07-22 12:46:32.832,135.867,183.52,3.202952,180.88,3.156932,180.18,3.144661,177.54,3.098641,176.84,3.086369,172.44,3.009670
2026-07-22 12:46:32.866,135.901,183.52,3.202952,180.88,3.156932,180.18,3.144661,177.54,3.098641,176.84,3.086369,172.44,3.009670
2026-07-22 12:46:32.899,135.934,183.52,3.202952,180.88,3.156932,180.18,3.144661,177.54,3.098641,176.84,3.086369,172.44,3.009670
2026-07-22 12:46:32.933,135.968,183.52,3.202952,180.88,3.156932,180.18,3.144661,177.54,3.098641,176.84,3.086369,172.44,3.009670
2026-07-22 12:46:32.968,136.000,183.52,3.202952,180.88,3.156932,180.18,3.144661,177.54,3.098641,176.84,3.086369,172.44,3.009670
2026-07-22 12:46:33.002,136.034,183.52,3.202952,180.88,3.156932,180.18,3.144661,177.54,3.098641,176.84,3.086369,172.44,3.009670
2026-07-22 12:46:33.034,136.067,183.52,3.202952,180.88,3.156932,180.18,3.144661,177.54,3.098641,176.84,3.086369,172.44,3.009670
2026-07-22 12:46:33.067,136.101,183.52,3.202952,180.88,3.156932,180.18,3.144661,177.54,3.098641,176.84,3.086369,172.44,3.009670
2026-07-22 12:46:33.101,136.136,183.52,3.202952,180.88,3.156932,180.18,3.144661,177.54,3.098641,176.84,3.086369,172.44,3.009670
2026-07-22 12:46:33.134,136.168,183.52,3.202952,180.88,3.156932,180.18,3.144661,177.54,3.098641,176.84,3.086369,172.44,3.009670
2026-07-22 12:46:33.167,136.201,183.52,3.202952,180.88,3.156932,180.18,3.144661,177.54,3.098641,176.84,3.086369,172.44,3.009670
2026-07-22 12:46:33.199,136.234,183.52,3.202952,180.88,3.156932,180.18,3.144661,177.54,3.098641,176.84,3.086369,172.44,3.009670
2026-07-22 12:46:33.233,136.267,183.52,3.202952,180.88,3.156932,180.18,3.144661,177.54,3.098641,176.84,3.086369,172.44,3.009670
2026-07-22 12:46:33.266,136.301,183.52,3.202952,180.88,3.156932,180.18,3.144661,177.54,3.098641,176.84,3.086369,172.44,3.009670
2026-07-22 12:46:33.299,136.334,183.52,3.202952,180.88,3.156932,180.18,3.144661,177.54,3.098641,176.84,3.086369,172.44,3.009670
2026-07-22 12:46:33.333,136.367,183.52,3.202952,180.88,3.156932,180.18,3.144661,177.54,3.098641,176.84,3.086369,172.44,3.009670
2026-07-22 12:46:33.366,136.401,183.52,3.202952,180.88,3.156932,180.18,3.144661,177.54,3.098641,176.84,3.086369,172.44,3.009670
2026-07-22 12:46:33.400,136.434,183.52,3.202952,180.88,3.156932,180.18,3.144661,177.54,3.098641,176.84,3.086369,172.44,3.009670
2026-07-22 12:46:33.433,136.468,183.52,3.202952,180.88,3.156932,180.18,3.144661,177.54,3.098641,176.84,3.086369,172.44,3.009670
2026-07-22 12:46:33.468,136.501,183.52,3.202952,180.88,3.156932,180.18,3.144661,177.54,3.098641,176.84,3.086369,172.44,3.009670
2026-07-22 12:46:33.499,136.534,183.52,3.202952,180.88,3.156932,180.18,3.144661,177.54,3.098641,176.84,3.086369,172.44,3.009670
2026-07-22 12:46:33.534,136.568,183.52,3.202952,180.88,3.156932,180.18,3.144661,177.54,3.098641,176.84,3.086369,172.44,3.009670
2026-07-22 12:46:33.566,136.601,183.52,3.202952,180.88,3.156932,180.18,3.144661,177.54,3.098641,176.84,3.086369,172.44,3.009670
2026-07-22 12:46:33.600,136.634,183.52,3.202952,180.88,3.156932,180.18,3.144661,177.54,3.098641,176.84,3.086369,172.44,3.009670
2026-07-22 12:46:33.634,136.668,183.52,3.202952,180.88,3.156932,180.18,3.144661,177.54,3.098641,176.84,3.086369,172.44,3.009670
2026-07-22 12:46:33.667,136.701,183.52,3.202952,180.88,3.156932,180.18,3.144661,177.54,3.098641,176.84,3.086369,172.44,3.009670
2026-07-22 12:46:33.699,136.734,183.52,3.202952,180.88,3.156932,180.18,3.144661,177.54,3.098641,176.84,3.086369,172.44,3.009670
2026-07-22 12:46:33.737,136.767,183.52,3.202952,180.88,3.156932,180.18,3.144661,177.54,3.098641,176.84,3.086369,172.44,3.009670
2026-07-22 12:46:33.769,136.801,183.52,3.202952,180.88,3.156932,180.18,3.144661,177.54,3.098641,176.84,3.086369,172.44,3.009670
2026-07-22 12:46:33.803,136.834,183.52,3.202952,180.88,3.156932,180.18,3.144661,177.54,3.098641,176.84,3.086369,172.44,3.009670
2026-07-22 12:46:33.834,136.867,183.52,3.202952,180.88,3.156932,180.18,3.144661,177.54,3.098641,176.84,3.086369,172.44,3.009670
2026-07-22 12:46:33.869,136.901,183.52,3.202952,180.88,3.156932,180.18,3.144661,177.54,3.098641,176.84,3.086369,172.44,3.009670
2026-07-22 12:46:33.900,136.934,183.52,3.202952,180.88,3.156932,180.18,3.144661,177.54,3.098641,176.84,3.086369,172.44,3.009670
2026-07-22 12:46:33.933,136.967,183.52,3.202952,180.88,3.156932,180.18,3.144661,177.54,3.098641,176.84,3.086369,172.44,3.009670
2026-07-22 12:46:33.966,137.001,183.52,3.202952,180.88,3.156932,180.18,3.144661,177.54,3.098641,176.84,3.086369,172.44,3.009670
2026-07-22 12:46:34.000,137.034,183.52,3.202952,180.88,3.156932,180.18,3.144661,177.54,3.098641,176.84,3.086369,172.44,3.009670
2026-07-22 12:46:34.033,137.068,183.52,3.202952,180.88,3.156932,180.18,3.144661,177.54,3.098641,176.84,3.086369,172.44,3.009670
2026-07-22 12:46:34.067,137.101,183.52,3.202952,180.88,3.156932,180.18,3.144661,177.54,3.098641,176.84,3.086369,172.44,3.009670
2026-07-22 12:46:34.099,137.134,183.52,3.202952,180.88,3.156932,180.18,3.144661,177.54,3.098641,176.84,3.086369,172.44,3.009670
2026-07-22 12:46:34.133,137.167,183.52,3.202952,180.88,3.156932,180.18,3.144661,177.54,3.098641,176.84,3.086369,172.44,3.009670
2026-07-22 12:46:34.167,137.201,183.52,3.202952,180.88,3.156932,180.18,3.144661,177.54,3.098641,176.84,3.086369,172.44,3.009670
2026-07-22 12:46:34.199,137.234,183.52,3.202952,180.88,3.156932,180.18,3.144661,177.54,3.098641,176.84,3.086369,172.44,3.009670
2026-07-22 12:46:34.233,137.267,183.52,3.202952,180.88,3.156932,180.18,3.144661,177.54,3.098641,176.84,3.086369,172.44,3.009670
2026-07-22 12:46:34.266,137.301,183.52,3.202952,180.88,3.156932,180.18,3.144661,177.54,3.098641,176.84,3.086369,172.44,3.009670
2026-07-22 12:46:34.300,137.334,183.52,3.202952,180.88,3.156932,180.18,3.144661,177.54,3.098641,176.84,3.086369,172.44,3.009670
2026-07-22 12:46:34.334,137.367,183.52,3.202952,180.88,3.156932,180.18,3.144661,177.54,3.098641,176.84,3.086369,172.44,3.009670
2026-07-22 12:46:34.366,137.401,183.52,3.202952,180.88,3.156932,180.18,3.144661,177.54,3.098641,176.84,3.086369,172.44,3.009670
2026-07-22 12:46:34.400,137.434,183.52,3.202952,180.88,3.156932,180.18,3.144661,177.54,3.098641,176.84,3.086369,172.44,3.009670
2026-07-22 12:46:34.433,137.467,183.52,3.202952,180.88,3.156932,180.18,3.144661,177.54,3.098641,176.84,3.086369,172.44,3.009670
2026-07-22 12:46:34.466,137.501,183.52,3.202952,180.88,3.156932,180.18,3.144661,177.54,3.098641,176.84,3.086369,172.44,3.009670
2026-07-22 12:46:34.500,137.534,183.52,3.202952,180.88,3.156932,180.18,3.144661,177.54,3.098641,176.84,3.086369,172.44,3.009670
2026-07-22 12:46:34.533,137.567,183.52,3.202952,180.88,3.156932,180.18,3.144661,177.54,3.098641,176.84,3.086369,172.44,3.009670
2026-07-22 12:46:34.569,137.601,183.52,3.202952,180.88,3.156932,180.18,3.144661,177.54,3.098641,176.84,3.086369,172.44,3.009670
2026-07-22 12:46:34.602,137.634,183.52,3.202952,180.88,3.156932,180.18,3.144661,177.54,3.098641,176.84,3.086369,172.44,3.009670
2026-07-22 12:46:34.634,137.667,183.52,3.202952,180.88,3.156932,180.18,3.144661,177.54,3.098641,176.84,3.086369,172.44,3.009670
2026-07-22 12:46:34.669,137.703,183.52,3.202952,180.88,3.156932,180.18,3.144661,177.54,3.098641,176.84,3.086369,172.44,3.009670
2026-07-22 12:46:34.701,137.735,183.52,3.202952,180.88,3.156932,180.18,3.144661,177.54,3.098641,176.84,3.086369,172.44,3.009670
2026-07-22 12:46:34.734,137.768,183.52,3.202952,180.88,3.156932,180.18,3.144661,177.54,3.098641,176.84,3.086369,172.44,3.009670
2026-07-22 12:46:34.769,137.801,183.52,3.202952,180.88,3.156932,180.18,3.144661,177.54,3.098641,176.84,3.086369,172.44,3.009670
2026-07-22 12:46:34.801,137.834,183.52,3.202952,180.88,3.156932,180.18,3.144661,177.54,3.098641,176.84,3.086369,172.44,3.009670
2026-07-22 12:46:34.833,137.868,183.52,3.202952,180.88,3.156932,180.18,3.144661,177.54,3.098641,176.84,3.086369,172.44,3.009670
2026-07-22 12:46:34.866,137.901,183.52,3.202952,180.88,3.156932,180.18,3.144661,177.54,3.098641,176.84,3.086369,172.44,3.009670
2026-07-22 12:46:34.899,137.934,183.52,3.202952,180.88,3.156932,180.18,3.144661,177.54,3.098641,176.84,3.086369,172.44,3.009670
2026-07-22 12:46:34.933,137.968,183.52,3.202952,180.88,3.156932,180.18,3.144661,177.54,3.098641,176.84,3.086369,172.44,3.009670
2026-07-22 12:46:34.966,138.001,183.52,3.202952,180.88,3.156932,180.18,3.144661,177.54,3.098641,176.84,3.086369,172.44,3.009670
2026-07-22 12:46:35.000,138.034,183.52,3.202952,180.88,3.156932,180.18,3.144661,177.54,3.098641,176.84,3.086369,172.44,3.009670
2026-07-22 12:46:35.034,138.068,183.52,3.202952,180.88,3.156932,180.18,3.144661,177.54,3.098641,176.84,3.086369,172.44,3.009670
2026-07-22 12:46:35.066,138.101,183.52,3.202952,180.88,3.156932,180.18,3.144661,177.54,3.098641,176.84,3.086369,172.44,3.009670
2026-07-22 12:46:35.099,138.134,183.52,3.202952,180.88,3.156932,180.18,3.144661,177.54,3.098641,176.84,3.086369,172.44,3.009670
2026-07-22 12:46:35.132,138.167,183.52,3.202952,180.88,3.156932,180.18,3.144661,177.54,3.098641,176.84,3.086369,172.44,3.009670
2026-07-22 12:46:35.166,138.201,183.52,3.202952,180.88,3.156932,180.18,3.144661,177.54,3.098641,176.84,3.086369,172.44,3.009670
2026-07-22 12:46:35.199,138.234,183.52,3.202952,180.88,3.156932,180.18,3.144661,177.54,3.098641,176.84,3.086369,172.44,3.009670
2026-07-22 12:46:35.234,138.267,183.52,3.202952,180.88,3.156932,180.18,3.144661,177.54,3.098641,176.84,3.086369,172.44,3.009670
2026-07-22 12:46:35.267,138.301,183.52,3.202952,180.88,3.156932,180.18,3.144661,177.54,3.098641,176.84,3.086369,172.44,3.009670
2026-07-22 12:46:35.306,138.335,183.52,3.202952,180.88,3.156932,180.18,3.144661,177.54,3.098641,176.84,3.086369,172.44,3.009670
2026-07-22 12:46:35.332,138.367,183.52,3.202952,180.88,3.156932,180.18,3.144661,177.54,3.098641,176.84,3.086369,172.44,3.009670
2026-07-22 12:46:35.367,138.401,183.52,3.202952,180.88,3.156932,180.18,3.144661,177.54,3.098641,176.84,3.086369,172.44,3.009670
2026-07-22 12:46:35.401,138.434,183.52,3.202952,180.88,3.156932,180.18,3.144661,177.54,3.098641,176.84,3.086369,172.44,3.009670
2026-07-22 12:46:35.437,138.469,183.52,3.202952,180.88,3.156932,180.18,3.144661,177.54,3.098641,176.84,3.086369,172.44,3.009670
2026-07-22 12:46:35.468,138.501,183.52,3.202952,180.88,3.156932,180.18,3.144661,177.54,3.098641,176.84,3.086369,172.44,3.009670
2026-07-22 12:46:35.499,138.534,183.52,3.202952,180.88,3.156932,180.18,3.144661,177.54,3.098641,176.84,3.086369,172.44,3.009670
2026-07-22 12:46:35.533,138.568,183.52,3.202952,180.88,3.156932,180.18,3.144661,177.54,3.098641,176.84,3.086369,172.44,3.009670
2026-07-22 12:46:35.566,138.601,183.52,3.202952,180.88,3.156932,180.18,3.144661,177.54,3.098641,176.84,3.086369,172.44,3.009670
2026-07-22 12:46:35.601,138.635,183.52,3.202952,180.88,3.156932,180.18,3.144661,177.54,3.098641,176.84,3.086369,172.44,3.009670
2026-07-22 12:46:35.633,138.667,183.52,3.202952,180.88,3.156932,180.18,3.144661,177.54,3.098641,176.84,3.086369,172.44,3.009670
2026-07-22 12:46:35.666,138.701,183.52,3.202952,180.88,3.156932,180.18,3.144661,177.54,3.098641,176.84,3.086369,172.44,3.009670
2026-07-22 12:46:35.699,138.734,183.52,3.202952,180.88,3.156932,180.18,3.144661,177.54,3.098641,176.84,3.086369,172.44,3.009670
2026-07-22 12:46:35.733,138.767,183.52,3.202952,180.88,3.156932,180.18,3.144661,177.54,3.098641,176.84,3.086369,172.44,3.009670
2026-07-22 12:46:35.766,138.801,183.52,3.202952,180.88,3.156932,180.18,3.144661,177.54,3.098641,176.84,3.086369,172.44,3.009670
2026-07-22 12:46:35.799,138.834,183.52,3.202952,180.88,3.156932,180.18,3.144661,177.54,3.098641,176.84,3.086369,172.44,3.009670
2026-07-22 12:46:35.834,138.868,183.52,3.202952,180.88,3.156932,180.18,3.144661,177.54,3.098641,176.84,3.086369,172.44,3.009670
2026-07-22 12:46:35.866,138.901,183.52,3.202952,180.88,3.156932,180.18,3.144661,177.54,3.098641,176.84,3.086369,172.44,3.009670
2026-07-22 12:46:35.900,138.934,183.52,3.202952,180.88,3.156932,180.18,3.144661,177.54,3.098641,176.84,3.086369,172.44,3.009670
2026-07-22 12:46:35.933,138.968,183.52,3.202952,180.88,3.156932,180.18,3.144661,177.54,3.098641,176.84,3.086369,172.44,3.009670
2026-07-22 12:46:35.966,139.001,183.52,3.202952,180.88,3.156932,180.18,3.144661,177.54,3.098641,176.84,3.086369,172.44,3.009670
2026-07-22 12:46:35.999,139.034,183.52,3.202952,180.88,3.156932,180.18,3.144661,177.54,3.098641,176.84,3.086369,172.44,3.009670
2026-07-22 12:46:36.033,139.068,183.52,3.202952,180.88,3.156932,180.18,3.144661,177.54,3.098641,176.84,3.086369,172.44,3.009670
2026-07-22 12:46:36.066,139.101,183.52,3.202952,180.88,3.156932,180.18,3.144661,177.54,3.098641,176.84,3.086369,172.44,3.009670
2026-07-22 12:46:36.099,139.134,183.52,3.202952,180.88,3.156932,180.18,3.144661,177.54,3.098641,176.84,3.086369,172.44,3.009670
2026-07-22 12:46:36.136,139.168,183.52,3.202952,180.88,3.156932,180.18,3.144661,177.54,3.098641,176.84,3.086369,172.44,3.009670
2026-07-22 12:46:36.168,139.200,183.52,3.202952,180.88,3.156932,180.18,3.144661,177.54,3.098641,176.84,3.086369,172.44,3.009670
2026-07-22 12:46:36.202,139.234,183.52,3.202952,180.88,3.156932,180.18,3.144661,177.54,3.098641,176.84,3.086369,172.44,3.009670
2026-07-22 12:46:36.237,139.267,183.52,3.202952,180.88,3.156932,180.18,3.144661,177.54,3.098641,176.84,3.086369,172.44,3.009670
2026-07-22 12:46:36.268,139.302,183.52,3.202952,180.88,3.156932,180.18,3.144661,177.54,3.098641,176.84,3.086369,172.44,3.009670
2026-07-22 12:46:36.300,139.334,183.52,3.202952,180.88,3.156932,180.18,3.144661,177.54,3.098641,176.84,3.086369,172.44,3.009670
2026-07-22 12:46:36.332,139.367,183.52,3.202952,180.88,3.156932,180.18,3.144661,177.54,3.098641,176.84,3.086369,172.44,3.009670
2026-07-22 12:46:36.368,139.401,183.52,3.202952,180.88,3.156932,180.18,3.144661,177.54,3.098641,176.84,3.086369,172.44,3.009670
2026-07-22 12:46:36.401,139.434,183.52,3.202952,180.88,3.156932,180.18,3.144661,177.54,3.098641,176.84,3.086369,172.44,3.009670
2026-07-22 12:46:36.432,139.467,183.52,3.202952,180.88,3.156932,180.18,3.144661,177.54,3.098641,176.84,3.086369,172.44,3.009670
2026-07-22 12:46:36.466,139.501,183.52,3.202952,180.88,3.156932,180.18,3.144661,177.54,3.098641,176.84,3.086369,172.44,3.009670
2026-07-22 12:46:36.499,139.534,183.52,3.202952,180.88,3.156932,180.18,3.144661,177.54,3.098641,176.84,3.086369,172.44,3.009670
2026-07-22 12:46:36.533,139.568,183.52,3.202952,180.88,3.156932,180.18,3.144661,177.54,3.098641,176.84,3.086369,172.44,3.009670
2026-07-22 12:46:36.566,139.601,183.52,3.202952,180.88,3.156932,180.18,3.144661,177.54,3.098641,176.84,3.086369,172.44,3.009670
2026-07-22 12:46:36.600,139.634,183.52,3.202952,180.88,3.156932,180.18,3.144661,177.54,3.098641,176.84,3.086369,172.44,3.009670
2026-07-22 12:46:36.634,139.668,183.52,3.202952,180.88,3.156932,180.18,3.144661,177.54,3.098641,176.84,3.086369,172.44,3.009670
2026-07-22 12:46:36.666,139.701,183.52,3.202952,180.88,3.156932,180.18,3.144661,177.54,3.098641,176.84,3.086369,172.44,3.009670
2026-07-22 12:46:36.699,139.734,183.52,3.202952,180.88,3.156932,180.18,3.144661,177.54,3.098641,176.84,3.086369,172.44,3.009670
2026-07-22 12:46:36.733,139.768,183.52,3.202952,180.88,3.156932,180.18,3.144661,177.54,3.098641,176.84,3.086369,172.44,3.009670
2026-07-22 12:46:36.767,139.801,183.52,3.202952,180.88,3.156932,180.18,3.144661,177.54,3.098641,176.84,3.086369,172.44,3.009670
2026-07-22 12:46:36.799,139.834,183.52,3.202952,180.88,3.156932,180.18,3.144661,177.54,3.098641,176.84,3.086369,172.44,3.009670
2026-07-22 12:46:36.833,139.867,183.52,3.202952,180.88,3.156932,180.18,3.144661,177.54,3.098641,176.84,3.086369,172.44,3.009670
2026-07-22 12:46:36.866,139.901,183.52,3.202952,180.88,3.156932,180.18,3.144661,177.54,3.098641,176.84,3.086369,172.44,3.009670
2026-07-22 12:46:36.899,139.934,183.52,3.202952,180.88,3.156932,180.18,3.144661,177.54,3.098641,176.84,3.086369,172.44,3.009670
2026-07-22 12:46:36.933,139.968,183.52,3.202952,180.88,3.156932,180.18,3.144661,177.54,3.098641,176.84,3.086369,172.44,3.009670
2026-07-22 12:46:36.968,140.001,183.52,3.202952,180.88,3.156932,180.18,3.144661,177.54,3.098641,176.84,3.086369,172.44,3.009670
2026-07-22 12:46:37.003,140.034,183.52,3.202952,180.88,3.156932,180.18,3.144661,177.54,3.098641,176.84,3.086369,172.44,3.009670
2026-07-22 12:46:37.033,140.067,183.52,3.202952,180.88,3.156932,180.18,3.144661,177.54,3.098641,176.84,3.086369,172.44,3.009670
2026-07-22 12:46:37.067,140.102,183.52,3.202952,180.88,3.156932,180.18,3.144661,177.54,3.098641,176.84,3.086369,172.44,3.009670
2026-07-22 12:46:37.100,140.134,183.52,3.202952,180.88,3.156932,180.18,3.144661,177.54,3.098641,176.84,3.086369,172.44,3.009670
2026-07-22 12:46:37.133,140.167,183.52,3.202952,180.88,3.156932,180.18,3.144661,177.54,3.098641,176.84,3.086369,172.44,3.009670
2026-07-22 12:46:37.168,140.201,183.52,3.202952,180.88,3.156932,180.18,3.144661,177.54,3.098641,176.84,3.086369,172.44,3.009670
2026-07-22 12:46:37.199,140.234,183.52,3.202952,180.88,3.156932,180.18,3.144661,177.54,3.098641,176.84,3.086369,172.44,3.009670
2026-07-22 12:46:37.234,140.267,183.52,3.202952,180.88,3.156932,180.18,3.144661,177.54,3.098641,176.84,3.086369,172.44,3.009670
2026-07-22 12:46:37.266,140.301,183.52,3.202952,180.88,3.156932,180.18,3.144661,177.54,3.098641,176.84,3.086369,172.44,3.009670
2026-07-22 12:46:37.299,140.334,183.52,3.202952,180.88,3.156932,180.18,3.144661,177.54,3.098641,176.84,3.086369,172.44,3.009670
2026-07-22 12:46:37.333,140.367,183.52,3.202952,180.88,3.156932,180.18,3.144661,177.54,3.098641,176.84,3.086369,172.44,3.009670
2026-07-22 12:46:37.366,140.401,183.52,3.202952,180.88,3.156932,180.18,3.144661,177.54,3.098641,176.84,3.086369,172.44,3.009670
2026-07-22 12:46:37.400,140.434,183.52,3.202952,180.88,3.156932,180.18,3.144661,177.54,3.098641,176.84,3.086369,172.44,3.009670
2026-07-22 12:46:37.433,140.467,183.52,3.202952,180.88,3.156932,180.18,3.144661,177.54,3.098641,176.84,3.086369,172.44,3.009670
2026-07-22 12:46:37.466,140.501,183.52,3.202952,180.88,3.156932,180.18,3.144661,177.54,3.098641,176.84,3.086369,172.44,3.009670
2026-07-22 12:46:37.499,140.534,183.52,3.202952,180.88,3.156932,180.18,3.144661,177.54,3.098641,176.84,3.086369,172.44,3.009670
2026-07-22 12:46:37.533,140.567,183.52,3.202952,180.88,3.156932,180.18,3.144661,177.54,3.098641,176.84,3.086369,172.44,3.009670
2026-07-22 12:46:37.566,140.601,183.52,3.202952,180.88,3.156932,180.18,3.144661,177.54,3.098641,176.84,3.086369,172.44,3.009670
2026-07-22 12:46:37.600,140.634,183.52,3.202952,180.88,3.156932,180.18,3.144661,177.54,3.098641,176.84,3.086369,172.44,3.009670
2026-07-22 12:46:37.633,140.667,183.52,3.202952,180.88,3.156932,180.18,3.144661,177.54,3.098641,176.84,3.086369,172.44,3.009670
2026-07-22 12:46:37.666,140.701,183.52,3.202952,180.88,3.156932,180.18,3.144661,177.54,3.098641,176.84,3.086369,172.44,3.009670
2026-07-22 12:46:37.702,140.734,183.52,3.202952,180.88,3.156932,180.18,3.144661,177.54,3.098641,176.84,3.086369,172.44,3.009670
2026-07-22 12:46:37.732,140.767,183.52,3.202952,180.88,3.156932,180.18,3.144661,177.54,3.098641,176.84,3.086369,172.44,3.009670
2026-07-22 12:46:37.768,140.801,183.52,3.202952,180.88,3.156932,180.18,3.144661,177.54,3.098641,176.84,3.086369,172.44,3.009670
2026-07-22 12:46:37.801,140.834,183.52,3.202952,180.88,3.156932,180.18,3.144661,177.54,3.098641,176.84,3.086369,172.44,3.009670
2026-07-22 12:46:37.835,140.868,183.52,3.202952,180.88,3.156932,180.18,3.144661,177.54,3.098641,176.84,3.086369,172.44,3.009670
2026-07-22 12:46:37.867,140.901,183.52,3.202952,180.88,3.156932,180.18,3.144661,177.54,3.098641,176.84,3.086369,172.44,3.009670
2026-07-22 12:46:37.901,140.934,183.52,3.202952,180.88,3.156932,180.18,3.144661,177.54,3.098641,176.84,3.086369,172.44,3.009670
2026-07-22 12:46:37.934,140.967,183.52,3.202952,180.88,3.156932,180.18,3.144661,177.54,3.098641,176.84,3.086369,172.44,3.009670
2026-07-22 12:46:37.966,141.001,183.52,3.202952,180.88,3.156932,180.18,3.144661,177.54,3.098641,176.84,3.086369,172.44,3.009670
2026-07-22 12:46:38.001,141.034,183.52,3.202952,180.88,3.156932,180.18,3.144661,177.54,3.098641,176.84,3.086369,172.44,3.009670
2026-07-22 12:46:38.033,141.068,183.52,3.202952,180.88,3.156932,180.18,3.144661,177.54,3.098641,176.84,3.086369,172.44,3.009670
2026-07-22 12:46:38.066,141.101,183.52,3.202952,180.88,3.156932,180.18,3.144661,177.54,3.098641,176.84,3.086369,172.44,3.009670
2026-07-22 12:46:38.099,141.134,183.52,3.202952,180.88,3.156932,180.18,3.144661,177.54,3.098641,176.84,3.086369,172.44,3.009670
2026-07-22 12:46:38.134,141.167,183.52,3.202952,180.88,3.156932,180.18,3.144661,177.54,3.098641,176.84,3.086369,172.44,3.009670
2026-07-22 12:46:38.168,141.201,183.52,3.202952,180.88,3.156932,180.18,3.144661,177.54,3.098641,176.84,3.086369,172.44,3.009670
2026-07-22 12:46:38.200,141.234,183.52,3.202952,180.88,3.156932,180.18,3.144661,177.54,3.098641,176.84,3.086369,172.44,3.009670
2026-07-22 12:46:38.232,141.268,183.52,3.202952,180.88,3.156932,180.18,3.144661,177.54,3.098641,176.84,3.086369,172.44,3.009670
2026-07-22 12:46:38.266,141.301,183.52,3.202952,180.88,3.156932,180.18,3.144661,177.54,3.098641,176.84,3.086369,172.44,3.009670
2026-07-22 12:46:38.299,141.334,183.52,3.202952,180.88,3.156932,180.18,3.144661,177.54,3.098641,176.84,3.086369,172.44,3.009670
2026-07-22 12:46:38.332,141.367,183.52,3.202952,180.88,3.156932,180.18,3.144661,177.54,3.098641,176.84,3.086369,172.44,3.009670
2026-07-22 12:46:38.366,141.401,183.52,3.202952,180.88,3.156932,180.18,3.144661,177.54,3.098641,176.84,3.086369,172.44,3.009670
2026-07-22 12:46:38.399,141.434,183.52,3.202952,180.88,3.156932,180.18,3.144661,177.54,3.098641,176.84,3.086369,172.44,3.009670
2026-07-22 12:46:38.433,141.468,183.52,3.202952,180.88,3.156932,180.18,3.144661,177.54,3.098641,176.84,3.086369,172.44,3.009670
2026-07-22 12:46:38.466,141.501,183.52,3.202952,180.88,3.156932,180.18,3.144661,177.54,3.098641,176.84,3.086369,172.44,3.009670
2026-07-22 12:46:38.500,141.534,183.52,3.202952,180.88,3.156932,180.18,3.144661,177.54,3.098641,176.84,3.086369,172.44,3.009670
2026-07-22 12:46:38.535,141.567,183.52,3.202952,180.88,3.156932,180.18,3.144661,177.54,3.098641,176.84,3.086369,172.44,3.009670
2026-07-22 12:46:38.566,141.600,183.52,3.202952,180.88,3.156932,180.18,3.144661,177.54,3.098641,176.84,3.086369,172.44,3.009670
2026-07-22 12:46:38.601,141.635,183.52,3.202952,180.88,3.156932,180.18,3.144661,177.54,3.098641,176.84,3.086369,172.44,3.009670
2026-07-22 12:46:38.634,141.667,183.52,3.202952,180.88,3.156932,180.18,3.144661,177.54,3.098641,176.84,3.086369,172.44,3.009670
2026-07-22 12:46:38.666,141.701,183.52,3.202952,180.88,3.156932,180.18,3.144661,177.54,3.098641,176.84,3.086369,172.44,3.009670
2026-07-22 12:46:38.700,141.734,183.52,3.202952,180.88,3.156932,180.18,3.144661,177.54,3.098641,176.84,3.086369,172.44,3.009670
2026-07-22 12:46:38.733,141.768,183.52,3.202952,180.88,3.156932,180.18,3.144661,177.54,3.098641,176.84,3.086369,172.44,3.009670
2026-07-22 12:46:38.766,141.801,183.52,3.202952,180.88,3.156932,180.18,3.144661,177.54,3.098641,176.84,3.086369,172.44,3.009670
2026-07-22 12:46:38.799,141.834,183.52,3.202952,180.88,3.156932,180.18,3.144661,177.54,3.098641,176.84,3.086369,172.44,3.009670
2026-07-22 12:46:38.833,141.867,183.52,3.202952,180.88,3.156932,180.18,3.144661,177.54,3.098641,176.84,3.086369,172.44,3.009670
2026-07-22 12:46:38.866,141.901,183.52,3.202952,180.88,3.156932,180.18,3.144661,177.54,3.098641,176.84,3.086369,172.44,3.009670
2026-07-22 12:46:38.899,141.934,183.52,3.202952,180.88,3.156932,180.18,3.144661,177.54,3.098641,176.84,3.086369,172.44,3.009670
2026-07-22 12:46:38.932,141.967,183.52,3.202952,180.88,3.156932,180.18,3.144661,177.54,3.098641,176.84,3.086369,172.44,3.009670
2026-07-22 12:46:38.966,142.001,183.52,3.202952,180.88,3.156932,180.18,3.144661,177.54,3.098641,176.84,3.086369,172.44,3.009670
2026-07-22 12:46:39.000,142.034,183.52,3.202952,180.88,3.156932,180.18,3.144661,177.54,3.098641,176.84,3.086369,172.44,3.009670
2026-07-22 12:46:39.033,142.068,183.52,3.202952,180.88,3.156932,180.18,3.144661,177.54,3.098641,176.84,3.086369,172.44,3.009670
2026-07-22 12:46:39.066,142.101,183.52,3.202952,180.88,3.156932,180.18,3.144661,177.54,3.098641,176.84,3.086369,172.44,3.009670
2026-07-22 12:46:39.100,142.134,183.52,3.202952,180.88,3.156932,180.18,3.144661,177.54,3.098641,176.84,3.086369,172.44,3.009670
2026-07-22 12:46:39.133,142.167,183.52,3.202952,180.88,3.156932,180.18,3.144661,177.54,3.098641,176.84,3.086369,172.44,3.009670
2026-07-22 12:46:39.168,142.201,183.52,3.202952,180.88,3.156932,180.18,3.144661,177.54,3.098641,176.84,3.086369,172.44,3.009670
2026-07-22 12:46:39.200,142.234,183.52,3.202952,180.88,3.156932,180.18,3.144661,177.54,3.098641,176.84,3.086369,172.44,3.009670
2026-07-22 12:46:39.232,142.267,183.52,3.202952,180.88,3.156932,180.18,3.144661,177.54,3.098641,176.84,3.086369,172.44,3.009670
2026-07-22 12:46:39.266,142.301,183.52,3.202952,180.88,3.156932,180.18,3.144661,177.54,3.098641,176.84,3.086369,172.44,3.009670
2026-07-22 12:46:39.302,142.334,183.52,3.202952,180.88,3.156932,180.18,3.144661,177.54,3.098641,176.84,3.086369,172.44,3.009670
2026-07-22 12:46:39.335,142.367,183.52,3.202952,180.88,3.156932,180.18,3.144661,177.54,3.098641,176.84,3.086369,172.44,3.009670
2026-07-22 12:46:39.369,142.401,183.52,3.202952,180.88,3.156932,180.18,3.144661,177.54,3.098641,176.84,3.086369,172.44,3.009670
2026-07-22 12:46:39.404,142.435,183.52,3.202952,180.88,3.156932,180.18,3.144661,177.54,3.098641,176.84,3.086369,172.44,3.009670
2026-07-22 12:46:39.436,142.467,183.52,3.202952,180.88,3.156932,180.18,3.144661,177.54,3.098641,176.84,3.086369,172.44,3.009670
2026-07-22 12:46:39.467,142.502,183.52,3.202952,180.88,3.156932,180.18,3.144661,177.54,3.098641,176.84,3.086369,172.44,3.009670
2026-07-22 12:46:39.499,142.534,183.52,3.202952,180.88,3.156932,180.18,3.144661,177.54,3.098641,176.84,3.086369,172.44,3.009670
2026-07-22 12:46:39.535,142.570,183.52,3.202952,180.88,3.156932,180.18,3.144661,177.54,3.098641,176.84,3.086369,172.44,3.009670
2026-07-22 12:46:39.568,142.601,183.52,3.202952,180.88,3.156932,180.18,3.144661,177.54,3.098641,176.84,3.086369,172.44,3.009670
2026-07-22 12:46:39.602,142.635,183.52,3.202952,180.88,3.156932,180.18,3.144661,177.54,3.098641,176.84,3.086369,172.44,3.009670
2026-07-22 12:46:39.633,142.668,183.52,3.202952,180.88,3.156932,180.18,3.144661,177.54,3.098641,176.84,3.086369,172.44,3.009670
2026-07-22 12:46:39.668,142.701,183.52,3.202952,180.88,3.156932,180.18,3.144661,177.54,3.098641,176.84,3.086369,172.44,3.009670
2026-07-22 12:46:39.699,142.734,183.52,3.202952,180.88,3.156932,180.18,3.144661,177.54,3.098641,176.84,3.086369,172.44,3.009670
2026-07-22 12:46:39.733,142.768,183.52,3.202952,180.88,3.156932,180.18,3.144661,177.54,3.098641,176.84,3.086369,172.44,3.009670
2026-07-22 12:46:39.767,142.801,183.52,3.202952,180.88,3.156932,180.18,3.144661,177.54,3.098641,176.84,3.086369,172.44,3.009670
2026-07-22 12:46:39.800,142.834,183.52,3.202952,180.88,3.156932,180.18,3.144661,177.54,3.098641,176.84,3.086369,172.44,3.009670
2026-07-22 12:46:39.834,142.868,183.52,3.202952,180.88,3.156932,180.18,3.144661,177.54,3.098641,176.84,3.086369,172.44,3.009670
2026-07-22 12:46:39.866,142.901,183.52,3.202952,180.88,3.156932,180.18,3.144661,177.54,3.098641,176.84,3.086369,172.44,3.009670
2026-07-22 12:46:39.900,142.934,183.52,3.202952,180.88,3.156932,180.18,3.144661,177.54,3.098641,176.84,3.086369,172.44,3.009670
2026-07-22 12:46:39.935,142.968,183.52,3.202952,180.88,3.156932,180.18,3.144661,177.54,3.098641,176.84,3.086369,172.44,3.009670
2026-07-22 12:46:39.966,143.001,183.52,3.202952,180.88,3.156932,180.18,3.144661,177.54,3.098641,176.84,3.086369,172.44,3.009670
2026-07-22 12:46:39.999,143.034,183.52,3.202952,180.88,3.156932,180.18,3.144661,177.54,3.098641,176.84,3.086369,172.44,3.009670
2026-07-22 12:46:40.033,143.067,183.52,3.202952,180.88,3.156932,180.18,3.144661,177.54,3.098641,176.84,3.086369,172.44,3.009670
2026-07-22 12:46:40.066,143.101,183.52,3.202952,180.88,3.156932,180.18,3.144661,177.54,3.098641,176.84,3.086369,172.44,3.009670
2026-07-22 12:46:40.099,143.134,183.52,3.202952,180.88,3.156932,180.18,3.144661,177.54,3.098641,176.84,3.086369,172.44,3.009670
2026-07-22 12:46:40.132,143.167,183.52,3.202952,180.88,3.156932,180.18,3.144661,177.54,3.098641,176.84,3.086369,172.44,3.009670
2026-07-22 12:46:40.170,143.202,183.52,3.202952,180.88,3.156932,180.18,3.144661,177.54,3.098641,176.84,3.086369,172.44,3.009670
2026-07-22 12:46:40.202,143.234,183.52,3.202952,180.88,3.156932,180.18,3.144661,177.54,3.098641,176.84,3.086369,172.44,3.009670
2026-07-22 12:46:40.235,143.269,183.52,3.202952,180.88,3.156932,180.18,3.144661,177.54,3.098641,176.84,3.086369,172.44,3.009670
2026-07-22 12:46:40.269,143.301,183.52,3.202952,180.88,3.156932,180.18,3.144661,177.54,3.098641,176.84,3.086369,172.44,3.009670
2026-07-22 12:46:40.300,143.334,183.52,3.202952,180.88,3.156932,180.18,3.144661,177.54,3.098641,176.84,3.086369,172.44,3.009670
2026-07-22 12:46:40.336,143.367,183.52,3.202952,180.88,3.156932,180.18,3.144661,177.54,3.098641,176.84,3.086369,172.44,3.009670
2026-07-22 12:46:40.367,143.401,183.52,3.202952,180.88,3.156932,180.18,3.144661,177.54,3.098641,176.84,3.086369,172.44,3.009670
2026-07-22 12:46:40.400,143.434,183.52,3.202952,180.88,3.156932,180.18,3.144661,177.54,3.098641,176.84,3.086369,172.44,3.009670
2026-07-22 12:46:40.433,143.468,183.52,3.202952,180.88,3.156932,180.18,3.144661,177.54,3.098641,176.84,3.086369,172.44,3.009670
2026-07-22 12:46:40.467,143.501,183.52,3.202952,180.88,3.156932,180.18,3.144661,177.54,3.098641,176.84,3.086369,172.44,3.009670
2026-07-22 12:46:40.501,143.534,183.52,3.202952,180.88,3.156932,180.18,3.144661,177.54,3.098641,176.84,3.086369,172.44,3.009670
2026-07-22 12:46:40.533,143.568,183.52,3.202952,180.88,3.156932,180.18,3.144661,177.54,3.098641,176.84,3.086369,172.44,3.009670
2026-07-22 12:46:40.569,143.601,183.52,3.202952,180.88,3.156932,180.18,3.144661,177.54,3.098641,176.84,3.086369,172.44,3.009670
2026-07-22 12:46:40.599,143.634,183.52,3.202952,180.88,3.156932,180.18,3.144661,177.54,3.098641,176.84,3.086369,172.44,3.009670
2026-07-22 12:46:40.633,143.668,183.52,3.202952,180.88,3.156932,180.18,3.144661,177.54,3.098641,176.84,3.086369,172.44,3.009670
2026-07-22 12:46:40.667,143.701,183.52,3.202952,180.88,3.156932,180.18,3.144661,177.54,3.098641,176.84,3.086369,172.44,3.009670
2026-07-22 12:46:40.701,143.734,183.52,3.202952,180.88,3.156932,180.18,3.144661,177.54,3.098641,176.84,3.086369,172.44,3.009670
2026-07-22 12:46:40.733,143.767,183.52,3.202952,180.88,3.156932,180.18,3.144661,177.54,3.098641,176.84,3.086369,172.44,3.009670
2026-07-22 12:46:40.766,143.801,183.52,3.202952,180.88,3.156932,180.18,3.144661,177.54,3.098641,176.84,3.086369,172.44,3.009670
2026-07-22 12:46:40.799,143.834,183.52,3.202952,180.88,3.156932,180.18,3.144661,177.54,3.098641,176.84,3.086369,172.44,3.009670
2026-07-22 12:46:40.833,143.868,183.52,3.202952,180.88,3.156932,180.18,3.144661,177.54,3.098641,176.84,3.086369,172.44,3.009670
2026-07-22 12:46:40.867,143.901,183.52,3.202952,180.88,3.156932,180.18,3.144661,177.54,3.098641,176.84,3.086369,172.44,3.009670
2026-07-22 12:46:40.899,143.934,183.52,3.202952,180.88,3.156932,180.18,3.144661,177.54,3.098641,176.84,3.086369,172.44,3.009670
2026-07-22 12:46:40.935,143.967,183.52,3.202952,180.88,3.156932,180.18,3.144661,177.54,3.098641,176.84,3.086369,172.44,3.009670
2026-07-22 12:46:40.968,144.001,183.52,3.202952,180.88,3.156932,180.18,3.144661,177.54,3.098641,176.84,3.086369,172.44,3.009670
2026-07-22 12:46:41.003,144.034,183.52,3.202952,180.88,3.156932,180.18,3.144661,177.54,3.098641,176.84,3.086369,172.44,3.009670
2026-07-22 12:46:41.034,144.067,183.52,3.202952,180.88,3.156932,180.18,3.144661,177.54,3.098641,176.84,3.086369,172.44,3.009670
2026-07-22 12:46:41.067,144.101,183.52,3.202952,180.88,3.156932,180.18,3.144661,177.54,3.098641,176.84,3.086369,172.44,3.009670
2026-07-22 12:46:41.100,144.134,183.52,3.202952,180.88,3.156932,180.18,3.144661,177.54,3.098641,176.84,3.086369,172.44,3.009670
2026-07-22 12:46:41.134,144.168,183.52,3.202952,180.88,3.156932,180.18,3.144661,177.54,3.098641,176.84,3.086369,172.44,3.009670
2026-07-22 12:46:41.166,144.200,183.52,3.202952,180.88,3.156932,180.18,3.144661,177.54,3.098641,176.84,3.086369,172.44,3.009670
2026-07-22 12:46:41.200,144.234,183.52,3.202952,180.88,3.156932,180.18,3.144661,177.54,3.098641,176.84,3.086369,172.44,3.009670
2026-07-22 12:46:41.233,144.267,183.52,3.202952,180.88,3.156932,180.18,3.144661,177.54,3.098641,176.84,3.086369,172.44,3.009670
2026-07-22 12:46:41.266,144.301,183.52,3.202952,180.88,3.156932,180.18,3.144661,177.54,3.098641,176.84,3.086369,172.44,3.009670
2026-07-22 12:46:41.300,144.334,183.52,3.202952,180.88,3.156932,180.18,3.144661,177.54,3.098641,176.84,3.086369,172.44,3.009670
2026-07-22 12:46:41.333,144.368,183.52,3.202952,180.88,3.156932,180.18,3.144661,177.54,3.098641,176.84,3.086369,172.44,3.009670
2026-07-22 12:46:41.366,144.401,183.52,3.202952,180.88,3.156932,180.18,3.144661,177.54,3.098641,176.84,3.086369,172.44,3.009670
2026-07-22 12:46:41.399,144.434,183.52,3.202952,180.88,3.156932,180.18,3.144661,177.54,3.098641,176.84,3.086369,172.44,3.009670
2026-07-22 12:46:41.432,144.467,183.52,3.202952,180.88,3.156932,180.18,3.144661,177.54,3.098641,176.84,3.086369,172.44,3.009670
2026-07-22 12:46:41.466,144.501,183.52,3.202952,180.88,3.156932,180.18,3.144661,177.54,3.098641,176.84,3.086369,172.44,3.009670
2026-07-22 12:46:41.500,144.535,183.52,3.202952,180.88,3.156932,180.18,3.144661,177.54,3.098641,176.84,3.086369,172.44,3.009670
2026-07-22 12:46:41.533,144.568,183.52,3.202952,180.88,3.156932,180.18,3.144661,177.54,3.098641,176.84,3.086369,172.44,3.009670
2026-07-22 12:46:41.568,144.601,183.52,3.202952,180.88,3.156932,180.18,3.144661,177.54,3.098641,176.84,3.086369,172.44,3.009670
2026-07-22 12:46:41.600,144.634,183.52,3.202952,180.88,3.156932,180.18,3.144661,177.54,3.098641,176.84,3.086369,172.44,3.009670
2026-07-22 12:46:41.633,144.667,183.52,3.202952,180.88,3.156932,180.18,3.144661,177.54,3.098641,176.84,3.086369,172.44,3.009670
2026-07-22 12:46:41.667,144.701,183.52,3.202952,180.88,3.156932,180.18,3.144661,177.54,3.098641,176.84,3.086369,172.44,3.009670
2026-07-22 12:46:41.700,144.734,183.52,3.202952,180.88,3.156932,180.18,3.144661,177.54,3.098641,176.84,3.086369,172.44,3.009670
2026-07-22 12:46:41.733,144.768,183.52,3.202952,180.88,3.156932,180.18,3.144661,177.54,3.098641,176.84,3.086369,172.44,3.009670
2026-07-22 12:46:41.771,144.801,183.52,3.202952,180.88,3.156932,180.18,3.144661,177.54,3.098641,176.84,3.086369,172.44,3.009670
2026-07-22 12:46:41.802,144.834,183.52,3.202952,180.88,3.156932,180.18,3.144661,177.54,3.098641,176.84,3.086369,172.44,3.009670
2026-07-22 12:46:41.834,144.868,183.52,3.202952,180.88,3.156932,180.18,3.144661,177.54,3.098641,176.84,3.086369,172.44,3.009670
2026-07-22 12:46:41.868,144.901,183.52,3.202952,180.88,3.156932,180.18,3.144661,177.54,3.098641,176.84,3.086369,172.44,3.009670
2026-07-22 12:46:41.902,144.935,183.52,3.202952,180.88,3.156932,180.18,3.144661,177.54,3.098641,176.84,3.086369,172.44,3.009670
2026-07-22 12:46:41.935,144.968,183.52,3.202952,180.88,3.156932,180.18,3.144661,177.54,3.098641,176.84,3.086369,172.44,3.009670
2026-07-22 12:46:41.966,145.001,183.52,3.202952,180.88,3.156932,180.18,3.144661,177.54,3.098641,176.84,3.086369,172.44,3.009670
2026-07-22 12:46:41.999,145.034,183.52,3.202952,180.88,3.156932,180.18,3.144661,177.54,3.098641,176.84,3.086369,172.44,3.009670
2026-07-22 12:46:42.033,145.068,183.52,3.202952,180.88,3.156932,180.18,3.144661,177.54,3.098641,176.84,3.086369,172.44,3.009670
2026-07-22 12:46:42.067,145.101,183.52,3.202952,180.88,3.156932,180.18,3.144661,177.54,3.098641,176.84,3.086369,172.44,3.009670
2026-07-22 12:46:42.099,145.134,183.52,3.202952,180.88,3.156932,180.18,3.144661,177.54,3.098641,176.84,3.086369,172.44,3.009670
2026-07-22 12:46:42.134,145.167,183.52,3.202952,180.88,3.156932,180.18,3.144661,177.54,3.098641,176.84,3.086369,172.44,3.009670
2026-07-22 12:46:42.166,145.201,183.52,3.202952,180.88,3.156932,180.18,3.144661,177.54,3.098641,176.84,3.086369,172.44,3.009670
2026-07-22 12:46:42.199,145.234,183.52,3.202952,180.88,3.156932,180.18,3.144661,177.54,3.098641,176.84,3.086369,172.44,3.009670
2026-07-22 12:46:42.234,145.267,183.52,3.202952,180.88,3.156932,180.18,3.144661,177.54,3.098641,176.84,3.086369,172.44,3.009670
2026-07-22 12:46:42.267,145.301,183.52,3.202952,180.88,3.156932,180.18,3.144661,177.54,3.098641,176.84,3.086369,172.44,3.009670
2026-07-22 12:46:42.300,145.334,183.52,3.202952,180.88,3.156932,180.18,3.144661,177.54,3.098641,176.84,3.086369,172.44,3.009670
2026-07-22 12:46:42.334,145.369,183.52,3.202952,180.88,3.156932,180.18,3.144661,177.54,3.098641,176.84,3.086369,172.44,3.009670
2026-07-22 12:46:42.366,145.401,183.52,3.202952,180.88,3.156932,180.18,3.144661,177.54,3.098641,176.84,3.086369,172.44,3.009670
2026-07-22 12:46:42.399,145.434,183.52,3.202952,180.88,3.156932,180.18,3.144661,177.54,3.098641,176.84,3.086369,172.44,3.009670
2026-07-22 12:46:42.434,145.468,183.52,3.202952,180.88,3.156932,180.18,3.144661,177.54,3.098641,176.84,3.086369,172.44,3.009670
2026-07-22 12:46:42.466,145.501,183.52,3.202952,180.88,3.156932,180.18,3.144661,177.54,3.098641,176.84,3.086369,172.44,3.009670
2026-07-22 12:46:42.504,145.534,183.52,3.202952,180.88,3.156932,180.18,3.144661,177.54,3.098641,176.84,3.086369,172.44,3.009670
2026-07-22 12:46:42.535,145.567,183.52,3.202952,180.88,3.156932,180.18,3.144661,177.54,3.098641,176.84,3.086369,172.44,3.009670
2026-07-22 12:46:42.566,145.601,183.52,3.202952,180.88,3.156932,180.18,3.144661,177.54,3.098641,176.84,3.086369,172.44,3.009670
2026-07-22 12:46:42.602,145.634,183.52,3.202952,180.88,3.156932,180.18,3.144661,177.54,3.098641,176.84,3.086369,172.44,3.009670
2026-07-22 12:46:42.634,145.667,183.52,3.202952,180.88,3.156932,180.18,3.144661,177.54,3.098641,176.84,3.086369,172.44,3.009670
2026-07-22 12:46:42.668,145.702,183.52,3.202952,180.88,3.156932,180.18,3.144661,177.54,3.098641,176.84,3.086369,172.44,3.009670
2026-07-22 12:46:42.701,145.734,183.52,3.202952,180.88,3.156932,180.18,3.144661,177.54,3.098641,176.84,3.086369,172.44,3.009670
2026-07-22 12:46:42.734,145.767,183.52,3.202952,180.88,3.156932,180.18,3.144661,177.54,3.098641,176.84,3.086369,172.44,3.009670
2026-07-22 12:46:42.767,145.801,183.52,3.202952,180.88,3.156932,180.18,3.144661,177.54,3.098641,176.84,3.086369,172.44,3.009670
2026-07-22 12:46:42.800,145.835,183.52,3.202952,180.88,3.156932,180.18,3.144661,177.54,3.098641,176.84,3.086369,172.44,3.009670
2026-07-22 12:46:42.834,145.867,183.52,3.202952,180.88,3.156932,180.18,3.144661,177.54,3.098641,176.84,3.086369,172.44,3.009670
2026-07-22 12:46:42.867,145.901,183.52,3.202952,180.88,3.156932,180.18,3.144661,177.54,3.098641,176.84,3.086369,172.44,3.009670
2026-07-22 12:46:42.899,145.934,183.52,3.202952,180.88,3.156932,180.18,3.144661,177.54,3.098641,176.84,3.086369,172.44,3.009670
2026-07-22 12:46:42.933,145.968,183.52,3.202952,180.88,3.156932,180.18,3.144661,177.54,3.098641,176.84,3.086369,172.44,3.009670
2026-07-22 12:46:42.967,146.001,183.52,3.202952,180.88,3.156932,180.18,3.144661,177.54,3.098641,176.84,3.086369,172.44,3.009670
2026-07-22 12:46:43.000,146.034,183.52,3.202952,180.88,3.156932,180.18,3.144661,177.54,3.098641,176.84,3.086369,172.44,3.009670
2026-07-22 12:46:43.033,146.067,183.52,3.202952,180.88,3.156932,180.18,3.144661,177.54,3.098641,176.84,3.086369,172.44,3.009670
2026-07-22 12:46:43.066,146.101,183.52,3.202952,180.88,3.156932,180.18,3.144661,177.54,3.098641,176.84,3.086369,172.44,3.009670
2026-07-22 12:46:43.100,146.134,183.52,3.202952,180.88,3.156932,180.18,3.144661,177.54,3.098641,176.84,3.086369,172.44,3.009670
2026-07-22 12:46:43.134,146.168,183.52,3.202952,180.88,3.156932,180.18,3.144661,177.54,3.098641,176.84,3.086369,172.44,3.009670
2026-07-22 12:46:43.166,146.201,183.52,3.202952,180.88,3.156932,180.18,3.144661,177.54,3.098641,176.84,3.086369,172.44,3.009670
2026-07-22 12:46:43.199,146.234,183.52,3.202952,180.88,3.156932,180.18,3.144661,177.54,3.098641,176.84,3.086369,172.44,3.009670
2026-07-22 12:46:43.233,146.268,183.52,3.202952,180.88,3.156932,180.18,3.144661,177.54,3.098641,176.84,3.086369,172.44,3.009670
2026-07-22 12:46:43.266,146.301,183.52,3.202952,180.88,3.156932,180.18,3.144661,177.54,3.098641,176.84,3.086369,172.44,3.009670
2026-07-22 12:46:43.300,146.335,183.52,3.202952,180.88,3.156932,180.18,3.144661,177.54,3.098641,176.84,3.086369,172.44,3.009670
2026-07-22 12:46:43.336,146.368,183.52,3.202952,180.88,3.156932,180.18,3.144661,177.54,3.098641,176.84,3.086369,172.44,3.009670
2026-07-22 12:46:43.369,146.401,183.52,3.202952,180.88,3.156932,180.18,3.144661,177.54,3.098641,176.84,3.086369,172.44,3.009670
2026-07-22 12:46:43.405,146.434,183.52,3.202952,180.88,3.156932,180.18,3.144661,177.54,3.098641,176.84,3.086369,172.44,3.009670
2026-07-22 12:46:43.436,146.470,183.52,3.202952,180.88,3.156932,180.18,3.144661,177.54,3.098641,176.84,3.086369,172.44,3.009670
2026-07-22 12:46:43.468,146.501,183.52,3.202952,180.88,3.156932,180.18,3.144661,177.54,3.098641,176.84,3.086369,172.44,3.009670
2026-07-22 12:46:43.501,146.534,183.52,3.202952,180.88,3.156932,180.18,3.144661,177.54,3.098641,176.84,3.086369,172.44,3.009670
2026-07-22 12:46:43.534,146.567,183.52,3.202952,180.88,3.156932,180.18,3.144661,177.54,3.098641,176.84,3.086369,172.44,3.009670
2026-07-22 12:46:43.566,146.601,183.52,3.202952,180.88,3.156932,180.18,3.144661,177.54,3.098641,176.84,3.086369,172.44,3.009670
2026-07-22 12:46:43.599,146.634,183.52,3.202952,180.88,3.156932,180.18,3.144661,177.54,3.098641,176.84,3.086369,172.44,3.009670
2026-07-22 12:46:43.632,146.667,183.52,3.202952,180.88,3.156932,180.18,3.144661,177.54,3.098641,176.84,3.086369,172.44,3.009670
2026-07-22 12:46:43.665,146.701,183.52,3.202952,180.88,3.156932,180.18,3.144661,177.54,3.098641,176.84,3.086369,172.44,3.009670
2026-07-22 12:46:43.699,146.734,183.52,3.202952,180.88,3.156932,180.18,3.144661,177.54,3.098641,176.84,3.086369,172.44,3.009670
2026-07-22 12:46:43.733,146.768,183.52,3.202952,180.88,3.156932,180.18,3.144661,177.54,3.098641,176.84,3.086369,172.44,3.009670
2026-07-22 12:46:43.765,146.801,183.52,3.202952,180.88,3.156932,180.18,3.144661,177.54,3.098641,176.84,3.086369,172.44,3.009670
2026-07-22 12:46:43.799,146.834,183.52,3.202952,180.88,3.156932,180.18,3.144661,177.54,3.098641,176.84,3.086369,172.44,3.009670
2026-07-22 12:46:43.832,146.867,183.52,3.202952,180.88,3.156932,180.18,3.144661,177.54,3.098641,176.84,3.086369,172.44,3.009670
2026-07-22 12:46:43.867,146.902,183.52,3.202952,180.88,3.156932,180.18,3.144661,177.54,3.098641,176.84,3.086369,172.44,3.009670
2026-07-22 12:46:43.900,146.934,183.52,3.202952,180.88,3.156932,180.18,3.144661,177.54,3.098641,176.84,3.086369,172.44,3.009670
2026-07-22 12:46:43.933,146.968,183.52,3.202952,180.88,3.156932,180.18,3.144661,177.54,3.098641,176.84,3.086369,172.44,3.009670
2026-07-22 12:46:43.967,147.002,183.52,3.202952,180.88,3.156932,180.18,3.144661,177.54,3.098641,176.84,3.086369,172.44,3.009670
2026-07-22 12:46:43.999,147.034,183.52,3.202952,180.88,3.156932,180.18,3.144661,177.54,3.098641,176.84,3.086369,172.44,3.009670
2026-07-22 12:46:44.033,147.068,183.52,3.202952,180.88,3.156932,180.18,3.144661,177.54,3.098641,176.84,3.086369,172.44,3.009670
2026-07-22 12:46:44.066,147.101,183.52,3.202952,180.88,3.156932,180.18,3.144661,177.54,3.098641,176.84,3.086369,172.44,3.009670
2026-07-22 12:46:44.100,147.134,183.52,3.202952,180.88,3.156932,180.18,3.144661,177.54,3.098641,176.84,3.086369,172.44,3.009670
2026-07-22 12:46:44.132,147.167,183.52,3.202952,180.88,3.156932,180.18,3.144661,177.54,3.098641,176.84,3.086369,172.44,3.009670
2026-07-22 12:46:44.172,147.200,183.52,3.202952,180.88,3.156932,180.18,3.144661,177.54,3.098641,176.84,3.086369,172.44,3.009670
2026-07-22 12:46:44.202,147.234,183.52,3.202952,180.88,3.156932,180.18,3.144661,177.54,3.098641,176.84,3.086369,172.44,3.009670
2026-07-22 12:46:44.233,147.268,183.52,3.202952,180.88,3.156932,180.18,3.144661,177.54,3.098641,176.84,3.086369,172.44,3.009670
2026-07-22 12:46:44.270,147.302,183.52,3.202952,180.88,3.156932,180.18,3.144661,177.54,3.098641,176.84,3.086369,172.44,3.009670
2026-07-22 12:46:44.299,147.334,183.52,3.202952,180.88,3.156932,180.18,3.144661,177.54,3.098641,176.84,3.086369,172.44,3.009670
2026-07-22 12:46:44.332,147.367,183.52,3.202952,180.88,3.156932,180.18,3.144661,177.54,3.098641,176.84,3.086369,172.44,3.009670
2026-07-22 12:46:44.366,147.401,183.52,3.202952,180.88,3.156932,180.18,3.144661,177.54,3.098641,176.84,3.086369,172.44,3.009670
2026-07-22 12:46:44.399,147.434,183.52,3.202952,180.88,3.156932,180.18,3.144661,177.54,3.098641,176.84,3.086369,172.44,3.009670
2026-07-22 12:46:44.433,147.467,183.52,3.202952,180.88,3.156932,180.18,3.144661,177.54,3.098641,176.84,3.086369,172.44,3.009670
2026-07-22 12:46:44.468,147.501,183.52,3.202952,180.88,3.156932,180.18,3.144661,177.54,3.098641,176.84,3.086369,172.44,3.009670
2026-07-22 12:46:44.500,147.535,183.52,3.202952,180.88,3.156932,180.18,3.144661,177.54,3.098641,176.84,3.086369,172.44,3.009670
2026-07-22 12:46:44.532,147.567,183.52,3.202952,180.88,3.156932,180.18,3.144661,177.54,3.098641,176.84,3.086369,172.44,3.009670
2026-07-22 12:46:44.566,147.601,183.52,3.202952,180.88,3.156932,180.18,3.144661,177.54,3.098641,176.84,3.086369,172.44,3.009670
2026-07-22 12:46:44.599,147.634,183.52,3.202952,180.88,3.156932,180.18,3.144661,177.54,3.098641,176.84,3.086369,172.44,3.009670
2026-07-22 12:46:44.632,147.667,183.52,3.202952,180.88,3.156932,180.18,3.144661,177.54,3.098641,176.84,3.086369,172.44,3.009670
2026-07-22 12:46:44.667,147.701,183.52,3.202952,180.88,3.156932,180.18,3.144661,177.54,3.098641,176.84,3.086369,172.44,3.009670
2026-07-22 12:46:44.699,147.734,183.52,3.202952,180.88,3.156932,180.18,3.144661,177.54,3.098641,176.84,3.086369,172.44,3.009670
2026-07-22 12:46:44.734,147.768,183.52,3.202952,180.88,3.156932,180.18,3.144661,177.54,3.098641,176.84,3.086369,172.44,3.009670
2026-07-22 12:46:44.766,147.801,183.52,3.202952,180.88,3.156932,180.18,3.144661,177.54,3.098641,176.84,3.086369,172.44,3.009670
2026-07-22 12:46:44.799,147.834,183.52,3.202952,180.88,3.156932,180.18,3.144661,177.54,3.098641,176.84,3.086369,172.44,3.009670
2026-07-22 12:46:44.832,147.867,183.52,3.202952,180.88,3.156932,180.18,3.144661,177.54,3.098641,176.84,3.086369,172.44,3.009670
2026-07-22 12:46:44.866,147.901,183.52,3.202952,180.88,3.156932,180.18,3.144661,177.54,3.098641,176.84,3.086369,172.44,3.009670
2026-07-22 12:46:44.900,147.934,183.52,3.202952,180.88,3.156932,180.18,3.144661,177.54,3.098641,176.84,3.086369,172.44,3.009670
2026-07-22 12:46:44.937,147.968,183.52,3.202952,180.88,3.156932,180.18,3.144661,177.54,3.098641,176.84,3.086369,172.44,3.009670
2026-07-22 12:46:44.969,148.001,183.52,3.202952,180.88,3.156932,180.18,3.144661,177.54,3.098641,176.84,3.086369,172.44,3.009670
2026-07-22 12:46:45.001,148.034,183.52,3.202952,180.88,3.156932,180.18,3.144661,177.54,3.098641,176.84,3.086369,172.44,3.009670
2026-07-22 12:46:45.037,148.069,183.52,3.202952,180.88,3.156932,180.18,3.144661,177.54,3.098641,176.84,3.086369,172.44,3.009670
2026-07-22 12:46:45.068,148.101,183.52,3.202952,180.88,3.156932,180.18,3.144661,177.54,3.098641,176.84,3.086369,172.44,3.009670
2026-07-22 12:46:45.100,148.134,183.52,3.202952,180.88,3.156932,180.18,3.144661,177.54,3.098641,176.84,3.086369,172.44,3.009670
2026-07-22 12:46:45.133,148.167,183.52,3.202952,180.88,3.156932,180.18,3.144661,177.54,3.098641,176.84,3.086369,172.44,3.009670
2026-07-22 12:46:45.166,148.201,183.52,3.202952,180.88,3.156932,180.18,3.144661,177.54,3.098641,176.84,3.086369,172.44,3.009670
2026-07-22 12:46:45.200,148.235,183.52,3.202952,180.88,3.156932,180.18,3.144661,177.54,3.098641,176.84,3.086369,172.44,3.009670
2026-07-22 12:46:45.233,148.267,183.52,3.202952,180.88,3.156932,180.18,3.144661,177.54,3.098641,176.84,3.086369,172.44,3.009670
2026-07-22 12:46:45.266,148.301,183.52,3.202952,180.88,3.156932,180.18,3.144661,177.54,3.098641,176.84,3.086369,172.44,3.009670
2026-07-22 12:46:45.300,148.334,183.52,3.202952,180.88,3.156932,180.18,3.144661,177.54,3.098641,176.84,3.086369,172.44,3.009670
2026-07-22 12:46:45.333,148.368,183.52,3.202952,180.88,3.156932,180.18,3.144661,177.54,3.098641,176.84,3.086369,172.44,3.009670
2026-07-22 12:46:45.369,148.401,183.52,3.202952,180.88,3.156932,180.18,3.144661,177.54,3.098641,176.84,3.086369,172.44,3.009670
2026-07-22 12:46:45.400,148.434,183.52,3.202952,180.88,3.156932,180.18,3.144661,177.54,3.098641,176.84,3.086369,172.44,3.009670
2026-07-22 12:46:45.433,148.468,183.52,3.202952,180.88,3.156932,180.18,3.144661,177.54,3.098641,176.84,3.086369,172.44,3.009670
2026-07-22 12:46:45.466,148.501,183.52,3.202952,180.88,3.156932,180.18,3.144661,177.54,3.098641,176.84,3.086369,172.44,3.009670
2026-07-22 12:46:45.499,148.534,183.52,3.202952,180.88,3.156932,180.18,3.144661,177.54,3.098641,176.84,3.086369,172.44,3.009670
2026-07-22 12:46:45.532,148.567,183.52,3.202952,180.88,3.156932,180.18,3.144661,177.54,3.098641,176.84,3.086369,172.44,3.009670
2026-07-22 12:46:45.566,148.601,183.52,3.202952,180.88,3.156932,180.18,3.144661,177.54,3.098641,176.84,3.086369,172.44,3.009670
2026-07-22 12:46:45.600,148.634,183.52,3.202952,180.88,3.156932,180.18,3.144661,177.54,3.098641,176.84,3.086369,172.44,3.009670
2026-07-22 12:46:45.632,148.667,183.52,3.202952,180.88,3.156932,180.18,3.144661,177.54,3.098641,176.84,3.086369,172.44,3.009670
2026-07-22 12:46:45.666,148.700,183.52,3.202952,180.88,3.156932,180.18,3.144661,177.54,3.098641,176.84,3.086369,172.44,3.009670
2026-07-22 12:46:45.700,148.734,183.52,3.202952,180.88,3.156932,180.18,3.144661,177.54,3.098641,176.84,3.086369,172.44,3.009670
2026-07-22 12:46:45.737,148.767,183.52,3.202952,180.88,3.156932,180.18,3.144661,177.54,3.098641,176.84,3.086369,172.44,3.009670
2026-07-22 12:46:45.769,148.801,183.52,3.202952,180.88,3.156932,180.18,3.144661,177.54,3.098641,176.84,3.086369,172.44,3.009670
2026-07-22 12:46:45.802,148.834,183.52,3.202952,180.88,3.156932,180.18,3.144661,177.54,3.098641,176.84,3.086369,172.44,3.009670
2026-07-22 12:46:45.836,148.870,183.52,3.202952,180.88,3.156932,180.18,3.144661,177.54,3.098641,176.84,3.086369,172.44,3.009670
2026-07-22 12:46:45.868,148.901,183.52,3.202952,180.88,3.156932,180.18,3.144661,177.54,3.098641,176.84,3.086369,172.44,3.009670
2026-07-22 12:46:45.900,148.935,183.52,3.202952,180.88,3.156932,180.18,3.144661,177.54,3.098641,176.84,3.086369,172.44,3.009670
2026-07-22 12:46:45.933,148.968,183.52,3.202952,180.88,3.156932,180.18,3.144661,177.54,3.098641,176.84,3.086369,172.44,3.009670
2026-07-22 12:46:45.968,149.001,183.52,3.202952,180.88,3.156932,180.18,3.144661,177.54,3.098641,176.84,3.086369,172.44,3.009670
2026-07-22 12:46:46.001,149.034,183.52,3.202952,180.88,3.156932,180.18,3.144661,177.54,3.098641,176.84,3.086369,172.44,3.009670
2026-07-22 12:46:46.033,149.068,183.52,3.202952,180.88,3.156932,180.18,3.144661,177.54,3.098641,176.84,3.086369,172.44,3.009670
2026-07-22 12:46:46.066,149.101,183.52,3.202952,180.88,3.156932,180.18,3.144661,177.54,3.098641,176.84,3.086369,172.44,3.009670
2026-07-22 12:46:46.101,149.134,183.52,3.202952,180.88,3.156932,180.18,3.144661,177.54,3.098641,176.84,3.086369,172.44,3.009670
2026-07-22 12:46:46.133,149.168,183.52,3.202952,180.88,3.156932,180.18,3.144661,177.54,3.098641,176.84,3.086369,172.44,3.009670
2026-07-22 12:46:46.167,149.201,183.52,3.202952,180.88,3.156932,180.18,3.144661,177.54,3.098641,176.84,3.086369,172.44,3.009670
2026-07-22 12:46:46.201,149.234,183.52,3.202952,180.88,3.156932,180.18,3.144661,177.54,3.098641,176.84,3.086369,172.44,3.009670
2026-07-22 12:46:46.233,149.268,183.52,3.202952,180.88,3.156932,180.18,3.144661,177.54,3.098641,176.84,3.086369,172.44,3.009670
2026-07-22 12:46:46.266,149.301,183.52,3.202952,180.88,3.156932,180.18,3.144661,177.54,3.098641,176.84,3.086369,172.44,3.009670
2026-07-22 12:46:46.300,149.334,183.52,3.202952,180.88,3.156932,180.18,3.144661,177.54,3.098641,176.84,3.086369,172.44,3.009670
2026-07-22 12:46:46.333,149.367,183.52,3.202952,180.88,3.156932,180.18,3.144661,177.54,3.098641,176.84,3.086369,172.44,3.009670
2026-07-22 12:46:46.366,149.401,183.52,3.202952,180.88,3.156932,180.18,3.144661,177.54,3.098641,176.84,3.086369,172.44,3.009670
2026-07-22 12:46:46.400,149.434,183.52,3.202952,180.88,3.156932,180.18,3.144661,177.54,3.098641,176.84,3.086369,172.44,3.009670
2026-07-22 12:46:46.432,149.468,183.52,3.202952,180.88,3.156932,180.18,3.144661,177.54,3.098641,176.84,3.086369,172.44,3.009670
2026-07-22 12:46:46.466,149.501,183.52,3.202952,180.88,3.156932,180.18,3.144661,177.54,3.098641,176.84,3.086369,172.44,3.009670
2026-07-22 12:46:46.499,149.534,183.52,3.202952,180.88,3.156932,180.18,3.144661,177.54,3.098641,176.84,3.086369,172.44,3.009670
2026-07-22 12:46:46.532,149.567,183.52,3.202952,180.88,3.156932,180.18,3.144661,177.54,3.098641,176.84,3.086369,172.44,3.009670
2026-07-22 12:46:46.567,149.601,183.52,3.202952,180.88,3.156932,180.18,3.144661,177.54,3.098641,176.84,3.086369,172.44,3.009670
2026-07-22 12:46:46.601,149.634,183.52,3.202952,180.88,3.156932,180.18,3.144661,177.54,3.098641,176.84,3.086369,172.44,3.009670
2026-07-22 12:46:46.633,149.667,183.52,3.202952,180.88,3.156932,180.18,3.144661,177.54,3.098641,176.84,3.086369,172.44,3.009670
2026-07-22 12:46:46.666,149.701,183.52,3.202952,180.88,3.156932,180.18,3.144661,177.54,3.098641,176.84,3.086369,172.44,3.009670
2026-07-22 12:46:46.700,149.734,183.52,3.202952,180.88,3.156932,180.18,3.144661,177.54,3.098641,176.84,3.086369,172.44,3.009670
2026-07-22 12:46:46.737,149.767,183.52,3.202952,180.88,3.156932,180.18,3.144661,177.54,3.098641,176.84,3.086369,172.44,3.009670
2026-07-22 12:46:46.768,149.801,183.52,3.202952,180.88,3.156932,180.18,3.144661,177.54,3.098641,176.84,3.086369,172.44,3.009670
2026-07-22 12:46:46.799,149.834,183.52,3.202952,180.88,3.156932,180.18,3.144661,177.54,3.098641,176.84,3.086369,172.44,3.009670
2026-07-22 12:46:46.833,149.868,183.52,3.202952,180.88,3.156932,180.18,3.144661,177.54,3.098641,176.84,3.086369,172.44,3.009670
2026-07-22 12:46:46.866,149.901,183.52,3.202952,180.88,3.156932,180.18,3.144661,177.54,3.098641,176.84,3.086369,172.44,3.009670
2026-07-22 12:46:46.902,149.934,183.52,3.202952,180.88,3.156932,180.18,3.144661,177.54,3.098641,176.84,3.086369,172.44,3.009670
2026-07-22 12:46:46.934,149.968,183.52,3.202952,180.88,3.156932,180.18,3.144661,177.54,3.098641,176.84,3.086369,172.44,3.009670
2026-07-22 12:46:46.967,150.001,183.52,3.202952,180.88,3.156932,180.18,3.144661,177.54,3.098641,176.84,3.086369,172.44,3.009670
2026-07-22 12:46:47.001,150.034,183.52,3.202952,180.88,3.156932,180.18,3.144661,177.54,3.098641,176.84,3.086369,172.44,3.009670
2026-07-22 12:46:47.032,150.067,183.52,3.202952,180.88,3.156932,180.18,3.144661,177.54,3.098641,176.84,3.086369,172.44,3.009670
2026-07-22 12:46:47.066,150.101,183.52,3.202952,180.88,3.156932,180.18,3.144661,177.54,3.098641,176.84,3.086369,172.44,3.009670
2026-07-22 12:46:47.101,150.134,183.52,3.202952,180.88,3.156932,180.18,3.144661,177.54,3.098641,176.84,3.086369,172.44,3.009670
2026-07-22 12:46:47.133,150.168,183.52,3.202952,180.88,3.156932,180.18,3.144661,177.54,3.098641,176.84,3.086369,172.44,3.009670
2026-07-22 12:46:47.167,150.201,183.52,3.202952,180.88,3.156932,180.18,3.144661,177.54,3.098641,176.84,3.086369,172.44,3.009670
2026-07-22 12:46:47.199,150.234,183.52,3.202952,180.88,3.156932,180.18,3.144661,177.54,3.098641,176.84,3.086369,172.44,3.009670
2026-07-22 12:46:47.232,150.267,183.52,3.202952,180.88,3.156932,180.18,3.144661,177.54,3.098641,176.84,3.086369,172.44,3.009670
2026-07-22 12:46:47.266,150.301,183.52,3.202952,180.88,3.156932,180.18,3.144661,177.54,3.098641,176.84,3.086369,172.44,3.009670
2026-07-22 12:46:47.301,150.334,183.52,3.202952,180.88,3.156932,180.18,3.144661,177.54,3.098641,176.84,3.086369,172.44,3.009670
2026-07-22 12:46:47.338,150.367,183.52,3.202952,180.88,3.156932,180.18,3.144661,177.54,3.098641,176.84,3.086369,172.44,3.009670
2026-07-22 12:46:47.370,150.401,183.52,3.202952,180.88,3.156932,180.18,3.144661,177.54,3.098641,176.84,3.086369,172.44,3.009670
2026-07-22 12:46:47.402,150.434,183.52,3.202952,180.88,3.156932,180.18,3.144661,177.54,3.098641,176.84,3.086369,172.44,3.009670
2026-07-22 12:46:47.435,150.468,183.52,3.202952,180.88,3.156932,180.18,3.144661,177.54,3.098641,176.84,3.086369,172.44,3.009670
2026-07-22 12:46:47.468,150.501,183.52,3.202952,180.88,3.156932,180.18,3.144661,177.54,3.098641,176.84,3.086369,172.44,3.009670
2026-07-22 12:46:47.500,150.534,183.52,3.202952,180.88,3.156932,180.18,3.144661,177.54,3.098641,176.84,3.086369,172.44,3.009670
2026-07-22 12:46:47.533,150.568,183.52,3.202952,180.88,3.156932,180.18,3.144661,177.54,3.098641,176.84,3.086369,172.44,3.009670
2026-07-22 12:46:47.568,150.601,183.52,3.202952,180.88,3.156932,180.18,3.144661,177.54,3.098641,176.84,3.086369,172.44,3.009670
2026-07-22 12:46:47.601,150.634,183.52,3.202952,180.88,3.156932,180.18,3.144661,177.54,3.098641,176.84,3.086369,172.44,3.009670
2026-07-22 12:46:47.632,150.668,183.52,3.202952,180.88,3.156932,180.18,3.144661,177.54,3.098641,176.84,3.086369,172.44,3.009670
2026-07-22 12:46:47.666,150.701,183.52,3.202952,180.88,3.156932,180.18,3.144661,177.54,3.098641,176.84,3.086369,172.44,3.009670
2026-07-22 12:46:47.701,150.734,183.52,3.202952,180.88,3.156932,180.18,3.144661,177.54,3.098641,176.84,3.086369,172.44,3.009670
2026-07-22 12:46:47.732,150.767,183.52,3.202952,180.88,3.156932,180.18,3.144661,177.54,3.098641,176.84,3.086369,172.44,3.009670
2026-07-22 12:46:47.765,150.801,183.52,3.202952,180.88,3.156932,180.18,3.144661,177.54,3.098641,176.84,3.086369,172.44,3.009670
2026-07-22 12:46:47.800,150.834,183.52,3.202952,180.88,3.156932,180.18,3.144661,177.54,3.098641,176.84,3.086369,172.44,3.009670
2026-07-22 12:46:47.833,150.867,183.52,3.202952,180.88,3.156932,180.18,3.144661,177.54,3.098641,176.84,3.086369,172.44,3.009670
2026-07-22 12:46:47.866,150.901,183.52,3.202952,180.88,3.156932,180.18,3.144661,177.54,3.098641,176.84,3.086369,172.44,3.009670
2026-07-22 12:46:47.899,150.934,183.52,3.202952,180.88,3.156932,180.18,3.144661,177.54,3.098641,176.84,3.086369,172.44,3.009670
2026-07-22 12:46:47.933,150.967,183.52,3.202952,180.88,3.156932,180.18,3.144661,177.54,3.098641,176.84,3.086369,172.44,3.009670
2026-07-22 12:46:47.966,151.001,183.52,3.202952,180.88,3.156932,180.18,3.144661,177.54,3.098641,176.84,3.086369,172.44,3.009670
2026-07-22 12:46:48.001,151.034,183.52,3.202952,180.88,3.156932,180.18,3.144661,177.54,3.098641,176.84,3.086369,172.44,3.009670
2026-07-22 12:46:48.033,151.068,183.52,3.202952,180.88,3.156932,180.18,3.144661,177.54,3.098641,176.84,3.086369,172.44,3.009670
2026-07-22 12:46:48.066,151.102,183.52,3.202952,180.88,3.156932,180.18,3.144661,177.54,3.098641,176.84,3.086369,172.44,3.009670
2026-07-22 12:46:48.100,151.135,183.52,3.202952,180.88,3.156932,180.18,3.144661,177.54,3.098641,176.84,3.086369,172.44,3.009670
2026-07-22 12:46:48.134,151.167,183.52,3.202952,180.88,3.156932,180.18,3.144661,177.54,3.098641,176.84,3.086369,172.44,3.009670
2026-07-22 12:46:48.171,151.201,183.52,3.202952,180.88,3.156932,180.18,3.144661,177.54,3.098641,176.84,3.086369,172.44,3.009670
2026-07-22 12:46:48.202,151.234,183.52,3.202952,180.88,3.156932,180.18,3.144661,177.54,3.098641,176.84,3.086369,172.44,3.009670
2026-07-22 12:46:48.235,151.268,183.52,3.202952,180.88,3.156932,180.18,3.144661,177.54,3.098641,176.84,3.086369,172.44,3.009670
2026-07-22 12:46:48.268,151.301,183.52,3.202952,180.88,3.156932,180.18,3.144661,177.54,3.098641,176.84,3.086369,172.44,3.009670
2026-07-22 12:46:48.301,151.335,183.52,3.202952,180.88,3.156932,180.18,3.144661,177.54,3.098641,176.84,3.086369,172.44,3.009670
2026-07-22 12:46:48.333,151.367,183.52,3.202952,180.88,3.156932,180.18,3.144661,177.54,3.098641,176.84,3.086369,172.44,3.009670
2026-07-22 12:46:48.369,151.401,183.52,3.202952,180.88,3.156932,180.18,3.144661,177.54,3.098641,176.84,3.086369,172.44,3.009670
2026-07-22 12:46:48.400,151.434,183.52,3.202952,180.88,3.156932,180.18,3.144661,177.54,3.098641,176.84,3.086369,172.44,3.009670
2026-07-22 12:46:48.433,151.468,183.52,3.202952,180.88,3.156932,180.18,3.144661,177.54,3.098641,176.84,3.086369,172.44,3.009670
2026-07-22 12:46:48.466,151.501,183.52,3.202952,180.88,3.156932,180.18,3.144661,177.54,3.098641,176.84,3.086369,172.44,3.009670
2026-07-22 12:46:48.499,151.534,183.52,3.202952,180.88,3.156932,180.18,3.144661,177.54,3.098641,176.84,3.086369,172.44,3.009670
2026-07-22 12:46:48.532,151.567,183.52,3.202952,180.88,3.156932,180.18,3.144661,177.54,3.098641,176.84,3.086369,172.44,3.009670
2026-07-22 12:46:48.567,151.601,183.52,3.202952,180.88,3.156932,180.18,3.144661,177.54,3.098641,176.84,3.086369,172.44,3.009670
2026-07-22 12:46:48.599,151.634,183.52,3.202952,180.88,3.156932,180.18,3.144661,177.54,3.098641,176.84,3.086369,172.44,3.009670
2026-07-22 12:46:48.633,151.668,183.52,3.202952,180.88,3.156932,180.18,3.144661,177.54,3.098641,176.84,3.086369,172.44,3.009670
2026-07-22 12:46:48.666,151.701,183.52,3.202952,180.88,3.156932,180.18,3.144661,177.54,3.098641,176.84,3.086369,172.44,3.009670
2026-07-22 12:46:48.699,151.734,183.52,3.202952,180.88,3.156932,180.18,3.144661,177.54,3.098641,176.84,3.086369,172.44,3.009670
2026-07-22 12:46:48.733,151.767,183.52,3.202952,180.88,3.156932,180.18,3.144661,177.54,3.098641,176.84,3.086369,172.44,3.009670
2026-07-22 12:46:48.766,151.801,183.52,3.202952,180.88,3.156932,180.18,3.144661,177.54,3.098641,176.84,3.086369,172.44,3.009670
2026-07-22 12:46:48.799,151.834,183.52,3.202952,180.88,3.156932,180.18,3.144661,177.54,3.098641,176.84,3.086369,172.44,3.009670
2026-07-22 12:46:48.833,151.868,183.52,3.202952,180.88,3.156932,180.18,3.144661,177.54,3.098641,176.84,3.086369,172.44,3.009670
2026-07-22 12:46:48.866,151.901,183.52,3.202952,180.88,3.156932,180.18,3.144661,177.54,3.098641,176.84,3.086369,172.44,3.009670
2026-07-22 12:46:48.899,151.934,183.52,3.202952,180.88,3.156932,180.18,3.144661,177.54,3.098641,176.84,3.086369,172.44,3.009670
2026-07-22 12:46:48.934,151.968,183.52,3.202952,180.88,3.156932,180.18,3.144661,177.54,3.098641,176.84,3.086369,172.44,3.009670
2026-07-22 12:46:48.968,152.001,183.52,3.202952,180.88,3.156932,180.18,3.144661,177.54,3.098641,176.84,3.086369,172.44,3.009670
2026-07-22 12:46:49.002,152.034,183.52,3.202952,180.88,3.156932,180.18,3.144661,177.54,3.098641,176.84,3.086369,172.44,3.009670
2026-07-22 12:46:49.034,152.069,183.52,3.202952,180.88,3.156932,180.18,3.144661,177.54,3.098641,176.84,3.086369,172.44,3.009670
2026-07-22 12:46:49.067,152.101,183.52,3.202952,180.88,3.156932,180.18,3.144661,177.54,3.098641,176.84,3.086369,172.44,3.009670
2026-07-22 12:46:49.100,152.134,183.52,3.202952,180.88,3.156932,180.18,3.144661,177.54,3.098641,176.84,3.086369,172.44,3.009670
2026-07-22 12:46:49.132,152.167,183.52,3.202952,180.88,3.156932,180.18,3.144661,177.54,3.098641,176.84,3.086369,172.44,3.009670
2026-07-22 12:46:49.169,152.201,183.52,3.202952,180.88,3.156932,180.18,3.144661,177.54,3.098641,176.84,3.086369,172.44,3.009670
2026-07-22 12:46:49.200,152.234,183.52,3.202952,180.88,3.156932,180.18,3.144661,177.54,3.098641,176.84,3.086369,172.44,3.009670
2026-07-22 12:46:49.232,152.267,183.52,3.202952,180.88,3.156932,180.18,3.144661,177.54,3.098641,176.84,3.086369,172.44,3.009670
2026-07-22 12:46:49.266,152.301,183.52,3.202952,180.88,3.156932,180.18,3.144661,177.54,3.098641,176.84,3.086369,172.44,3.009670
2026-07-22 12:46:49.299,152.334,183.52,3.202952,180.88,3.156932,180.18,3.144661,177.54,3.098641,176.84,3.086369,172.44,3.009670
2026-07-22 12:46:49.334,152.367,183.52,3.202952,180.88,3.156932,180.18,3.144661,177.54,3.098641,176.84,3.086369,172.44,3.009670
2026-07-22 12:46:49.366,152.401,183.52,3.202952,180.88,3.156932,180.18,3.144661,177.54,3.098641,176.84,3.086369,172.44,3.009670
2026-07-22 12:46:49.400,152.434,183.52,3.202952,180.88,3.156932,180.18,3.144661,177.54,3.098641,176.84,3.086369,172.44,3.009670
2026-07-22 12:46:49.433,152.468,183.52,3.202952,180.88,3.156932,180.18,3.144661,177.54,3.098641,176.84,3.086369,172.44,3.009670
2026-07-22 12:46:49.467,152.501,183.52,3.202952,180.88,3.156932,180.18,3.144661,177.54,3.098641,176.84,3.086369,172.44,3.009670
2026-07-22 12:46:49.499,152.534,183.52,3.202952,180.88,3.156932,180.18,3.144661,177.54,3.098641,176.84,3.086369,172.44,3.009670
2026-07-22 12:46:49.532,152.567,183.52,3.202952,180.88,3.156932,180.18,3.144661,177.54,3.098641,176.84,3.086369,172.44,3.009670
2026-07-22 12:46:49.566,152.601,183.52,3.202952,180.88,3.156932,180.18,3.144661,177.54,3.098641,176.84,3.086369,172.44,3.009670
2026-07-22 12:46:49.600,152.634,183.52,3.202952,180.88,3.156932,180.18,3.144661,177.54,3.098641,176.84,3.086369,172.44,3.009670
2026-07-22 12:46:49.633,152.667,183.52,3.202952,180.88,3.156932,180.18,3.144661,177.54,3.098641,176.84,3.086369,172.44,3.009670
2026-07-22 12:46:49.666,152.701,183.52,3.202952,180.88,3.156932,180.18,3.144661,177.54,3.098641,176.84,3.086369,172.44,3.009670
2026-07-22 12:46:49.700,152.734,183.52,3.202952,180.88,3.156932,180.18,3.144661,177.54,3.098641,176.84,3.086369,172.44,3.009670
2026-07-22 12:46:49.733,152.767,183.52,3.202952,180.88,3.156932,180.18,3.144661,177.54,3.098641,176.84,3.086369,172.44,3.009670
2026-07-22 12:46:49.769,152.801,183.52,3.202952,180.88,3.156932,180.18,3.144661,177.54,3.098641,176.84,3.086369,172.44,3.009670
2026-07-22 12:46:49.801,152.834,183.52,3.202952,180.88,3.156932,180.18,3.144661,177.54,3.098641,176.84,3.086369,172.44,3.009670
2026-07-22 12:46:49.837,152.870,183.52,3.202952,180.88,3.156932,180.18,3.144661,177.54,3.098641,176.84,3.086369,172.44,3.009670
2026-07-22 12:46:49.869,152.901,183.52,3.202952,180.88,3.156932,180.18,3.144661,177.54,3.098641,176.84,3.086369,172.44,3.009670
2026-07-22 12:46:49.902,152.935,183.52,3.202952,180.88,3.156932,180.18,3.144661,177.54,3.098641,176.84,3.086369,172.44,3.009670
2026-07-22 12:46:49.932,152.968,183.52,3.202952,180.88,3.156932,180.18,3.144661,177.54,3.098641,176.84,3.086369,172.44,3.009670
2026-07-22 12:46:49.966,153.001,183.52,3.202952,180.88,3.156932,180.18,3.144661,177.54,3.098641,176.84,3.086369,172.44,3.009670
2026-07-22 12:46:49.999,153.034,183.52,3.202952,180.88,3.156932,180.18,3.144661,177.54,3.098641,176.84,3.086369,172.44,3.009670
2026-07-22 12:46:50.033,153.068,183.52,3.202952,180.88,3.156932,180.18,3.144661,177.54,3.098641,176.84,3.086369,172.44,3.009670
2026-07-22 12:46:50.067,153.101,183.52,3.202952,180.88,3.156932,180.18,3.144661,177.54,3.098641,176.84,3.086369,172.44,3.009670
2026-07-22 12:46:50.103,153.135,183.52,3.202952,180.88,3.156932,180.18,3.144661,177.54,3.098641,176.84,3.086369,172.44,3.009670
2026-07-22 12:46:50.133,153.168,183.52,3.202952,180.88,3.156932,180.18,3.144661,177.54,3.098641,176.84,3.086369,172.44,3.009670
2026-07-22 12:46:50.166,153.201,183.52,3.202952,180.88,3.156932,180.18,3.144661,177.54,3.098641,176.84,3.086369,172.44,3.009670
2026-07-22 12:46:50.199,153.234,183.52,3.202952,180.88,3.156932,180.18,3.144661,177.54,3.098641,176.84,3.086369,172.44,3.009670
2026-07-22 12:46:50.233,153.267,183.52,3.202952,180.88,3.156932,180.18,3.144661,177.54,3.098641,176.84,3.086369,172.44,3.009670
2026-07-22 12:46:50.267,153.301,183.52,3.202952,180.88,3.156932,180.18,3.144661,177.54,3.098641,176.84,3.086369,172.44,3.009670
2026-07-22 12:46:50.299,153.334,183.52,3.202952,180.88,3.156932,180.18,3.144661,177.54,3.098641,176.84,3.086369,172.44,3.009670
2026-07-22 12:46:50.333,153.368,183.52,3.202952,180.88,3.156932,180.18,3.144661,177.54,3.098641,176.84,3.086369,172.44,3.009670
2026-07-22 12:46:50.366,153.401,183.52,3.202952,180.88,3.156932,180.18,3.144661,177.54,3.098641,176.84,3.086369,172.44,3.009670
2026-07-22 12:46:50.400,153.434,183.52,3.202952,180.88,3.156932,180.18,3.144661,177.54,3.098641,176.84,3.086369,172.44,3.009670
2026-07-22 12:46:50.433,153.467,183.52,3.202952,180.88,3.156932,180.18,3.144661,177.54,3.098641,176.84,3.086369,172.44,3.009670
2026-07-22 12:46:50.466,153.501,183.52,3.202952,180.88,3.156932,180.18,3.144661,177.54,3.098641,176.84,3.086369,172.44,3.009670
2026-07-22 12:46:50.500,153.534,183.52,3.202952,180.88,3.156932,180.18,3.144661,177.54,3.098641,176.84,3.086369,172.44,3.009670
2026-07-22 12:46:50.533,153.568,183.52,3.202952,180.88,3.156932,180.18,3.144661,177.54,3.098641,176.84,3.086369,172.44,3.009670
2026-07-22 12:46:50.569,153.601,183.52,3.202952,180.88,3.156932,180.18,3.144661,177.54,3.098641,176.84,3.086369,172.44,3.009670
2026-07-22 12:46:50.602,153.634,183.52,3.202952,180.88,3.156932,180.18,3.144661,177.54,3.098641,176.84,3.086369,172.44,3.009670
2026-07-22 12:46:50.635,153.668,183.52,3.202952,180.88,3.156932,180.18,3.144661,177.54,3.098641,176.84,3.086369,172.44,3.009670
2026-07-22 12:46:50.667,153.701,183.52,3.202952,180.88,3.156932,180.18,3.144661,177.54,3.098641,176.84,3.086369,172.44,3.009670
2026-07-22 12:46:50.702,153.734,183.52,3.202952,180.88,3.156932,180.18,3.144661,177.54,3.098641,176.84,3.086369,172.44,3.009670
2026-07-22 12:46:50.733,153.767,183.52,3.202952,180.88,3.156932,180.18,3.144661,177.54,3.098641,176.84,3.086369,172.44,3.009670
2026-07-22 12:46:50.766,153.801,183.52,3.202952,180.88,3.156932,180.18,3.144661,177.54,3.098641,176.84,3.086369,172.44,3.009670
2026-07-22 12:46:50.800,153.834,183.52,3.202952,180.88,3.156932,180.18,3.144661,177.54,3.098641,176.84,3.086369,172.44,3.009670
2026-07-22 12:46:50.832,153.867,183.52,3.202952,180.88,3.156932,180.18,3.144661,177.54,3.098641,176.84,3.086369,172.44,3.009670
2026-07-22 12:46:50.866,153.900,183.52,3.202952,180.88,3.156932,180.18,3.144661,177.54,3.098641,176.84,3.086369,172.44,3.009670
2026-07-22 12:46:50.900,153.934,183.52,3.202952,180.88,3.156932,180.18,3.144661,177.54,3.098641,176.84,3.086369,172.44,3.009670
2026-07-22 12:46:50.933,153.967,183.52,3.202952,180.88,3.156932,180.18,3.144661,177.54,3.098641,176.84,3.086369,172.44,3.009670
2026-07-22 12:46:50.967,154.001,183.52,3.202952,180.88,3.156932,180.18,3.144661,177.54,3.098641,176.84,3.086369,172.44,3.009670
2026-07-22 12:46:51.000,154.034,183.52,3.202952,180.88,3.156932,180.18,3.144661,177.54,3.098641,176.84,3.086369,172.44,3.009670
2026-07-22 12:46:51.033,154.068,183.52,3.202952,180.88,3.156932,180.18,3.144661,177.54,3.098641,176.84,3.086369,172.44,3.009670
2026-07-22 12:46:51.068,154.101,183.52,3.202952,180.88,3.156932,180.18,3.144661,177.54,3.098641,176.84,3.086369,172.44,3.009670
2026-07-22 12:46:51.099,154.134,183.52,3.202952,180.88,3.156932,180.18,3.144661,177.54,3.098641,176.84,3.086369,172.44,3.009670
2026-07-22 12:46:51.133,154.167,183.52,3.202952,180.88,3.156932,180.18,3.144661,177.54,3.098641,176.84,3.086369,172.44,3.009670
2026-07-22 12:46:51.167,154.201,183.52,3.202952,180.88,3.156932,180.18,3.144661,177.54,3.098641,176.84,3.086369,172.44,3.009670
2026-07-22 12:46:51.200,154.235,183.52,3.202952,180.88,3.156932,180.18,3.144661,177.54,3.098641,176.84,3.086369,172.44,3.009670
2026-07-22 12:46:51.233,154.268,183.52,3.202952,180.88,3.156932,180.18,3.144661,177.54,3.098641,176.84,3.086369,172.44,3.009670
2026-07-22 12:46:51.265,154.300,183.52,3.202952,180.88,3.156932,180.18,3.144661,177.54,3.098641,176.84,3.086369,172.44,3.009670
2026-07-22 12:46:51.299,154.334,183.52,3.202952,180.88,3.156932,180.18,3.144661,177.54,3.098641,176.84,3.086369,172.44,3.009670
2026-07-22 12:46:51.334,154.367,183.52,3.202952,180.88,3.156932,180.18,3.144661,177.54,3.098641,176.84,3.086369,172.44,3.009670
2026-07-22 12:46:51.369,154.401,183.52,3.202952,180.88,3.156932,180.18,3.144661,177.54,3.098641,176.84,3.086369,172.44,3.009670
2026-07-22 12:46:51.401,154.434,183.52,3.202952,180.88,3.156932,180.18,3.144661,177.54,3.098641,176.84,3.086369,172.44,3.009670
2026-07-22 12:46:51.435,154.467,183.52,3.202952,180.88,3.156932,180.18,3.144661,177.54,3.098641,176.84,3.086369,172.44,3.009670
2026-07-22 12:46:51.468,154.502,183.52,3.202952,180.88,3.156932,180.18,3.144661,177.54,3.098641,176.84,3.086369,172.44,3.009670
2026-07-22 12:46:51.500,154.535,183.52,3.202952,180.88,3.156932,180.18,3.144661,177.54,3.098641,176.84,3.086369,172.44,3.009670
2026-07-22 12:46:51.533,154.567,183.52,3.202952,180.88,3.156932,180.18,3.144661,177.54,3.098641,176.84,3.086369,172.44,3.009670
2026-07-22 12:46:51.567,154.601,183.52,3.202952,180.88,3.156932,180.18,3.144661,177.54,3.098641,176.84,3.086369,172.44,3.009670
2026-07-22 12:46:51.599,154.634,183.52,3.202952,180.88,3.156932,180.18,3.144661,177.54,3.098641,176.84,3.086369,172.44,3.009670
2026-07-22 12:46:51.632,154.667,183.52,3.202952,180.88,3.156932,180.18,3.144661,177.54,3.098641,176.84,3.086369,172.44,3.009670
2026-07-22 12:46:51.665,154.701,183.52,3.202952,180.88,3.156932,180.18,3.144661,177.54,3.098641,176.84,3.086369,172.44,3.009670
2026-07-22 12:46:51.699,154.734,183.52,3.202952,180.88,3.156932,180.18,3.144661,177.54,3.098641,176.84,3.086369,172.44,3.009670
2026-07-22 12:46:51.733,154.767,183.52,3.202952,180.88,3.156932,180.18,3.144661,177.54,3.098641,176.84,3.086369,172.44,3.009670
2026-07-22 12:46:51.766,154.801,183.52,3.202952,180.88,3.156932,180.18,3.144661,177.54,3.098641,176.84,3.086369,172.44,3.009670
2026-07-22 12:46:51.800,154.834,183.52,3.202952,180.88,3.156932,180.18,3.144661,177.54,3.098641,176.84,3.086369,172.44,3.009670
2026-07-22 12:46:51.833,154.867,183.52,3.202952,180.88,3.156932,180.18,3.144661,177.54,3.098641,176.84,3.086369,172.44,3.009670
2026-07-22 12:46:51.866,154.901,183.52,3.202952,180.88,3.156932,180.18,3.144661,177.54,3.098641,176.84,3.086369,172.44,3.009670
2026-07-22 12:46:51.901,154.935,183.52,3.202952,180.88,3.156932,180.18,3.144661,177.54,3.098641,176.84,3.086369,172.44,3.009670
2026-07-22 12:46:51.932,154.967,183.52,3.202952,180.88,3.156932,180.18,3.144661,177.54,3.098641,176.84,3.086369,172.44,3.009670
2026-07-22 12:46:51.966,155.000,183.52,3.202952,180.88,3.156932,180.18,3.144661,177.54,3.098641,176.84,3.086369,172.44,3.009670
2026-07-22 12:46:51.999,155.034,183.52,3.202952,180.88,3.156932,180.18,3.144661,177.54,3.098641,176.84,3.086369,172.44,3.009670
2026-07-22 12:46:52.032,155.067,183.52,3.202952,180.88,3.156932,180.18,3.144661,177.54,3.098641,176.84,3.086369,172.44,3.009670
2026-07-22 12:46:52.067,155.101,183.52,3.202952,180.88,3.156932,180.18,3.144661,177.54,3.098641,176.84,3.086369,172.44,3.009670
2026-07-22 12:46:52.100,155.134,183.52,3.202952,180.88,3.156932,180.18,3.144661,177.54,3.098641,176.84,3.086369,172.44,3.009670
2026-07-22 12:46:52.134,155.167,183.52,3.202952,180.88,3.156932,180.18,3.144661,177.54,3.098641,176.84,3.086369,172.44,3.009670
2026-07-22 12:46:52.167,155.200,183.52,3.202952,180.88,3.156932,180.18,3.144661,177.54,3.098641,176.84,3.086369,172.44,3.009670
2026-07-22 12:46:52.199,155.234,183.52,3.202952,180.88,3.156932,180.18,3.144661,177.54,3.098641,176.84,3.086369,172.44,3.009670
2026-07-22 12:46:52.233,155.268,183.52,3.202952,180.88,3.156932,180.18,3.144661,177.54,3.098641,176.84,3.086369,172.44,3.009670
2026-07-22 12:46:52.267,155.301,183.52,3.202952,180.88,3.156932,180.18,3.144661,177.54,3.098641,176.84,3.086369,172.44,3.009670
2026-07-22 12:46:52.300,155.334,183.52,3.202952,180.88,3.156932,180.18,3.144661,177.54,3.098641,176.84,3.086369,172.44,3.009670
2026-07-22 12:46:52.333,155.367,183.52,3.202952,180.88,3.156932,180.18,3.144661,177.54,3.098641,176.84,3.086369,172.44,3.009670
2026-07-22 12:46:52.366,155.401,183.52,3.202952,180.88,3.156932,180.18,3.144661,177.54,3.098641,176.84,3.086369,172.44,3.009670
2026-07-22 12:46:52.400,155.434,183.52,3.202952,180.88,3.156932,180.18,3.144661,177.54,3.098641,176.84,3.086369,172.44,3.009670
2026-07-22 12:46:52.434,155.468,183.52,3.202952,180.88,3.156932,180.18,3.144661,177.54,3.098641,176.84,3.086369,172.44,3.009670
2026-07-22 12:46:52.466,155.501,183.52,3.202952,180.88,3.156932,180.18,3.144661,177.54,3.098641,176.84,3.086369,172.44,3.009670
2026-07-22 12:46:52.501,155.534,183.52,3.202952,180.88,3.156932,180.18,3.144661,177.54,3.098641,176.84,3.086369,172.44,3.009670
2026-07-22 12:46:52.533,155.567,183.52,3.202952,180.88,3.156932,180.18,3.144661,177.54,3.098641,176.84,3.086369,172.44,3.009670
2026-07-22 12:46:52.566,155.601,183.52,3.202952,180.88,3.156932,180.18,3.144661,177.54,3.098641,176.84,3.086369,172.44,3.009670
2026-07-22 12:46:52.599,155.634,183.52,3.202952,180.88,3.156932,180.18,3.144661,177.54,3.098641,176.84,3.086369,172.44,3.009670
2026-07-22 12:46:52.633,155.667,183.52,3.202952,180.88,3.156932,180.18,3.144661,177.54,3.098641,176.84,3.086369,172.44,3.009670
2026-07-22 12:46:52.666,155.701,183.52,3.202952,180.88,3.156932,180.18,3.144661,177.54,3.098641,176.84,3.086369,172.44,3.009670
2026-07-22 12:46:52.699,155.734,183.52,3.202952,180.88,3.156932,180.18,3.144661,177.54,3.098641,176.84,3.086369,172.44,3.009670
2026-07-22 12:46:52.732,155.767,183.52,3.202952,180.88,3.156932,180.18,3.144661,177.54,3.098641,176.84,3.086369,172.44,3.009670
2026-07-22 12:46:52.766,155.801,183.52,3.202952,180.88,3.156932,180.18,3.144661,177.54,3.098641,176.84,3.086369,172.44,3.009670
2026-07-22 12:46:52.799,155.834,183.52,3.202952,180.88,3.156932,180.18,3.144661,177.54,3.098641,176.84,3.086369,172.44,3.009670
2026-07-22 12:46:52.833,155.868,183.52,3.202952,180.88,3.156932,180.18,3.144661,177.54,3.098641,176.84,3.086369,172.44,3.009670
2026-07-22 12:46:52.867,155.901,183.52,3.202952,180.88,3.156932,180.18,3.144661,177.54,3.098641,176.84,3.086369,172.44,3.009670
2026-07-22 12:46:52.900,155.935,183.52,3.202952,180.88,3.156932,180.18,3.144661,177.54,3.098641,176.84,3.086369,172.44,3.009670
2026-07-22 12:46:52.934,155.967,183.52,3.202952,180.88,3.156932,180.18,3.144661,177.54,3.098641,176.84,3.086369,172.44,3.009670
2026-07-22 12:46:52.968,156.001,183.52,3.202952,180.88,3.156932,180.18,3.144661,177.54,3.098641,176.84,3.086369,172.44,3.009670
2026-07-22 12:46:53.001,156.034,183.52,3.202952,180.88,3.156932,180.18,3.144661,177.54,3.098641,176.84,3.086369,172.44,3.009670
2026-07-22 12:46:53.033,156.067,183.52,3.202952,180.88,3.156932,180.18,3.144661,177.54,3.098641,176.84,3.086369,172.44,3.009670
2026-07-22 12:46:53.067,156.101,183.52,3.202952,180.88,3.156932,180.18,3.144661,177.54,3.098641,176.84,3.086369,172.44,3.009670
2026-07-22 12:46:53.100,156.134,183.52,3.202952,180.88,3.156932,180.18,3.144661,177.54,3.098641,176.84,3.086369,172.44,3.009670
2026-07-22 12:46:53.133,156.167,183.52,3.202952,180.88,3.156932,180.18,3.144661,177.54,3.098641,176.84,3.086369,172.44,3.009670
2026-07-22 12:46:53.166,156.201,183.52,3.202952,180.88,3.156932,180.18,3.144661,177.54,3.098641,176.84,3.086369,172.44,3.009670
2026-07-22 12:46:53.199,156.234,183.52,3.202952,180.88,3.156932,180.18,3.144661,177.54,3.098641,176.84,3.086369,172.44,3.009670
2026-07-22 12:46:53.233,156.268,183.52,3.202952,180.88,3.156932,180.18,3.144661,177.54,3.098641,176.84,3.086369,172.44,3.009670
2026-07-22 12:46:53.266,156.301,183.52,3.202952,180.88,3.156932,180.18,3.144661,177.54,3.098641,176.84,3.086369,172.44,3.009670
2026-07-22 12:46:53.300,156.334,183.52,3.202952,180.88,3.156932,180.18,3.144661,177.54,3.098641,176.84,3.086369,172.44,3.009670
2026-07-22 12:46:53.333,156.368,183.52,3.202952,180.88,3.156932,180.18,3.144661,177.54,3.098641,176.84,3.086369,172.44,3.009670
2026-07-22 12:46:53.366,156.401,183.52,3.202952,180.88,3.156932,180.18,3.144661,177.54,3.098641,176.84,3.086369,172.44,3.009670
2026-07-22 12:46:53.400,156.434,183.52,3.202952,180.88,3.156932,180.18,3.144661,177.54,3.098641,176.84,3.086369,172.44,3.009670
2026-07-22 12:46:53.433,156.467,183.52,3.202952,180.88,3.156932,180.18,3.144661,177.54,3.098641,176.84,3.086369,172.44,3.009670
2026-07-22 12:46:53.466,156.501,183.52,3.202952,180.88,3.156932,180.18,3.144661,177.54,3.098641,176.84,3.086369,172.44,3.009670
2026-07-22 12:46:53.499,156.534,183.52,3.202952,180.88,3.156932,180.18,3.144661,177.54,3.098641,176.84,3.086369,172.44,3.009670
2026-07-22 12:46:53.532,156.567,183.52,3.202952,180.88,3.156932,180.18,3.144661,177.54,3.098641,176.84,3.086369,172.44,3.009670
2026-07-22 12:46:53.565,156.600,183.52,3.202952,180.88,3.156932,180.18,3.144661,177.54,3.098641,176.84,3.086369,172.44,3.009670
2026-07-22 12:46:53.599,156.634,183.52,3.202952,180.88,3.156932,180.18,3.144661,177.54,3.098641,176.84,3.086369,172.44,3.009670
2026-07-22 12:46:53.633,156.667,183.52,3.202952,180.88,3.156932,180.18,3.144661,177.54,3.098641,176.84,3.086369,172.44,3.009670
2026-07-22 12:46:53.666,156.701,183.52,3.202952,180.88,3.156932,180.18,3.144661,177.54,3.098641,176.84,3.086369,172.44,3.009670
2026-07-22 12:46:53.699,156.734,183.52,3.202952,180.88,3.156932,180.18,3.144661,177.54,3.098641,176.84,3.086369,172.44,3.009670
2026-07-22 12:46:53.733,156.767,183.52,3.202952,180.88,3.156932,180.18,3.144661,177.54,3.098641,176.84,3.086369,172.44,3.009670
2026-07-22 12:46:53.769,156.801,183.52,3.202952,180.88,3.156932,180.18,3.144661,177.54,3.098641,176.84,3.086369,172.44,3.009670
2026-07-22 12:46:53.801,156.834,183.52,3.202952,180.88,3.156932,180.18,3.144661,177.54,3.098641,176.84,3.086369,172.44,3.009670
2026-07-22 12:46:53.836,156.867,183.52,3.202952,180.88,3.156932,180.18,3.144661,177.54,3.098641,176.84,3.086369,172.44,3.009670
2026-07-22 12:46:53.868,156.902,183.52,3.202952,180.88,3.156932,180.18,3.144661,177.54,3.098641,176.84,3.086369,172.44,3.009670
2026-07-22 12:46:53.901,156.935,183.52,3.202952,180.88,3.156932,180.18,3.144661,177.54,3.098641,176.84,3.086369,172.44,3.009670
2026-07-22 12:46:53.934,156.968,183.52,3.202952,180.88,3.156932,180.18,3.144661,177.54,3.098641,176.84,3.086369,172.44,3.009670
2026-07-22 12:46:53.970,157.001,183.52,3.202952,180.88,3.156932,180.18,3.144661,177.54,3.098641,176.84,3.086369,172.44,3.009670
2026-07-22 12:46:54.000,157.034,183.52,3.202952,180.88,3.156932,180.18,3.144661,177.54,3.098641,176.84,3.086369,172.44,3.009670
2026-07-22 12:46:54.034,157.067,183.52,3.202952,180.88,3.156932,180.18,3.144661,177.54,3.098641,176.84,3.086369,172.44,3.009670
2026-07-22 12:46:54.066,157.101,183.52,3.202952,180.88,3.156932,180.18,3.144661,177.54,3.098641,176.84,3.086369,172.44,3.009670
2026-07-22 12:46:54.103,157.136,183.52,3.202952,180.88,3.156932,180.18,3.144661,177.54,3.098641,176.84,3.086369,172.44,3.009670
2026-07-22 12:46:54.132,157.168,183.52,3.202952,180.88,3.156932,180.18,3.144661,177.54,3.098641,176.84,3.086369,172.44,3.009670
2026-07-22 12:46:54.166,157.201,183.52,3.202952,180.88,3.156932,180.18,3.144661,177.54,3.098641,176.84,3.086369,172.44,3.009670
2026-07-22 12:46:54.199,157.234,183.52,3.202952,180.88,3.156932,180.18,3.144661,177.54,3.098641,176.84,3.086369,172.44,3.009670
2026-07-22 12:46:54.233,157.268,183.52,3.202952,180.88,3.156932,180.18,3.144661,177.54,3.098641,176.84,3.086369,172.44,3.009670
2026-07-22 12:46:54.266,157.300,183.52,3.202952,180.88,3.156932,180.18,3.144661,177.54,3.098641,176.84,3.086369,172.44,3.009670
2026-07-22 12:46:54.300,157.334,183.52,3.202952,180.88,3.156932,180.18,3.144661,177.54,3.098641,176.84,3.086369,172.44,3.009670
2026-07-22 12:46:54.334,157.367,183.52,3.202952,180.88,3.156932,180.18,3.144661,177.54,3.098641,176.84,3.086369,172.44,3.009670
2026-07-22 12:46:54.366,157.401,183.52,3.202952,180.88,3.156932,180.18,3.144661,177.54,3.098641,176.84,3.086369,172.44,3.009670
2026-07-22 12:46:54.400,157.434,183.52,3.202952,180.88,3.156932,180.18,3.144661,177.54,3.098641,176.84,3.086369,172.44,3.009670
2026-07-22 12:46:54.432,157.467,183.52,3.202952,180.88,3.156932,180.18,3.144661,177.54,3.098641,176.84,3.086369,172.44,3.009670
2026-07-22 12:46:54.467,157.501,183.52,3.202952,180.88,3.156932,180.18,3.144661,177.54,3.098641,176.84,3.086369,172.44,3.009670
2026-07-22 12:46:54.501,157.535,183.52,3.202952,180.88,3.156932,180.18,3.144661,177.54,3.098641,176.84,3.086369,172.44,3.009670
2026-07-22 12:46:54.535,157.567,183.52,3.202952,180.88,3.156932,180.18,3.144661,177.54,3.098641,176.84,3.086369,172.44,3.009670
2026-07-22 12:46:54.566,157.601,183.52,3.202952,180.88,3.156932,180.18,3.144661,177.54,3.098641,176.84,3.086369,172.44,3.009670
2026-07-22 12:46:54.604,157.635,183.52,3.202952,180.88,3.156932,180.18,3.144661,177.54,3.098641,176.84,3.086369,172.44,3.009670
2026-07-22 12:46:54.634,157.667,183.52,3.202952,180.88,3.156932,180.18,3.144661,177.54,3.098641,176.84,3.086369,172.44,3.009670
2026-07-22 12:46:54.668,157.702,183.52,3.202952,180.88,3.156932,180.18,3.144661,177.54,3.098641,176.84,3.086369,172.44,3.009670
2026-07-22 12:46:54.700,157.734,183.52,3.202952,180.88,3.156932,180.18,3.144661,177.54,3.098641,176.84,3.086369,172.44,3.009670
2026-07-22 12:46:54.736,157.769,183.52,3.202952,180.88,3.156932,180.18,3.144661,177.54,3.098641,176.84,3.086369,172.44,3.009670
2026-07-22 12:46:54.767,157.802,183.52,3.202952,180.88,3.156932,180.18,3.144661,177.54,3.098641,176.84,3.086369,172.44,3.009670
2026-07-22 12:46:54.799,157.834,183.52,3.202952,180.88,3.156932,180.18,3.144661,177.54,3.098641,176.84,3.086369,172.44,3.009670
2026-07-22 12:46:54.833,157.868,183.52,3.202952,180.88,3.156932,180.18,3.144661,177.54,3.098641,176.84,3.086369,172.44,3.009670
2026-07-22 12:46:54.871,157.901,183.52,3.202952,180.88,3.156932,180.18,3.144661,177.54,3.098641,176.84,3.086369,172.44,3.009670
2026-07-22 12:46:54.900,157.934,183.52,3.202952,180.88,3.156932,180.18,3.144661,177.54,3.098641,176.84,3.086369,172.44,3.009670
2026-07-22 12:46:54.933,157.967,183.52,3.202952,180.88,3.156932,180.18,3.144661,177.54,3.098641,176.84,3.086369,172.44,3.009670
2026-07-22 12:46:54.967,158.001,183.52,3.202952,180.88,3.156932,180.18,3.144661,177.54,3.098641,176.84,3.086369,172.44,3.009670
2026-07-22 12:46:55.001,158.036,183.52,3.202952,180.88,3.156932,180.18,3.144661,177.54,3.098641,176.84,3.086369,172.44,3.009670
2026-07-22 12:46:55.035,158.067,183.52,3.202952,180.88,3.156932,180.18,3.144661,177.54,3.098641,176.84,3.086369,172.44,3.009670
2026-07-22 12:46:55.070,158.101,183.52,3.202952,180.88,3.156932,180.18,3.144661,177.54,3.098641,176.84,3.086369,172.44,3.009670
2026-07-22 12:46:55.099,158.134,183.52,3.202952,180.88,3.156932,180.18,3.144661,177.54,3.098641,176.84,3.086369,172.44,3.009670
2026-07-22 12:46:55.134,158.167,183.52,3.202952,180.88,3.156932,180.18,3.144661,177.54,3.098641,176.84,3.086369,172.44,3.009670
2026-07-22 12:46:55.168,158.201,183.52,3.202952,180.88,3.156932,180.18,3.144661,177.54,3.098641,176.84,3.086369,172.44,3.009670
2026-07-22 12:46:55.200,158.234,183.52,3.202952,180.88,3.156932,180.18,3.144661,177.54,3.098641,176.84,3.086369,172.44,3.009670
2026-07-22 12:46:55.233,158.268,183.52,3.202952,180.88,3.156932,180.18,3.144661,177.54,3.098641,176.84,3.086369,172.44,3.009670
2026-07-22 12:46:55.266,158.301,183.52,3.202952,180.88,3.156932,180.18,3.144661,177.54,3.098641,176.84,3.086369,172.44,3.009670
2026-07-22 12:46:55.302,158.334,183.52,3.202952,180.88,3.156932,180.18,3.144661,177.54,3.098641,176.84,3.086369,172.44,3.009670
2026-07-22 12:46:55.336,158.368,183.52,3.202952,180.88,3.156932,180.18,3.144661,177.54,3.098641,176.84,3.086369,172.44,3.009670
2026-07-22 12:46:55.366,158.400,183.52,3.202952,180.88,3.156932,180.18,3.144661,177.54,3.098641,176.84,3.086369,172.44,3.009670
2026-07-22 12:46:55.402,158.434,183.52,3.202952,180.88,3.156932,180.18,3.144661,177.54,3.098641,176.84,3.086369,172.44,3.009670
2026-07-22 12:46:55.434,158.468,183.52,3.202952,180.88,3.156932,180.18,3.144661,177.54,3.098641,176.84,3.086369,172.44,3.009670
2026-07-22 12:46:55.466,158.501,183.52,3.202952,180.88,3.156932,180.18,3.144661,177.54,3.098641,176.84,3.086369,172.44,3.009670
2026-07-22 12:46:55.499,158.534,183.52,3.202952,180.88,3.156932,180.18,3.144661,177.54,3.098641,176.84,3.086369,172.44,3.009670
2026-07-22 12:46:55.533,158.568,183.52,3.202952,180.88,3.156932,180.18,3.144661,177.54,3.098641,176.84,3.086369,172.44,3.009670
2026-07-22 12:46:55.566,158.600,183.52,3.202952,180.88,3.156932,180.18,3.144661,177.54,3.098641,176.84,3.086369,172.44,3.009670
2026-07-22 12:46:55.600,158.634,183.52,3.202952,180.88,3.156932,180.18,3.144661,177.54,3.098641,176.84,3.086369,172.44,3.009670
2026-07-22 12:46:55.633,158.668,183.52,3.202952,180.88,3.156932,180.18,3.144661,177.54,3.098641,176.84,3.086369,172.44,3.009670
2026-07-22 12:46:55.666,158.701,183.52,3.202952,180.88,3.156932,180.18,3.144661,177.54,3.098641,176.84,3.086369,172.44,3.009670
2026-07-22 12:46:55.700,158.734,183.52,3.202952,180.88,3.156932,180.18,3.144661,177.54,3.098641,176.84,3.086369,172.44,3.009670
2026-07-22 12:46:55.734,158.768,183.52,3.202952,180.88,3.156932,180.18,3.144661,177.54,3.098641,176.84,3.086369,172.44,3.009670
2026-07-22 12:46:55.766,158.801,183.52,3.202952,180.88,3.156932,180.18,3.144661,177.54,3.098641,176.84,3.086369,172.44,3.009670
2026-07-22 12:46:55.799,158.834,183.52,3.202952,180.88,3.156932,180.18,3.144661,177.54,3.098641,176.84,3.086369,172.44,3.009670
2026-07-22 12:46:55.833,158.867,183.52,3.202952,180.88,3.156932,180.18,3.144661,177.54,3.098641,176.84,3.086369,172.44,3.009670
2026-07-22 12:46:55.867,158.901,183.52,3.202952,180.88,3.156932,180.18,3.144661,177.54,3.098641,176.84,3.086369,172.44,3.009670
2026-07-22 12:46:55.901,158.934,183.52,3.202952,180.88,3.156932,180.18,3.144661,177.54,3.098641,176.84,3.086369,172.44,3.009670
2026-07-22 12:46:55.936,158.967,183.52,3.202952,180.88,3.156932,180.18,3.144661,177.54,3.098641,176.84,3.086369,172.44,3.009670
2026-07-22 12:46:55.966,159.001,183.52,3.202952,180.88,3.156932,180.18,3.144661,177.54,3.098641,176.84,3.086369,172.44,3.009670
2026-07-22 12:46:56.001,159.034,183.52,3.202952,180.88,3.156932,180.18,3.144661,177.54,3.098641,176.84,3.086369,172.44,3.009670
2026-07-22 12:46:56.032,159.068,183.52,3.202952,180.88,3.156932,180.18,3.144661,177.54,3.098641,176.84,3.086369,172.44,3.009670
2026-07-22 12:46:56.066,159.101,183.52,3.202952,180.88,3.156932,180.18,3.144661,177.54,3.098641,176.84,3.086369,172.44,3.009670
2026-07-22 12:46:56.101,159.134,183.52,3.202952,180.88,3.156932,180.18,3.144661,177.54,3.098641,176.84,3.086369,172.44,3.009670
2026-07-22 12:46:56.134,159.168,183.52,3.202952,180.88,3.156932,180.18,3.144661,177.54,3.098641,176.84,3.086369,172.44,3.009670
2026-07-22 12:46:56.171,159.201,183.52,3.202952,180.88,3.156932,180.18,3.144661,177.54,3.098641,176.84,3.086369,172.44,3.009670
2026-07-22 12:46:56.200,159.234,183.52,3.202952,180.88,3.156932,180.18,3.144661,177.54,3.098641,176.84,3.086369,172.44,3.009670
2026-07-22 12:46:56.233,159.268,183.52,3.202952,180.88,3.156932,180.18,3.144661,177.54,3.098641,176.84,3.086369,172.44,3.009670
2026-07-22 12:46:56.268,159.302,183.52,3.202952,180.88,3.156932,180.18,3.144661,177.54,3.098641,176.84,3.086369,172.44,3.009670
2026-07-22 12:46:56.302,159.336,183.52,3.202952,180.88,3.156932,180.18,3.144661,177.54,3.098641,176.84,3.086369,172.44,3.009670
2026-07-22 12:46:56.334,159.367,183.52,3.202952,180.88,3.156932,180.18,3.144661,177.54,3.098641,176.84,3.086369,172.44,3.009670
2026-07-22 12:46:56.368,159.402,183.52,3.202952,180.88,3.156932,180.18,3.144661,177.54,3.098641,176.84,3.086369,172.44,3.009670
2026-07-22 12:46:56.399,159.434,183.52,3.202952,180.88,3.156932,180.18,3.144661,177.54,3.098641,176.84,3.086369,172.44,3.009670
2026-07-22 12:46:56.432,159.468,183.52,3.202952,180.88,3.156932,180.18,3.144661,177.54,3.098641,176.84,3.086369,172.44,3.009670
2026-07-22 12:46:56.466,159.502,183.52,3.202952,180.88,3.156932,180.18,3.144661,177.54,3.098641,176.84,3.086369,172.44,3.009670
2026-07-22 12:46:56.500,159.534,183.52,3.202952,180.88,3.156932,180.18,3.144661,177.54,3.098641,176.84,3.086369,172.44,3.009670
2026-07-22 12:46:56.533,159.568,183.52,3.202952,180.88,3.156932,180.18,3.144661,177.54,3.098641,176.84,3.086369,172.44,3.009670
2026-07-22 12:46:56.565,159.601,183.52,3.202952,180.88,3.156932,180.18,3.144661,177.54,3.098641,176.84,3.086369,172.44,3.009670
2026-07-22 12:46:56.600,159.634,183.52,3.202952,180.88,3.156932,180.18,3.144661,177.54,3.098641,176.84,3.086369,172.44,3.009670
2026-07-22 12:46:56.632,159.667,183.52,3.202952,180.88,3.156932,180.18,3.144661,177.54,3.098641,176.84,3.086369,172.44,3.009670
2026-07-22 12:46:56.666,159.701,183.52,3.202952,180.88,3.156932,180.18,3.144661,177.54,3.098641,176.84,3.086369,172.44,3.009670
2026-07-22 12:46:56.700,159.734,183.52,3.202952,180.88,3.156932,180.18,3.144661,177.54,3.098641,176.84,3.086369,172.44,3.009670
2026-07-22 12:46:56.733,159.767,183.52,3.202952,180.88,3.156932,180.18,3.144661,177.54,3.098641,176.84,3.086369,172.44,3.009670
2026-07-22 12:46:56.767,159.801,183.52,3.202952,180.88,3.156932,180.18,3.144661,177.54,3.098641,176.84,3.086369,172.44,3.009670
2026-07-22 12:46:56.800,159.834,183.52,3.202952,180.88,3.156932,180.18,3.144661,177.54,3.098641,176.84,3.086369,172.44,3.009670
2026-07-22 12:46:56.833,159.868,183.52,3.202952,180.88,3.156932,180.18,3.144661,177.54,3.098641,176.84,3.086369,172.44,3.009670
2026-07-22 12:46:56.866,159.901,183.52,3.202952,180.88,3.156932,180.18,3.144661,177.54,3.098641,176.84,3.086369,172.44,3.009670
2026-07-22 12:46:56.900,159.934,183.52,3.202952,180.88,3.156932,180.18,3.144661,177.54,3.098641,176.84,3.086369,172.44,3.009670
2026-07-22 12:46:56.935,159.967,183.52,3.202952,180.88,3.156932,180.18,3.144661,177.54,3.098641,176.84,3.086369,172.44,3.009670
2026-07-22 12:46:56.968,160.001,183.52,3.202952,180.88,3.156932,180.18,3.144661,177.54,3.098641,176.84,3.086369,172.44,3.009670
2026-07-22 12:46:57.003,160.034,183.52,3.202952,180.88,3.156932,180.18,3.144661,177.54,3.098641,176.84,3.086369,172.44,3.009670
2026-07-22 12:46:57.036,160.068,183.52,3.202952,180.88,3.156932,180.18,3.144661,177.54,3.098641,176.84,3.086369,172.44,3.009670
2026-07-22 12:46:57.069,160.102,183.52,3.202952,180.88,3.156932,180.18,3.144661,177.54,3.098641,176.84,3.086369,172.44,3.009670
2026-07-22 12:46:57.099,160.134,183.52,3.202952,180.88,3.156932,180.18,3.144661,177.54,3.098641,176.84,3.086369,172.44,3.009670
2026-07-22 12:46:57.132,160.168,183.52,3.202952,180.88,3.156932,180.18,3.144661,177.54,3.098641,176.84,3.086369,172.44,3.009670
2026-07-22 12:46:57.167,160.202,183.52,3.202952,180.88,3.156932,180.18,3.144661,177.54,3.098641,176.84,3.086369,172.44,3.009670
2026-07-22 12:46:57.200,160.234,183.52,3.202952,180.88,3.156932,180.18,3.144661,177.54,3.098641,176.84,3.086369,172.44,3.009670
2026-07-22 12:46:57.234,160.268,183.52,3.202952,180.88,3.156932,180.18,3.144661,177.54,3.098641,176.84,3.086369,172.44,3.009670
2026-07-22 12:46:57.266,160.301,183.52,3.202952,180.88,3.156932,180.18,3.144661,177.54,3.098641,176.84,3.086369,172.44,3.009670
2026-07-22 12:46:57.300,160.334,183.52,3.202952,180.88,3.156932,180.18,3.144661,177.54,3.098641,176.84,3.086369,172.44,3.009670
2026-07-22 12:46:57.333,160.367,183.52,3.202952,180.88,3.156932,180.18,3.144661,177.54,3.098641,176.84,3.086369,172.44,3.009670
2026-07-22 12:46:57.367,160.401,183.52,3.202952,180.88,3.156932,180.18,3.144661,177.54,3.098641,176.84,3.086369,172.44,3.009670
2026-07-22 12:46:57.402,160.434,183.52,3.202952,180.88,3.156932,180.18,3.144661,177.54,3.098641,176.84,3.086369,172.44,3.009670
2026-07-22 12:46:57.434,160.468,183.52,3.202952,180.88,3.156932,180.18,3.144661,177.54,3.098641,176.84,3.086369,172.44,3.009670
2026-07-22 12:46:57.467,160.501,183.52,3.202952,180.88,3.156932,180.18,3.144661,177.54,3.098641,176.84,3.086369,172.44,3.009670
2026-07-22 12:46:57.501,160.534,183.52,3.202952,180.88,3.156932,180.18,3.144661,177.54,3.098641,176.84,3.086369,172.44,3.009670
2026-07-22 12:46:57.533,160.567,183.52,3.202952,180.88,3.156932,180.18,3.144661,177.54,3.098641,176.84,3.086369,172.44,3.009670
2026-07-22 12:46:57.566,160.601,183.52,3.202952,180.88,3.156932,180.18,3.144661,177.54,3.098641,176.84,3.086369,172.44,3.009670
2026-07-22 12:46:57.599,160.634,183.52,3.202952,180.88,3.156932,180.18,3.144661,177.54,3.098641,176.84,3.086369,172.44,3.009670
2026-07-22 12:46:57.633,160.668,183.52,3.202952,180.88,3.156932,180.18,3.144661,177.54,3.098641,176.84,3.086369,172.44,3.009670
2026-07-22 12:46:57.666,160.701,183.52,3.202952,180.88,3.156932,180.18,3.144661,177.54,3.098641,176.84,3.086369,172.44,3.009670
2026-07-22 12:46:57.699,160.734,183.52,3.202952,180.88,3.156932,180.18,3.144661,177.54,3.098641,176.84,3.086369,172.44,3.009670
2026-07-22 12:46:57.735,160.767,183.52,3.202952,180.88,3.156932,180.18,3.144661,177.54,3.098641,176.84,3.086369,172.44,3.009670
2026-07-22 12:46:57.767,160.801,183.52,3.202952,180.88,3.156932,180.18,3.144661,177.54,3.098641,176.84,3.086369,172.44,3.009670
2026-07-22 12:46:57.800,160.834,183.52,3.202952,180.88,3.156932,180.18,3.144661,177.54,3.098641,176.84,3.086369,172.44,3.009670
2026-07-22 12:46:57.835,160.868,183.52,3.202952,180.88,3.156932,180.18,3.144661,177.54,3.098641,176.84,3.086369,172.44,3.009670
2026-07-22 12:46:57.869,160.903,183.52,3.202952,180.88,3.156932,180.18,3.144661,177.54,3.098641,176.84,3.086369,172.44,3.009670
2026-07-22 12:46:57.899,160.934,183.52,3.202952,180.88,3.156932,180.18,3.144661,177.54,3.098641,176.84,3.086369,172.44,3.009670
2026-07-22 12:46:57.933,160.967,183.52,3.202952,180.88,3.156932,180.18,3.144661,177.54,3.098641,176.84,3.086369,172.44,3.009670
2026-07-22 12:46:57.966,161.001,183.52,3.202952,180.88,3.156932,180.18,3.144661,177.54,3.098641,176.84,3.086369,172.44,3.009670
2026-07-22 12:46:57.999,161.034,183.52,3.202952,180.88,3.156932,180.18,3.144661,177.54,3.098641,176.84,3.086369,172.44,3.009670
2026-07-22 12:46:58.035,161.068,183.52,3.202952,180.88,3.156932,180.18,3.144661,177.54,3.098641,176.84,3.086369,172.44,3.009670
2026-07-22 12:46:58.067,161.101,183.52,3.202952,180.88,3.156932,180.18,3.144661,177.54,3.098641,176.84,3.086369,172.44,3.009670
2026-07-22 12:46:58.099,161.134,183.52,3.202952,180.88,3.156932,180.18,3.144661,177.54,3.098641,176.84,3.086369,172.44,3.009670
2026-07-22 12:46:58.133,161.168,183.52,3.202952,180.88,3.156932,180.18,3.144661,177.54,3.098641,176.84,3.086369,172.44,3.009670
2026-07-22 12:46:58.166,161.201,183.52,3.202952,180.88,3.156932,180.18,3.144661,177.54,3.098641,176.84,3.086369,172.44,3.009670
2026-07-22 12:46:58.200,161.234,183.52,3.202952,180.88,3.156932,180.18,3.144661,177.54,3.098641,176.84,3.086369,172.44,3.009670
2026-07-22 12:46:58.234,161.268,183.52,3.202952,180.88,3.156932,180.18,3.144661,177.54,3.098641,176.84,3.086369,172.44,3.009670
2026-07-22 12:46:58.267,161.301,183.52,3.202952,180.88,3.156932,180.18,3.144661,177.54,3.098641,176.84,3.086369,172.44,3.009670
2026-07-22 12:46:58.301,161.335,183.52,3.202952,180.88,3.156932,180.18,3.144661,177.54,3.098641,176.84,3.086369,172.44,3.009670
2026-07-22 12:46:58.334,161.367,183.52,3.202952,180.88,3.156932,180.18,3.144661,177.54,3.098641,176.84,3.086369,172.44,3.009670
2026-07-22 12:46:58.368,161.401,183.52,3.202952,180.88,3.156932,180.18,3.144661,177.54,3.098641,176.84,3.086369,172.44,3.009670
2026-07-22 12:46:58.401,161.434,183.52,3.202952,180.88,3.156932,180.18,3.144661,177.54,3.098641,176.84,3.086369,172.44,3.009670
2026-07-22 12:46:58.433,161.467,183.52,3.202952,180.88,3.156932,180.18,3.144661,177.54,3.098641,176.84,3.086369,172.44,3.009670
2026-07-22 12:46:58.467,161.501,183.52,3.202952,180.88,3.156932,180.18,3.144661,177.54,3.098641,176.84,3.086369,172.44,3.009670
2026-07-22 12:46:58.501,161.534,183.52,3.202952,180.88,3.156932,180.18,3.144661,177.54,3.098641,176.84,3.086369,172.44,3.009670
2026-07-22 12:46:58.536,161.567,183.52,3.202952,180.88,3.156932,180.18,3.144661,177.54,3.098641,176.84,3.086369,172.44,3.009670
2026-07-22 12:46:58.571,161.600,183.52,3.202952,180.88,3.156932,180.18,3.144661,177.54,3.098641,176.84,3.086369,172.44,3.009670
2026-07-22 12:46:58.602,161.634,183.52,3.202952,180.88,3.156932,180.18,3.144661,177.54,3.098641,176.84,3.086369,172.44,3.009670
2026-07-22 12:46:58.634,161.668,183.52,3.202952,180.88,3.156932,180.18,3.144661,177.54,3.098641,176.84,3.086369,172.44,3.009670
2026-07-22 12:46:58.666,161.701,183.52,3.202952,180.88,3.156932,180.18,3.144661,177.54,3.098641,176.84,3.086369,172.44,3.009670
2026-07-22 12:46:58.700,161.734,183.52,3.202952,180.88,3.156932,180.18,3.144661,177.54,3.098641,176.84,3.086369,172.44,3.009670
2026-07-22 12:46:58.732,161.767,183.52,3.202952,180.88,3.156932,180.18,3.144661,177.54,3.098641,176.84,3.086369,172.44,3.009670
2026-07-22 12:46:58.766,161.801,183.52,3.202952,180.88,3.156932,180.18,3.144661,177.54,3.098641,176.84,3.086369,172.44,3.009670
2026-07-22 12:46:58.799,161.834,183.52,3.202952,180.88,3.156932,180.18,3.144661,177.54,3.098641,176.84,3.086369,172.44,3.009670
2026-07-22 12:46:58.833,161.868,183.52,3.202952,180.88,3.156932,180.18,3.144661,177.54,3.098641,176.84,3.086369,172.44,3.009670
2026-07-22 12:46:58.866,161.901,183.52,3.202952,180.88,3.156932,180.18,3.144661,177.54,3.098641,176.84,3.086369,172.44,3.009670
2026-07-22 12:46:58.899,161.934,183.52,3.202952,180.88,3.156932,180.18,3.144661,177.54,3.098641,176.84,3.086369,172.44,3.009670
2026-07-22 12:46:58.932,161.967,183.52,3.202952,180.88,3.156932,180.18,3.144661,177.54,3.098641,176.84,3.086369,172.44,3.009670
2026-07-22 12:46:58.966,162.001,183.52,3.202952,180.88,3.156932,180.18,3.144661,177.54,3.098641,176.84,3.086369,172.44,3.009670
2026-07-22 12:46:59.000,162.035,183.52,3.202952,180.88,3.156932,180.18,3.144661,177.54,3.098641,176.84,3.086369,172.44,3.009670
2026-07-22 12:46:59.032,162.067,183.52,3.202952,180.88,3.156932,180.18,3.144661,177.54,3.098641,176.84,3.086369,172.44,3.009670
2026-07-22 12:46:59.066,162.101,183.52,3.202952,180.88,3.156932,180.18,3.144661,177.54,3.098641,176.84,3.086369,172.44,3.009670
2026-07-22 12:46:59.099,162.134,183.52,3.202952,180.88,3.156932,180.18,3.144661,177.54,3.098641,176.84,3.086369,172.44,3.009670
2026-07-22 12:46:59.133,162.167,183.52,3.202952,180.88,3.156932,180.18,3.144661,177.54,3.098641,176.84,3.086369,172.44,3.009670
2026-07-22 12:46:59.166,162.201,183.52,3.202952,180.88,3.156932,180.18,3.144661,177.54,3.098641,176.84,3.086369,172.44,3.009670
2026-07-22 12:46:59.200,162.234,183.52,3.202952,180.88,3.156932,180.18,3.144661,177.54,3.098641,176.84,3.086369,172.44,3.009670
2026-07-22 12:46:59.232,162.267,183.52,3.202952,180.88,3.156932,180.18,3.144661,177.54,3.098641,176.84,3.086369,172.44,3.009670
2026-07-22 12:46:59.266,162.301,183.52,3.202952,180.88,3.156932,180.18,3.144661,177.54,3.098641,176.84,3.086369,172.44,3.009670
2026-07-22 12:46:59.301,162.334,183.52,3.202952,180.88,3.156932,180.18,3.144661,177.54,3.098641,176.84,3.086369,172.44,3.009670
2026-07-22 12:46:59.333,162.368,183.52,3.202952,180.88,3.156932,180.18,3.144661,177.54,3.098641,176.84,3.086369,172.44,3.009670
2026-07-22 12:46:59.365,162.401,183.52,3.202952,180.88,3.156932,180.18,3.144661,177.54,3.098641,176.84,3.086369,172.44,3.009670
2026-07-22 12:46:59.402,162.434,183.52,3.202952,180.88,3.156932,180.18,3.144661,177.54,3.098641,176.84,3.086369,172.44,3.009670
2026-07-22 12:46:59.434,162.469,183.52,3.202952,180.88,3.156932,180.18,3.144661,177.54,3.098641,176.84,3.086369,172.44,3.009670
2026-07-22 12:46:59.467,162.501,183.52,3.202952,180.88,3.156932,180.18,3.144661,177.54,3.098641,176.84,3.086369,172.44,3.009670
2026-07-22 12:46:59.499,162.534,183.52,3.202952,180.88,3.156932,180.18,3.144661,177.54,3.098641,176.84,3.086369,172.44,3.009670
2026-07-22 12:46:59.533,162.567,183.52,3.202952,180.88,3.156932,180.18,3.144661,177.54,3.098641,176.84,3.086369,172.44,3.009670
2026-07-22 12:46:59.566,162.601,183.52,3.202952,180.88,3.156932,180.18,3.144661,177.54,3.098641,176.84,3.086369,172.44,3.009670
2026-07-22 12:46:59.600,162.635,183.52,3.202952,180.88,3.156932,180.18,3.144661,177.54,3.098641,176.84,3.086369,172.44,3.009670
2026-07-22 12:46:59.633,162.668,183.52,3.202952,180.88,3.156932,180.18,3.144661,177.54,3.098641,176.84,3.086369,172.44,3.009670
2026-07-22 12:46:59.666,162.701,183.52,3.202952,180.88,3.156932,180.18,3.144661,177.54,3.098641,176.84,3.086369,172.44,3.009670
2026-07-22 12:46:59.699,162.734,183.52,3.202952,180.88,3.156932,180.18,3.144661,177.54,3.098641,176.84,3.086369,172.44,3.009670
2026-07-22 12:46:59.733,162.767,183.52,3.202952,180.88,3.156932,180.18,3.144661,177.54,3.098641,176.84,3.086369,172.44,3.009670
2026-07-22 12:46:59.766,162.801,183.52,3.202952,180.88,3.156932,180.18,3.144661,177.54,3.098641,176.84,3.086369,172.44,3.009670
2026-07-22 12:46:59.801,162.835,183.52,3.202952,180.88,3.156932,180.18,3.144661,177.54,3.098641,176.84,3.086369,172.44,3.009670
2026-07-22 12:46:59.832,162.867,183.52,3.202952,180.88,3.156932,180.18,3.144661,177.54,3.098641,176.84,3.086369,172.44,3.009670
2026-07-22 12:46:59.865,162.900,183.52,3.202952,180.88,3.156932,180.18,3.144661,177.54,3.098641,176.84,3.086369,172.44,3.009670
2026-07-22 12:46:59.899,162.934,183.52,3.202952,180.88,3.156932,180.18,3.144661,177.54,3.098641,176.84,3.086369,172.44,3.009670
2026-07-22 12:46:59.932,162.967,183.52,3.202952,180.88,3.156932,180.18,3.144661,177.54,3.098641,176.84,3.086369,172.44,3.009670
2026-07-22 12:46:59.965,163.000,183.52,3.202952,180.88,3.156932,180.18,3.144661,177.54,3.098641,176.84,3.086369,172.44,3.009670
2026-07-22 12:46:59.999,163.034,183.52,3.202952,180.88,3.156932,180.18,3.144661,177.54,3.098641,176.84,3.086369,172.44,3.009670
2026-07-22 12:47:00.033,163.068,183.52,3.202952,180.88,3.156932,180.18,3.144661,177.54,3.098641,176.84,3.086369,172.44,3.009670
2026-07-22 12:47:00.066,163.101,183.52,3.202952,180.88,3.156932,180.18,3.144661,177.54,3.098641,176.84,3.086369,172.44,3.009670
2026-07-22 12:47:00.100,163.134,183.52,3.202952,180.88,3.156932,180.18,3.144661,177.54,3.098641,176.84,3.086369,172.44,3.009670
2026-07-22 12:47:00.132,163.167,183.52,3.202952,180.88,3.156932,180.18,3.144661,177.54,3.098641,176.84,3.086369,172.44,3.009670
2026-07-22 12:47:00.165,163.201,183.52,3.202952,180.88,3.156932,180.18,3.144661,177.54,3.098641,176.84,3.086369,172.44,3.009670
2026-07-22 12:47:00.201,163.234,183.52,3.202952,180.88,3.156932,180.18,3.144661,177.54,3.098641,176.84,3.086369,172.44,3.009670
2026-07-22 12:47:00.234,163.268,183.52,3.202952,180.88,3.156932,180.18,3.144661,177.54,3.098641,176.84,3.086369,172.44,3.009670
2026-07-22 12:47:00.266,163.300,183.52,3.202952,180.88,3.156932,180.18,3.144661,177.54,3.098641,176.84,3.086369,172.44,3.009670
2026-07-22 12:47:00.299,163.334,183.52,3.202952,180.88,3.156932,180.18,3.144661,177.54,3.098641,176.84,3.086369,172.44,3.009670
2026-07-22 12:47:00.334,163.368,183.52,3.202952,180.88,3.156932,180.18,3.144661,177.54,3.098641,176.84,3.086369,172.44,3.009670
2026-07-22 12:47:00.366,163.401,183.52,3.202952,180.88,3.156932,180.18,3.144661,177.54,3.098641,176.84,3.086369,172.44,3.009670
2026-07-22 12:47:00.400,163.434,183.52,3.202952,180.88,3.156932,180.18,3.144661,177.54,3.098641,176.84,3.086369,172.44,3.009670
2026-07-22 12:47:00.433,163.467,183.52,3.202952,180.88,3.156932,180.18,3.144661,177.54,3.098641,176.84,3.086369,172.44,3.009670
2026-07-22 12:47:00.466,163.501,183.52,3.202952,180.88,3.156932,180.18,3.144661,177.54,3.098641,176.84,3.086369,172.44,3.009670
2026-07-22 12:47:00.501,163.534,183.52,3.202952,180.88,3.156932,180.18,3.144661,177.54,3.098641,176.84,3.086369,172.44,3.009670
2026-07-22 12:47:00.535,163.567,183.52,3.202952,180.88,3.156932,180.18,3.144661,177.54,3.098641,176.84,3.086369,172.44,3.009670
2026-07-22 12:47:00.566,163.601,183.52,3.202952,180.88,3.156932,180.18,3.144661,177.54,3.098641,176.84,3.086369,172.44,3.009670
2026-07-22 12:47:00.600,163.634,183.52,3.202952,180.88,3.156932,180.18,3.144661,177.54,3.098641,176.84,3.086369,172.44,3.009670
2026-07-22 12:47:00.633,163.667,183.52,3.202952,180.88,3.156932,180.18,3.144661,177.54,3.098641,176.84,3.086369,172.44,3.009670
2026-07-22 12:47:00.666,163.701,183.52,3.202952,180.88,3.156932,180.18,3.144661,177.54,3.098641,176.84,3.086369,172.44,3.009670
2026-07-22 12:47:00.702,163.734,183.52,3.202952,180.88,3.156932,180.18,3.144661,177.54,3.098641,176.84,3.086369,172.44,3.009670
2026-07-22 12:47:00.733,163.767,183.52,3.202952,180.88,3.156932,180.18,3.144661,177.54,3.098641,176.84,3.086369,172.44,3.009670
2026-07-22 12:47:00.768,163.801,183.52,3.202952,180.88,3.156932,180.18,3.144661,177.54,3.098641,176.84,3.086369,172.44,3.009670
2026-07-22 12:47:00.799,163.834,183.52,3.202952,180.88,3.156932,180.18,3.144661,177.54,3.098641,176.84,3.086369,172.44,3.009670
2026-07-22 12:47:00.833,163.868,183.52,3.202952,180.88,3.156932,180.18,3.144661,177.54,3.098641,176.84,3.086369,172.44,3.009670
2026-07-22 12:47:00.866,163.901,183.52,3.202952,180.88,3.156932,180.18,3.144661,177.54,3.098641,176.84,3.086369,172.44,3.009670
2026-07-22 12:47:00.901,163.934,183.52,3.202952,180.88,3.156932,180.18,3.144661,177.54,3.098641,176.84,3.086369,172.44,3.009670
2026-07-22 12:47:00.935,163.967,183.52,3.202952,180.88,3.156932,180.18,3.144661,177.54,3.098641,176.84,3.086369,172.44,3.009670
2026-07-22 12:47:00.968,164.001,183.52,3.202952,180.88,3.156932,180.18,3.144661,177.54,3.098641,176.84,3.086369,172.44,3.009670
2026-07-22 12:47:01.002,164.034,183.52,3.202952,180.88,3.156932,180.18,3.144661,177.54,3.098641,176.84,3.086369,172.44,3.009670
2026-07-22 12:47:01.037,164.069,183.52,3.202952,180.88,3.156932,180.18,3.144661,177.54,3.098641,176.84,3.086369,172.44,3.009670
2026-07-22 12:47:01.073,164.104,183.52,3.202952,180.88,3.156932,180.18,3.144661,177.54,3.098641,176.84,3.086369,172.44,3.009670
2026-07-22 12:47:01.102,164.134,183.52,3.202952,180.88,3.156932,180.18,3.144661,177.54,3.098641,176.84,3.086369,172.44,3.009670
2026-07-22 12:47:01.134,164.167,183.52,3.202952,180.88,3.156932,180.18,3.144661,177.54,3.098641,176.84,3.086369,172.44,3.009670
2026-07-22 12:47:01.167,164.202,183.52,3.202952,180.88,3.156932,180.18,3.144661,177.54,3.098641,176.84,3.086369,172.44,3.009670
2026-07-22 12:47:01.200,164.234,183.52,3.202952,180.88,3.156932,180.18,3.144661,177.54,3.098641,176.84,3.086369,172.44,3.009670
2026-07-22 12:47:01.235,164.267,183.52,3.202952,180.88,3.156932,180.18,3.144661,177.54,3.098641,176.84,3.086369,172.44,3.009670
2026-07-22 12:47:01.266,164.301,183.52,3.202952,180.88,3.156932,180.18,3.144661,177.54,3.098641,176.84,3.086369,172.44,3.009670
2026-07-22 12:47:01.300,164.334,183.52,3.202952,180.88,3.156932,180.18,3.144661,177.54,3.098641,176.84,3.086369,172.44,3.009670
2026-07-22 12:47:01.333,164.368,183.52,3.202952,180.88,3.156932,180.18,3.144661,177.54,3.098641,176.84,3.086369,172.44,3.009670
2026-07-22 12:47:01.366,164.401,183.52,3.202952,180.88,3.156932,180.18,3.144661,177.54,3.098641,176.84,3.086369,172.44,3.009670
2026-07-22 12:47:01.401,164.434,183.52,3.202952,180.88,3.156932,180.18,3.144661,177.54,3.098641,176.84,3.086369,172.44,3.009670
2026-07-22 12:47:01.433,164.468,183.52,3.202952,180.88,3.156932,180.18,3.144661,177.54,3.098641,176.84,3.086369,172.44,3.009670
2026-07-22 12:47:01.469,164.501,183.52,3.202952,180.88,3.156932,180.18,3.144661,177.54,3.098641,176.84,3.086369,172.44,3.009670
2026-07-22 12:47:01.500,164.534,183.52,3.202952,180.88,3.156932,180.18,3.144661,177.54,3.098641,176.84,3.086369,172.44,3.009670
2026-07-22 12:47:01.533,164.567,183.52,3.202952,180.88,3.156932,180.18,3.144661,177.54,3.098641,176.84,3.086369,172.44,3.009670
2026-07-22 12:47:01.566,164.601,183.52,3.202952,180.88,3.156932,180.18,3.144661,177.54,3.098641,176.84,3.086369,172.44,3.009670
2026-07-22 12:47:01.600,164.634,183.52,3.202952,180.88,3.156932,180.18,3.144661,177.54,3.098641,176.84,3.086369,172.44,3.009670
2026-07-22 12:47:01.633,164.668,183.52,3.202952,180.88,3.156932,180.18,3.144661,177.54,3.098641,176.84,3.086369,172.44,3.009670
2026-07-22 12:47:01.667,164.701,183.52,3.202952,180.88,3.156932,180.18,3.144661,177.54,3.098641,176.84,3.086369,172.44,3.009670
2026-07-22 12:47:01.701,164.734,183.52,3.202952,180.88,3.156932,180.18,3.144661,177.54,3.098641,176.84,3.086369,172.44,3.009670
2026-07-22 12:47:01.734,164.768,183.52,3.202952,180.88,3.156932,180.18,3.144661,177.54,3.098641,176.84,3.086369,172.44,3.009670
2026-07-22 12:47:01.772,164.803,183.52,3.202952,180.88,3.156932,180.18,3.144661,177.54,3.098641,176.84,3.086369,172.44,3.009670
2026-07-22 12:47:01.804,164.834,183.52,3.202952,180.88,3.156932,180.18,3.144661,177.54,3.098641,176.84,3.086369,172.44,3.009670
2026-07-22 12:47:01.834,164.867,183.52,3.202952,180.88,3.156932,180.18,3.144661,177.54,3.098641,176.84,3.086369,172.44,3.009670
2026-07-22 12:47:01.867,164.901,183.52,3.202952,180.88,3.156932,180.18,3.144661,177.54,3.098641,176.84,3.086369,172.44,3.009670
2026-07-22 12:47:01.902,164.934,183.52,3.202952,180.88,3.156932,180.18,3.144661,177.54,3.098641,176.84,3.086369,172.44,3.009670
2026-07-22 12:47:01.933,164.967,183.52,3.202952,180.88,3.156932,180.18,3.144661,177.54,3.098641,176.84,3.086369,172.44,3.009670
2026-07-22 12:47:01.967,165.002,183.52,3.202952,180.88,3.156932,180.18,3.144661,177.54,3.098641,176.84,3.086369,172.44,3.009670
2026-07-22 12:47:01.999,165.034,183.52,3.202952,180.88,3.156932,180.18,3.144661,177.54,3.098641,176.84,3.086369,172.44,3.009670
2026-07-22 12:47:02.032,165.067,183.52,3.202952,180.88,3.156932,180.18,3.144661,177.54,3.098641,176.84,3.086369,172.44,3.009670
2026-07-22 12:47:02.066,165.101,183.52,3.202952,180.88,3.156932,180.18,3.144661,177.54,3.098641,176.84,3.086369,172.44,3.009670
2026-07-22 12:47:02.100,165.134,183.52,3.202952,180.88,3.156932,180.18,3.144661,177.54,3.098641,176.84,3.086369,172.44,3.009670
2026-07-22 12:47:02.133,165.168,183.52,3.202952,180.88,3.156932,180.18,3.144661,177.54,3.098641,176.84,3.086369,172.44,3.009670
2026-07-22 12:47:02.166,165.201,183.52,3.202952,180.88,3.156932,180.18,3.144661,177.54,3.098641,176.84,3.086369,172.44,3.009670
2026-07-22 12:47:02.199,165.234,183.52,3.202952,180.88,3.156932,180.18,3.144661,177.54,3.098641,176.84,3.086369,172.44,3.009670
2026-07-22 12:47:02.233,165.268,183.52,3.202952,180.88,3.156932,180.18,3.144661,177.54,3.098641,176.84,3.086369,172.44,3.009670
2026-07-22 12:47:02.267,165.301,183.52,3.202952,180.88,3.156932,180.18,3.144661,177.54,3.098641,176.84,3.086369,172.44,3.009670
2026-07-22 12:47:02.299,165.334,183.52,3.202952,180.88,3.156932,180.18,3.144661,177.54,3.098641,176.84,3.086369,172.44,3.009670
2026-07-22 12:47:02.332,165.367,183.52,3.202952,180.88,3.156932,180.18,3.144661,177.54,3.098641,176.84,3.086369,172.44,3.009670
2026-07-22 12:47:02.366,165.401,183.52,3.202952,180.88,3.156932,180.18,3.144661,177.54,3.098641,176.84,3.086369,172.44,3.009670
2026-07-22 12:47:02.402,165.434,183.52,3.202952,180.88,3.156932,180.18,3.144661,177.54,3.098641,176.84,3.086369,172.44,3.009670
2026-07-22 12:47:02.433,165.467,183.52,3.202952,180.88,3.156932,180.18,3.144661,177.54,3.098641,176.84,3.086369,172.44,3.009670
2026-07-22 12:47:02.466,165.501,183.52,3.202952,180.88,3.156932,180.18,3.144661,177.54,3.098641,176.84,3.086369,172.44,3.009670
2026-07-22 12:47:02.499,165.534,183.52,3.202952,180.88,3.156932,180.18,3.144661,177.54,3.098641,176.84,3.086369,172.44,3.009670
2026-07-22 12:47:02.535,165.568,183.52,3.202952,180.88,3.156932,180.18,3.144661,177.54,3.098641,176.84,3.086369,172.44,3.009670
2026-07-22 12:47:02.568,165.601,183.52,3.202952,180.88,3.156932,180.18,3.144661,177.54,3.098641,176.84,3.086369,172.44,3.009670
2026-07-22 12:47:02.601,165.634,183.52,3.202952,180.88,3.156932,180.18,3.144661,177.54,3.098641,176.84,3.086369,172.44,3.009670
2026-07-22 12:47:02.635,165.668,183.52,3.202952,180.88,3.156932,180.18,3.144661,177.54,3.098641,176.84,3.086369,172.44,3.009670
2026-07-22 12:47:02.670,165.702,183.52,3.202952,180.88,3.156932,180.18,3.144661,177.54,3.098641,176.84,3.086369,172.44,3.009670
2026-07-22 12:47:02.706,165.737,183.52,3.202952,180.88,3.156932,180.18,3.144661,177.54,3.098641,176.84,3.086369,172.44,3.009670
2026-07-22 12:47:02.734,165.768,183.52,3.202952,180.88,3.156932,180.18,3.144661,177.54,3.098641,176.84,3.086369,172.44,3.009670
2026-07-22 12:47:02.767,165.800,183.52,3.202952,180.88,3.156932,180.18,3.144661,177.54,3.098641,176.84,3.086369,172.44,3.009670
2026-07-22 12:47:02.800,165.834,183.52,3.202952,180.88,3.156932,180.18,3.144661,177.54,3.098641,176.84,3.086369,172.44,3.009670
2026-07-22 12:47:02.834,165.868,183.52,3.202952,180.88,3.156932,180.18,3.144661,177.54,3.098641,176.84,3.086369,172.44,3.009670
2026-07-22 12:47:02.866,165.901,183.52,3.202952,180.88,3.156932,180.18,3.144661,177.54,3.098641,176.84,3.086369,172.44,3.009670
2026-07-22 12:47:02.899,165.934,183.52,3.202952,180.88,3.156932,180.18,3.144661,177.54,3.098641,176.84,3.086369,172.44,3.009670
2026-07-22 12:47:02.933,165.968,183.52,3.202952,180.88,3.156932,180.18,3.144661,177.54,3.098641,176.84,3.086369,172.44,3.009670
2026-07-22 12:47:02.967,166.001,183.52,3.202952,180.88,3.156932,180.18,3.144661,177.54,3.098641,176.84,3.086369,172.44,3.009670
2026-07-22 12:47:02.999,166.034,183.52,3.202952,180.88,3.156932,180.18,3.144661,177.54,3.098641,176.84,3.086369,172.44,3.009670
2026-07-22 12:47:03.033,166.068,183.52,3.202952,180.88,3.156932,180.18,3.144661,177.54,3.098641,176.84,3.086369,172.44,3.009670
2026-07-22 12:47:03.066,166.101,183.52,3.202952,180.88,3.156932,180.18,3.144661,177.54,3.098641,176.84,3.086369,172.44,3.009670
2026-07-22 12:47:03.099,166.134,183.52,3.202952,180.88,3.156932,180.18,3.144661,177.54,3.098641,176.84,3.086369,172.44,3.009670
2026-07-22 12:47:03.133,166.168,183.52,3.202952,180.88,3.156932,180.18,3.144661,177.54,3.098641,176.84,3.086369,172.44,3.009670
2026-07-22 12:47:03.166,166.201,183.52,3.202952,180.88,3.156932,180.18,3.144661,177.54,3.098641,176.84,3.086369,172.44,3.009670
2026-07-22 12:47:03.199,166.234,183.52,3.202952,180.88,3.156932,180.18,3.144661,177.54,3.098641,176.84,3.086369,172.44,3.009670
2026-07-22 12:47:03.233,166.267,183.52,3.202952,180.88,3.156932,180.18,3.144661,177.54,3.098641,176.84,3.086369,172.44,3.009670
2026-07-22 12:47:03.266,166.301,183.52,3.202952,180.88,3.156932,180.18,3.144661,177.54,3.098641,176.84,3.086369,172.44,3.009670
2026-07-22 12:47:03.303,166.334,183.52,3.202952,180.88,3.156932,180.18,3.144661,177.54,3.098641,176.84,3.086369,172.44,3.009670
2026-07-22 12:47:03.339,166.368,183.52,3.202952,180.88,3.156932,180.18,3.144661,177.54,3.098641,176.84,3.086369,172.44,3.009670
2026-07-22 12:47:03.366,166.401,183.52,3.202952,180.88,3.156932,180.18,3.144661,177.54,3.098641,176.84,3.086369,172.44,3.009670
2026-07-22 12:47:03.403,166.434,183.52,3.202952,180.88,3.156932,180.18,3.144661,177.54,3.098641,176.84,3.086369,172.44,3.009670
2026-07-22 12:47:03.436,166.467,183.52,3.202952,180.88,3.156932,180.18,3.144661,177.54,3.098641,176.84,3.086369,172.44,3.009670
2026-07-22 12:47:03.467,166.501,183.52,3.202952,180.88,3.156932,180.18,3.144661,177.54,3.098641,176.84,3.086369,172.44,3.009670
2026-07-22 12:47:03.500,166.534,183.52,3.202952,180.88,3.156932,180.18,3.144661,177.54,3.098641,176.84,3.086369,172.44,3.009670
2026-07-22 12:47:03.532,166.568,183.52,3.202952,180.88,3.156932,180.18,3.144661,177.54,3.098641,176.84,3.086369,172.44,3.009670
2026-07-22 12:47:03.567,166.601,183.52,3.202952,180.88,3.156932,180.18,3.144661,177.54,3.098641,176.84,3.086369,172.44,3.009670
2026-07-22 12:47:03.599,166.634,183.52,3.202952,180.88,3.156932,180.18,3.144661,177.54,3.098641,176.84,3.086369,172.44,3.009670
2026-07-22 12:47:03.633,166.668,183.52,3.202952,180.88,3.156932,180.18,3.144661,177.54,3.098641,176.84,3.086369,172.44,3.009670
2026-07-22 12:47:03.666,166.701,183.52,3.202952,180.88,3.156932,180.18,3.144661,177.54,3.098641,176.84,3.086369,172.44,3.009670
2026-07-22 12:47:03.700,166.734,183.52,3.202952,180.88,3.156932,180.18,3.144661,177.54,3.098641,176.84,3.086369,172.44,3.009670
2026-07-22 12:47:03.733,166.767,183.52,3.202952,180.88,3.156932,180.18,3.144661,177.54,3.098641,176.84,3.086369,172.44,3.009670
2026-07-22 12:47:03.767,166.801,183.52,3.202952,180.88,3.156932,180.18,3.144661,177.54,3.098641,176.84,3.086369,172.44,3.009670
2026-07-22 12:47:03.799,166.834,183.52,3.202952,180.88,3.156932,180.18,3.144661,177.54,3.098641,176.84,3.086369,172.44,3.009670
2026-07-22 12:47:03.835,166.867,183.52,3.202952,180.88,3.156932,180.18,3.144661,177.54,3.098641,176.84,3.086369,172.44,3.009670
2026-07-22 12:47:03.867,166.901,183.52,3.202952,180.88,3.156932,180.18,3.144661,177.54,3.098641,176.84,3.086369,172.44,3.009670
2026-07-22 12:47:03.900,166.934,183.52,3.202952,180.88,3.156932,180.18,3.144661,177.54,3.098641,176.84,3.086369,172.44,3.009670
2026-07-22 12:47:03.934,166.968,183.52,3.202952,180.88,3.156932,180.18,3.144661,177.54,3.098641,176.84,3.086369,172.44,3.009670
2026-07-22 12:47:03.965,167.001,183.52,3.202952,180.88,3.156932,180.18,3.144661,177.54,3.098641,176.84,3.086369,172.44,3.009670
2026-07-22 12:47:03.999,167.034,183.52,3.202952,180.88,3.156932,180.18,3.144661,177.54,3.098641,176.84,3.086369,172.44,3.009670
2026-07-22 12:47:04.033,167.068,183.52,3.202952,180.88,3.156932,180.18,3.144661,177.54,3.098641,176.84,3.086369,172.44,3.009670
2026-07-22 12:47:04.066,167.101,183.52,3.202952,180.88,3.156932,180.18,3.144661,177.54,3.098641,176.84,3.086369,172.44,3.009670
2026-07-22 12:47:04.103,167.134,183.52,3.202952,180.88,3.156932,180.18,3.144661,177.54,3.098641,176.84,3.086369,172.44,3.009670
2026-07-22 12:47:04.137,167.167,183.52,3.202952,180.88,3.156932,180.18,3.144661,177.54,3.098641,176.84,3.086369,172.44,3.009670
2026-07-22 12:47:04.166,167.201,183.52,3.202952,180.88,3.156932,180.18,3.144661,177.54,3.098641,176.84,3.086369,172.44,3.009670
2026-07-22 12:47:04.201,167.234,183.52,3.202952,180.88,3.156932,180.18,3.144661,177.54,3.098641,176.84,3.086369,172.44,3.009670
2026-07-22 12:47:04.235,167.267,183.52,3.202952,180.88,3.156932,180.18,3.144661,177.54,3.098641,176.84,3.086369,172.44,3.009670
2026-07-22 12:47:04.269,167.301,183.52,3.202952,180.88,3.156932,180.18,3.144661,177.54,3.098641,176.84,3.086369,172.44,3.009670
2026-07-22 12:47:04.303,167.336,183.52,3.202952,180.88,3.156932,180.18,3.144661,177.54,3.098641,176.84,3.086369,172.44,3.009670
2026-07-22 12:47:04.333,167.367,183.52,3.202952,180.88,3.156932,180.18,3.144661,177.54,3.098641,176.84,3.086369,172.44,3.009670
2026-07-22 12:47:04.366,167.400,183.52,3.202952,180.88,3.156932,180.18,3.144661,177.54,3.098641,176.84,3.086369,172.44,3.009670
2026-07-22 12:47:04.399,167.434,183.52,3.202952,180.88,3.156932,180.18,3.144661,177.54,3.098641,176.84,3.086369,172.44,3.009670
2026-07-22 12:47:04.433,167.468,183.52,3.202952,180.88,3.156932,180.18,3.144661,177.54,3.098641,176.84,3.086369,172.44,3.009670
2026-07-22 12:47:04.469,167.501,183.52,3.202952,180.88,3.156932,180.18,3.144661,177.54,3.098641,176.84,3.086369,172.44,3.009670
2026-07-22 12:47:04.500,167.534,183.52,3.202952,180.88,3.156932,180.18,3.144661,177.54,3.098641,176.84,3.086369,172.44,3.009670
2026-07-22 12:47:04.533,167.568,183.52,3.202952,180.88,3.156932,180.18,3.144661,177.54,3.098641,176.84,3.086369,172.44,3.009670
2026-07-22 12:47:04.566,167.601,183.52,3.202952,180.88,3.156932,180.18,3.144661,177.54,3.098641,176.84,3.086369,172.44,3.009670
2026-07-22 12:47:04.600,167.634,183.52,3.202952,180.88,3.156932,180.18,3.144661,177.54,3.098641,176.84,3.086369,172.44,3.009670
2026-07-22 12:47:04.632,167.667,183.52,3.202952,180.88,3.156932,180.18,3.144661,177.54,3.098641,176.84,3.086369,172.44,3.009670
2026-07-22 12:47:04.666,167.701,183.52,3.202952,180.88,3.156932,180.18,3.144661,177.54,3.098641,176.84,3.086369,172.44,3.009670
2026-07-22 12:47:04.699,167.734,183.52,3.202952,180.88,3.156932,180.18,3.144661,177.54,3.098641,176.84,3.086369,172.44,3.009670
2026-07-22 12:47:04.733,167.768,183.52,3.202952,180.88,3.156932,180.18,3.144661,177.54,3.098641,176.84,3.086369,172.44,3.009670
2026-07-22 12:47:04.766,167.801,183.52,3.202952,180.88,3.156932,180.18,3.144661,177.54,3.098641,176.84,3.086369,172.44,3.009670
2026-07-22 12:47:04.799,167.834,183.52,3.202952,180.88,3.156932,180.18,3.144661,177.54,3.098641,176.84,3.086369,172.44,3.009670
2026-07-22 12:47:04.833,167.867,183.52,3.202952,180.88,3.156932,180.18,3.144661,177.54,3.098641,176.84,3.086369,172.44,3.009670
2026-07-22 12:47:04.871,167.900,183.52,3.202952,180.88,3.156932,180.18,3.144661,177.54,3.098641,176.84,3.086369,172.44,3.009670
2026-07-22 12:47:04.903,167.934,183.52,3.202952,180.88,3.156932,180.18,3.144661,177.54,3.098641,176.84,3.086369,172.44,3.009670
2026-07-22 12:47:04.936,167.968,183.52,3.202952,180.88,3.156932,180.18,3.144661,177.54,3.098641,176.84,3.086369,172.44,3.009670
2026-07-22 12:47:04.965,168.001,183.52,3.202952,180.88,3.156932,180.18,3.144661,177.54,3.098641,176.84,3.086369,172.44,3.009670
2026-07-22 12:47:05.001,168.034,183.52,3.202952,180.88,3.156932,180.18,3.144661,177.54,3.098641,176.84,3.086369,172.44,3.009670
2026-07-22 12:47:05.033,168.068,183.52,3.202952,180.88,3.156932,180.18,3.144661,177.54,3.098641,176.84,3.086369,172.44,3.009670
2026-07-22 12:47:05.069,168.101,183.52,3.202952,180.88,3.156932,180.18,3.144661,177.54,3.098641,176.84,3.086369,172.44,3.009670
2026-07-22 12:47:05.099,168.134,183.52,3.202952,180.88,3.156932,180.18,3.144661,177.54,3.098641,176.84,3.086369,172.44,3.009670
2026-07-22 12:47:05.133,168.167,183.52,3.202952,180.88,3.156932,180.18,3.144661,177.54,3.098641,176.84,3.086369,172.44,3.009670
2026-07-22 12:47:05.166,168.201,183.52,3.202952,180.88,3.156932,180.18,3.144661,177.54,3.098641,176.84,3.086369,172.44,3.009670
2026-07-22 12:47:05.199,168.234,183.52,3.202952,180.88,3.156932,180.18,3.144661,177.54,3.098641,176.84,3.086369,172.44,3.009670
2026-07-22 12:47:05.233,168.267,183.52,3.202952,180.88,3.156932,180.18,3.144661,177.54,3.098641,176.84,3.086369,172.44,3.009670
2026-07-22 12:47:05.266,168.300,183.52,3.202952,180.88,3.156932,180.18,3.144661,177.54,3.098641,176.84,3.086369,172.44,3.009670
2026-07-22 12:47:05.299,168.334,183.52,3.202952,180.88,3.156932,180.18,3.144661,177.54,3.098641,176.84,3.086369,172.44,3.009670
2026-07-22 12:47:05.333,168.368,183.52,3.202952,180.88,3.156932,180.18,3.144661,177.54,3.098641,176.84,3.086369,172.44,3.009670
2026-07-22 12:47:05.366,168.401,183.52,3.202952,180.88,3.156932,180.18,3.144661,177.54,3.098641,176.84,3.086369,172.44,3.009670
2026-07-22 12:47:05.399,168.434,183.52,3.202952,180.88,3.156932,180.18,3.144661,177.54,3.098641,176.84,3.086369,172.44,3.009670
2026-07-22 12:47:05.433,168.467,183.52,3.202952,180.88,3.156932,180.18,3.144661,177.54,3.098641,176.84,3.086369,172.44,3.009670
2026-07-22 12:47:05.466,168.501,183.52,3.202952,180.88,3.156932,180.18,3.144661,177.54,3.098641,176.84,3.086369,172.44,3.009670
2026-07-22 12:47:05.499,168.534,183.52,3.202952,180.88,3.156932,180.18,3.144661,177.54,3.098641,176.84,3.086369,172.44,3.009670
2026-07-22 12:47:05.534,168.568,183.52,3.202952,180.88,3.156932,180.18,3.144661,177.54,3.098641,176.84,3.086369,172.44,3.009670
2026-07-22 12:47:05.566,168.601,183.52,3.202952,180.88,3.156932,180.18,3.144661,177.54,3.098641,176.84,3.086369,172.44,3.009670
2026-07-22 12:47:05.599,168.634,183.52,3.202952,180.88,3.156932,180.18,3.144661,177.54,3.098641,176.84,3.086369,172.44,3.009670
2026-07-22 12:47:05.632,168.667,183.52,3.202952,180.88,3.156932,180.18,3.144661,177.54,3.098641,176.84,3.086369,172.44,3.009670
2026-07-22 12:47:05.666,168.701,183.52,3.202952,180.88,3.156932,180.18,3.144661,177.54,3.098641,176.84,3.086369,172.44,3.009670
2026-07-22 12:47:05.700,168.734,183.52,3.202952,180.88,3.156932,180.18,3.144661,177.54,3.098641,176.84,3.086369,172.44,3.009670
2026-07-22 12:47:05.740,168.767,183.52,3.202952,180.88,3.156932,180.18,3.144661,177.54,3.098641,176.84,3.086369,172.44,3.009670
2026-07-22 12:47:05.769,168.801,183.52,3.202952,180.88,3.156932,180.18,3.144661,177.54,3.098641,176.84,3.086369,172.44,3.009670
2026-07-22 12:47:05.805,168.834,183.52,3.202952,180.88,3.156932,180.18,3.144661,177.54,3.098641,176.84,3.086369,172.44,3.009670
2026-07-22 12:47:05.836,168.870,183.52,3.202952,180.88,3.156932,180.18,3.144661,177.54,3.098641,176.84,3.086369,172.44,3.009670
2026-07-22 12:47:05.868,168.901,183.52,3.202952,180.88,3.156932,180.18,3.144661,177.54,3.098641,176.84,3.086369,172.44,3.009670
2026-07-22 12:47:05.902,168.934,183.52,3.202952,180.88,3.156932,180.18,3.144661,177.54,3.098641,176.84,3.086369,172.44,3.009670
2026-07-22 12:47:05.932,168.967,183.52,3.202952,180.88,3.156932,180.18,3.144661,177.54,3.098641,176.84,3.086369,172.44,3.009670
2026-07-22 12:47:05.966,169.001,183.52,3.202952,180.88,3.156932,180.18,3.144661,177.54,3.098641,176.84,3.086369,172.44,3.009670
2026-07-22 12:47:06.000,169.034,183.52,3.202952,180.88,3.156932,180.18,3.144661,177.54,3.098641,176.84,3.086369,172.44,3.009670
2026-07-22 12:47:06.032,169.067,183.52,3.202952,180.88,3.156932,180.18,3.144661,177.54,3.098641,176.84,3.086369,172.44,3.009670
2026-07-22 12:47:06.066,169.101,183.52,3.202952,180.88,3.156932,180.18,3.144661,177.54,3.098641,176.84,3.086369,172.44,3.009670
2026-07-22 12:47:06.099,169.134,183.52,3.202952,180.88,3.156932,180.18,3.144661,177.54,3.098641,176.84,3.086369,172.44,3.009670
2026-07-22 12:47:06.133,169.168,183.52,3.202952,180.88,3.156932,180.18,3.144661,177.54,3.098641,176.84,3.086369,172.44,3.009670
2026-07-22 12:47:06.166,169.201,183.52,3.202952,180.88,3.156932,180.18,3.144661,177.54,3.098641,176.84,3.086369,172.44,3.009670
2026-07-22 12:47:06.199,169.234,183.52,3.202952,180.88,3.156932,180.18,3.144661,177.54,3.098641,176.84,3.086369,172.44,3.009670
2026-07-22 12:47:06.233,169.268,183.52,3.202952,180.88,3.156932,180.18,3.144661,177.54,3.098641,176.84,3.086369,172.44,3.009670
2026-07-22 12:47:06.267,169.301,183.52,3.202952,180.88,3.156932,180.18,3.144661,177.54,3.098641,176.84,3.086369,172.44,3.009670
2026-07-22 12:47:06.300,169.334,183.52,3.202952,180.88,3.156932,180.18,3.144661,177.54,3.098641,176.84,3.086369,172.44,3.009670
2026-07-22 12:47:06.332,169.367,183.52,3.202952,180.88,3.156932,180.18,3.144661,177.54,3.098641,176.84,3.086369,172.44,3.009670
2026-07-22 12:47:06.366,169.401,183.52,3.202952,180.88,3.156932,180.18,3.144661,177.54,3.098641,176.84,3.086369,172.44,3.009670
2026-07-22 12:47:06.400,169.434,183.52,3.202952,180.88,3.156932,180.18,3.144661,177.54,3.098641,176.84,3.086369,172.44,3.009670
2026-07-22 12:47:06.433,169.468,183.52,3.202952,180.88,3.156932,180.18,3.144661,177.54,3.098641,176.84,3.086369,172.44,3.009670
2026-07-22 12:47:06.467,169.501,183.52,3.202952,180.88,3.156932,180.18,3.144661,177.54,3.098641,176.84,3.086369,172.44,3.009670
2026-07-22 12:47:06.499,169.534,183.52,3.202952,180.88,3.156932,180.18,3.144661,177.54,3.098641,176.84,3.086369,172.44,3.009670
2026-07-22 12:47:06.538,169.568,183.52,3.202952,180.88,3.156932,180.18,3.144661,177.54,3.098641,176.84,3.086369,172.44,3.009670
2026-07-22 12:47:06.565,169.601,183.52,3.202952,180.88,3.156932,180.18,3.144661,177.54,3.098641,176.84,3.086369,172.44,3.009670
2026-07-22 12:47:06.602,169.634,183.52,3.202952,180.88,3.156932,180.18,3.144661,177.54,3.098641,176.84,3.086369,172.44,3.009670
2026-07-22 12:47:06.635,169.667,183.52,3.202952,180.88,3.156932,180.18,3.144661,177.54,3.098641,176.84,3.086369,172.44,3.009670
2026-07-22 12:47:06.666,169.701,183.52,3.202952,180.88,3.156932,180.18,3.144661,177.54,3.098641,176.84,3.086369,172.44,3.009670
2026-07-22 12:47:06.700,169.734,183.52,3.202952,180.88,3.156932,180.18,3.144661,177.54,3.098641,176.84,3.086369,172.44,3.009670
2026-07-22 12:47:06.736,169.768,183.52,3.202952,180.88,3.156932,180.18,3.144661,177.54,3.098641,176.84,3.086369,172.44,3.009670
2026-07-22 12:47:06.766,169.801,183.52,3.202952,180.88,3.156932,180.18,3.144661,177.54,3.098641,176.84,3.086369,172.44,3.009670
2026-07-22 12:47:06.800,169.835,183.52,3.202952,180.88,3.156932,180.18,3.144661,177.54,3.098641,176.84,3.086369,172.44,3.009670
2026-07-22 12:47:06.833,169.868,183.52,3.202952,180.88,3.156932,180.18,3.144661,177.54,3.098641,176.84,3.086369,172.44,3.009670
2026-07-22 12:47:06.867,169.901,183.52,3.202952,180.88,3.156932,180.18,3.144661,177.54,3.098641,176.84,3.086369,172.44,3.009670
2026-07-22 12:47:06.900,169.934,183.52,3.202952,180.88,3.156932,180.18,3.144661,177.54,3.098641,176.84,3.086369,172.44,3.009670
2026-07-22 12:47:06.932,169.967,183.52,3.202952,180.88,3.156932,180.18,3.144661,177.54,3.098641,176.84,3.086369,172.44,3.009670
2026-07-22 12:47:06.966,170.001,183.52,3.202952,180.88,3.156932,180.18,3.144661,177.54,3.098641,176.84,3.086369,172.44,3.009670
2026-07-22 12:47:07.002,170.034,183.52,3.202952,180.88,3.156932,180.18,3.144661,177.54,3.098641,176.84,3.086369,172.44,3.009670
2026-07-22 12:47:07.034,170.067,183.52,3.202952,180.88,3.156932,180.18,3.144661,177.54,3.098641,176.84,3.086369,172.44,3.009670
2026-07-22 12:47:07.066,170.101,183.52,3.202952,180.88,3.156932,180.18,3.144661,177.54,3.098641,176.84,3.086369,172.44,3.009670
2026-07-22 12:47:07.099,170.134,183.52,3.202952,180.88,3.156932,180.18,3.144661,177.54,3.098641,176.84,3.086369,172.44,3.009670
2026-07-22 12:47:07.132,170.167,183.52,3.202952,180.88,3.156932,180.18,3.144661,177.54,3.098641,176.84,3.086369,172.44,3.009670
2026-07-22 12:47:07.166,170.201,183.52,3.202952,180.88,3.156932,180.18,3.144661,177.54,3.098641,176.84,3.086369,172.44,3.009670
2026-07-22 12:47:07.199,170.234,183.52,3.202952,180.88,3.156932,180.18,3.144661,177.54,3.098641,176.84,3.086369,172.44,3.009670
2026-07-22 12:47:07.234,170.268,183.52,3.202952,180.88,3.156932,180.18,3.144661,177.54,3.098641,176.84,3.086369,172.44,3.009670
2026-07-22 12:47:07.266,170.301,183.52,3.202952,180.88,3.156932,180.18,3.144661,177.54,3.098641,176.84,3.086369,172.44,3.009670
2026-07-22 12:47:07.299,170.334,183.52,3.202952,180.88,3.156932,180.18,3.144661,177.54,3.098641,176.84,3.086369,172.44,3.009670
2026-07-22 12:47:07.335,170.367,183.52,3.202952,180.88,3.156932,180.18,3.144661,177.54,3.098641,176.84,3.086369,172.44,3.009670
2026-07-22 12:47:07.367,170.401,183.52,3.202952,180.88,3.156932,180.18,3.144661,177.54,3.098641,176.84,3.086369,172.44,3.009670
2026-07-22 12:47:07.403,170.434,183.52,3.202952,180.88,3.156932,180.18,3.144661,177.54,3.098641,176.84,3.086369,172.44,3.009670
2026-07-22 12:47:07.437,170.468,183.52,3.202952,180.88,3.156932,180.18,3.144661,177.54,3.098641,176.84,3.086369,172.44,3.009670
2026-07-22 12:47:07.467,170.501,183.52,3.202952,180.88,3.156932,180.18,3.144661,177.54,3.098641,176.84,3.086369,172.44,3.009670
2026-07-22 12:47:07.500,170.534,183.52,3.202952,180.88,3.156932,180.18,3.144661,177.54,3.098641,176.84,3.086369,172.44,3.009670
2026-07-22 12:47:07.533,170.568,183.52,3.202952,180.88,3.156932,180.18,3.144661,177.54,3.098641,176.84,3.086369,172.44,3.009670
2026-07-22 12:47:07.566,170.601,183.52,3.202952,180.88,3.156932,180.18,3.144661,177.54,3.098641,176.84,3.086369,172.44,3.009670
2026-07-22 12:47:07.599,170.634,183.52,3.202952,180.88,3.156932,180.18,3.144661,177.54,3.098641,176.84,3.086369,172.44,3.009670
2026-07-22 12:47:07.633,170.667,183.52,3.202952,180.88,3.156932,180.18,3.144661,177.54,3.098641,176.84,3.086369,172.44,3.009670
2026-07-22 12:47:07.667,170.701,183.52,3.202952,180.88,3.156932,180.18,3.144661,177.54,3.098641,176.84,3.086369,172.44,3.009670
2026-07-22 12:47:07.699,170.734,183.52,3.202952,180.88,3.156932,180.18,3.144661,177.54,3.098641,176.84,3.086369,172.44,3.009670
2026-07-22 12:47:07.734,170.768,183.52,3.202952,180.88,3.156932,180.18,3.144661,177.54,3.098641,176.84,3.086369,172.44,3.009670
2026-07-22 12:47:07.767,170.801,183.52,3.202952,180.88,3.156932,180.18,3.144661,177.54,3.098641,176.84,3.086369,172.44,3.009670
2026-07-22 12:47:07.799,170.834,183.52,3.202952,180.88,3.156932,180.18,3.144661,177.54,3.098641,176.84,3.086369,172.44,3.009670
2026-07-22 12:47:07.833,170.867,183.52,3.202952,180.88,3.156932,180.18,3.144661,177.54,3.098641,176.84,3.086369,172.44,3.009670
2026-07-22 12:47:07.866,170.901,183.52,3.202952,180.88,3.156932,180.18,3.144661,177.54,3.098641,176.84,3.086369,172.44,3.009670
2026-07-22 12:47:07.899,170.934,183.52,3.202952,180.88,3.156932,180.18,3.144661,177.54,3.098641,176.84,3.086369,172.44,3.009670
2026-07-22 12:47:07.933,170.968,183.52,3.202952,180.88,3.156932,180.18,3.144661,177.54,3.098641,176.84,3.086369,172.44,3.009670
2026-07-22 12:47:07.966,171.001,183.52,3.202952,180.88,3.156932,180.18,3.144661,177.54,3.098641,176.84,3.086369,172.44,3.009670
2026-07-22 12:47:08.000,171.034,183.52,3.202952,180.88,3.156932,180.18,3.144661,177.54,3.098641,176.84,3.086369,172.44,3.009670
2026-07-22 12:47:08.033,171.067,183.52,3.202952,180.88,3.156932,180.18,3.144661,177.54,3.098641,176.84,3.086369,172.44,3.009670
2026-07-22 12:47:08.067,171.101,183.52,3.202952,180.88,3.156932,180.18,3.144661,177.54,3.098641,176.84,3.086369,172.44,3.009670
2026-07-22 12:47:08.103,171.134,183.52,3.202952,180.88,3.156932,180.18,3.144661,177.54,3.098641,176.84,3.086369,172.44,3.009670
2026-07-22 12:47:08.134,171.167,183.52,3.202952,180.88,3.156932,180.18,3.144661,177.54,3.098641,176.84,3.086369,172.44,3.009670
2026-07-22 12:47:08.168,171.201,183.52,3.202952,180.88,3.156932,180.18,3.144661,177.54,3.098641,176.84,3.086369,172.44,3.009670
2026-07-22 12:47:08.201,171.234,183.52,3.202952,180.88,3.156932,180.18,3.144661,177.54,3.098641,176.84,3.086369,172.44,3.009670
2026-07-22 12:47:08.235,171.269,183.52,3.202952,180.88,3.156932,180.18,3.144661,177.54,3.098641,176.84,3.086369,172.44,3.009670
2026-07-22 12:47:08.267,171.301,183.52,3.202952,180.88,3.156932,180.18,3.144661,177.54,3.098641,176.84,3.086369,172.44,3.009670
2026-07-22 12:47:08.303,171.335,183.52,3.202952,180.88,3.156932,180.18,3.144661,177.54,3.098641,176.84,3.086369,172.44,3.009670
2026-07-22 12:47:08.335,171.367,183.52,3.202952,180.88,3.156932,180.18,3.144661,177.54,3.098641,176.84,3.086369,172.44,3.009670
2026-07-22 12:47:08.367,171.401,183.52,3.202952,180.88,3.156932,180.18,3.144661,177.54,3.098641,176.84,3.086369,172.44,3.009670
2026-07-22 12:47:08.399,171.434,183.52,3.202952,180.88,3.156932,180.18,3.144661,177.54,3.098641,176.84,3.086369,172.44,3.009670
2026-07-22 12:47:08.434,171.468,183.52,3.202952,180.88,3.156932,180.18,3.144661,177.54,3.098641,176.84,3.086369,172.44,3.009670
2026-07-22 12:47:08.467,171.501,183.52,3.202952,180.88,3.156932,180.18,3.144661,177.54,3.098641,176.84,3.086369,172.44,3.009670
2026-07-22 12:47:08.500,171.534,183.52,3.202952,180.88,3.156932,180.18,3.144661,177.54,3.098641,176.84,3.086369,172.44,3.009670
2026-07-22 12:47:08.533,171.568,183.52,3.202952,180.88,3.156932,180.18,3.144661,177.54,3.098641,176.84,3.086369,172.44,3.009670
2026-07-22 12:47:08.567,171.602,183.52,3.202952,180.88,3.156932,180.18,3.144661,177.54,3.098641,176.84,3.086369,172.44,3.009670
2026-07-22 12:47:08.599,171.634,183.52,3.202952,180.88,3.156932,180.18,3.144661,177.54,3.098641,176.84,3.086369,172.44,3.009670
2026-07-22 12:47:08.634,171.668,183.52,3.202952,180.88,3.156932,180.18,3.144661,177.54,3.098641,176.84,3.086369,172.44,3.009670
2026-07-22 12:47:08.667,171.701,183.52,3.202952,180.88,3.156932,180.18,3.144661,177.54,3.098641,176.84,3.086369,172.44,3.009670
2026-07-22 12:47:08.700,171.734,183.52,3.202952,180.88,3.156932,180.18,3.144661,177.54,3.098641,176.84,3.086369,172.44,3.009670
2026-07-22 12:47:08.734,171.768,183.52,3.202952,180.88,3.156932,180.18,3.144661,177.54,3.098641,176.84,3.086369,172.44,3.009670
2026-07-22 12:47:08.766,171.801,183.52,3.202952,180.88,3.156932,180.18,3.144661,177.54,3.098641,176.84,3.086369,172.44,3.009670
2026-07-22 12:47:08.800,171.834,183.52,3.202952,180.88,3.156932,180.18,3.144661,177.54,3.098641,176.84,3.086369,172.44,3.009670
2026-07-22 12:47:08.834,171.868,183.52,3.202952,180.88,3.156932,180.18,3.144661,177.54,3.098641,176.84,3.086369,172.44,3.009670
2026-07-22 12:47:08.867,171.901,183.52,3.202952,180.88,3.156932,180.18,3.144661,177.54,3.098641,176.84,3.086369,172.44,3.009670
2026-07-22 12:47:08.899,171.934,183.52,3.202952,180.88,3.156932,180.18,3.144661,177.54,3.098641,176.84,3.086369,172.44,3.009670
2026-07-22 12:47:08.933,171.968,183.52,3.202952,180.88,3.156932,180.18,3.144661,177.54,3.098641,176.84,3.086369,172.44,3.009670
2026-07-22 12:47:08.969,172.001,183.52,3.202952,180.88,3.156932,180.18,3.144661,177.54,3.098641,176.84,3.086369,172.44,3.009670
2026-07-22 12:47:09.001,172.034,183.52,3.202952,180.88,3.156932,180.18,3.144661,177.54,3.098641,176.84,3.086369,172.44,3.009670
2026-07-22 12:47:09.034,172.067,183.52,3.202952,180.88,3.156932,180.18,3.144661,177.54,3.098641,176.84,3.086369,172.44,3.009670
2026-07-22 12:47:09.069,172.103,183.52,3.202952,180.88,3.156932,180.18,3.144661,177.54,3.098641,176.84,3.086369,172.44,3.009670
2026-07-22 12:47:09.100,172.134,183.52,3.202952,180.88,3.156932,180.18,3.144661,177.54,3.098641,176.84,3.086369,172.44,3.009670
2026-07-22 12:47:09.133,172.167,183.52,3.202952,180.88,3.156932,180.18,3.144661,177.54,3.098641,176.84,3.086369,172.44,3.009670
2026-07-22 12:47:09.169,172.201,183.52,3.202952,180.88,3.156932,180.18,3.144661,177.54,3.098641,176.84,3.086369,172.44,3.009670
2026-07-22 12:47:09.199,172.234,183.52,3.202952,180.88,3.156932,180.18,3.144661,177.54,3.098641,176.84,3.086369,172.44,3.009670
2026-07-22 12:47:09.232,172.267,183.52,3.202952,180.88,3.156932,180.18,3.144661,177.54,3.098641,176.84,3.086369,172.44,3.009670
2026-07-22 12:47:09.266,172.301,183.52,3.202952,180.88,3.156932,180.18,3.144661,177.54,3.098641,176.84,3.086369,172.44,3.009670
2026-07-22 12:47:09.300,172.335,183.52,3.202952,180.88,3.156932,180.18,3.144661,177.54,3.098641,176.84,3.086369,172.44,3.009670
2026-07-22 12:47:09.333,172.367,183.52,3.202952,180.88,3.156932,180.18,3.144661,177.54,3.098641,176.84,3.086369,172.44,3.009670
2026-07-22 12:47:09.367,172.401,183.52,3.202952,180.88,3.156932,180.18,3.144661,177.54,3.098641,176.84,3.086369,172.44,3.009670
2026-07-22 12:47:09.399,172.434,183.52,3.202952,180.88,3.156932,180.18,3.144661,177.54,3.098641,176.84,3.086369,172.44,3.009670
2026-07-22 12:47:09.434,172.468,183.52,3.202952,180.88,3.156932,180.18,3.144661,177.54,3.098641,176.84,3.086369,172.44,3.009670
2026-07-22 12:47:09.466,172.501,183.52,3.202952,180.88,3.156932,180.18,3.144661,177.54,3.098641,176.84,3.086369,172.44,3.009670
2026-07-22 12:47:09.500,172.534,183.52,3.202952,180.88,3.156932,180.18,3.144661,177.54,3.098641,176.84,3.086369,172.44,3.009670
2026-07-22 12:47:09.533,172.567,183.52,3.202952,180.88,3.156932,180.18,3.144661,177.54,3.098641,176.84,3.086369,172.44,3.009670
2026-07-22 12:47:09.567,172.601,183.52,3.202952,180.88,3.156932,180.18,3.144661,177.54,3.098641,176.84,3.086369,172.44,3.009670
2026-07-22 12:47:09.600,172.634,183.52,3.202952,180.88,3.156932,180.18,3.144661,177.54,3.098641,176.84,3.086369,172.44,3.009670
2026-07-22 12:47:09.632,172.667,183.52,3.202952,180.88,3.156932,180.18,3.144661,177.54,3.098641,176.84,3.086369,172.44,3.009670
2026-07-22 12:47:09.666,172.701,183.52,3.202952,180.88,3.156932,180.18,3.144661,177.54,3.098641,176.84,3.086369,172.44,3.009670
2026-07-22 12:47:09.699,172.734,183.52,3.202952,180.88,3.156932,180.18,3.144661,177.54,3.098641,176.84,3.086369,172.44,3.009670
2026-07-22 12:47:09.732,172.767,183.52,3.202952,180.88,3.156932,180.18,3.144661,177.54,3.098641,176.84,3.086369,172.44,3.009670
2026-07-22 12:47:09.767,172.800,183.52,3.202952,180.88,3.156932,180.18,3.144661,177.54,3.098641,176.84,3.086369,172.44,3.009670
2026-07-22 12:47:09.802,172.834,183.52,3.202952,180.88,3.156932,180.18,3.144661,177.54,3.098641,176.84,3.086369,172.44,3.009670
2026-07-22 12:47:09.836,172.868,183.52,3.202952,180.88,3.156932,180.18,3.144661,177.54,3.098641,176.84,3.086369,172.44,3.009670
2026-07-22 12:47:09.867,172.901,183.52,3.202952,180.88,3.156932,180.18,3.144661,177.54,3.098641,176.84,3.086369,172.44,3.009670
2026-07-22 12:47:09.899,172.934,183.52,3.202952,180.88,3.156932,180.18,3.144661,177.54,3.098641,176.84,3.086369,172.44,3.009670
2026-07-22 12:47:09.932,172.968,183.52,3.202952,180.88,3.156932,180.18,3.144661,177.54,3.098641,176.84,3.086369,172.44,3.009670
2026-07-22 12:47:09.966,173.001,183.52,3.202952,180.88,3.156932,180.18,3.144661,177.54,3.098641,176.84,3.086369,172.44,3.009670
2026-07-22 12:47:09.999,173.034,183.52,3.202952,180.88,3.156932,180.18,3.144661,177.54,3.098641,176.84,3.086369,172.44,3.009670
2026-07-22 12:47:10.033,173.067,183.52,3.202952,180.88,3.156932,180.18,3.144661,177.54,3.098641,176.84,3.086369,172.44,3.009670
2026-07-22 12:47:10.067,173.101,183.52,3.202952,180.88,3.156932,180.18,3.144661,177.54,3.098641,176.84,3.086369,172.44,3.009670
2026-07-22 12:47:10.099,173.134,183.52,3.202952,180.88,3.156932,180.18,3.144661,177.54,3.098641,176.84,3.086369,172.44,3.009670
2026-07-22 12:47:10.133,173.168,183.52,3.202952,180.88,3.156932,180.18,3.144661,177.54,3.098641,176.84,3.086369,172.44,3.009670
2026-07-22 12:47:10.165,173.200,183.52,3.202952,180.88,3.156932,180.18,3.144661,177.54,3.098641,176.84,3.086369,172.44,3.009670
2026-07-22 12:47:10.199,173.234,183.52,3.202952,180.88,3.156932,180.18,3.144661,177.54,3.098641,176.84,3.086369,172.44,3.009670
2026-07-22 12:47:10.233,173.267,183.52,3.202952,180.88,3.156932,180.18,3.144661,177.54,3.098641,176.84,3.086369,172.44,3.009670
2026-07-22 12:47:10.267,173.301,183.52,3.202952,180.88,3.156932,180.18,3.144661,177.54,3.098641,176.84,3.086369,172.44,3.009670
2026-07-22 12:47:10.299,173.334,183.52,3.202952,180.88,3.156932,180.18,3.144661,177.54,3.098641,176.84,3.086369,172.44,3.009670
2026-07-22 12:47:10.332,173.368,183.52,3.202952,180.88,3.156932,180.18,3.144661,177.54,3.098641,176.84,3.086369,172.44,3.009670
2026-07-22 12:47:10.366,173.401,183.52,3.202952,180.88,3.156932,180.18,3.144661,177.54,3.098641,176.84,3.086369,172.44,3.009670
2026-07-22 12:47:10.399,173.434,183.52,3.202952,180.88,3.156932,180.18,3.144661,177.54,3.098641,176.84,3.086369,172.44,3.009670
2026-07-22 12:47:10.432,173.467,183.52,3.202952,180.88,3.156932,180.18,3.144661,177.54,3.098641,176.84,3.086369,172.44,3.009670
2026-07-22 12:47:10.465,173.501,183.52,3.202952,180.88,3.156932,180.18,3.144661,177.54,3.098641,176.84,3.086369,172.44,3.009670
2026-07-22 12:47:10.500,173.534,183.52,3.202952,180.88,3.156932,180.18,3.144661,177.54,3.098641,176.84,3.086369,172.44,3.009670
2026-07-22 12:47:10.532,173.567,183.52,3.202952,180.88,3.156932,180.18,3.144661,177.54,3.098641,176.84,3.086369,172.44,3.009670
2026-07-22 12:47:10.567,173.601,183.52,3.202952,180.88,3.156932,180.18,3.144661,177.54,3.098641,176.84,3.086369,172.44,3.009670
2026-07-22 12:47:10.598,173.634,183.52,3.202952,180.88,3.156932,180.18,3.144661,177.54,3.098641,176.84,3.086369,172.44,3.009670
2026-07-22 12:47:10.637,173.668,183.52,3.202952,180.88,3.156932,180.18,3.144661,177.54,3.098641,176.84,3.086369,172.44,3.009670
2026-07-22 12:47:10.668,173.702,183.52,3.202952,180.88,3.156932,180.18,3.144661,177.54,3.098641,176.84,3.086369,172.44,3.009670
2026-07-22 12:47:10.699,173.734,183.52,3.202952,180.88,3.156932,180.18,3.144661,177.54,3.098641,176.84,3.086369,172.44,3.009670
2026-07-22 12:47:10.732,173.767,183.52,3.202952,180.88,3.156932,180.18,3.144661,177.54,3.098641,176.84,3.086369,172.44,3.009670
2026-07-22 12:47:10.767,173.801,183.52,3.202952,180.88,3.156932,180.18,3.144661,177.54,3.098641,176.84,3.086369,172.44,3.009670
2026-07-22 12:47:10.799,173.834,183.52,3.202952,180.88,3.156932,180.18,3.144661,177.54,3.098641,176.84,3.086369,172.44,3.009670
2026-07-22 12:47:10.833,173.867,183.52,3.202952,180.88,3.156932,180.18,3.144661,177.54,3.098641,176.84,3.086369,172.44,3.009670
2026-07-22 12:47:10.867,173.901,183.52,3.202952,180.88,3.156932,180.18,3.144661,177.54,3.098641,176.84,3.086369,172.44,3.009670
2026-07-22 12:47:10.900,173.935,183.52,3.202952,180.88,3.156932,180.18,3.144661,177.54,3.098641,176.84,3.086369,172.44,3.009670
2026-07-22 12:47:10.933,173.968,183.52,3.202952,180.88,3.156932,180.18,3.144661,177.54,3.098641,176.84,3.086369,172.44,3.009670
2026-07-22 12:47:10.966,174.001,183.52,3.202952,180.88,3.156932,180.18,3.144661,177.54,3.098641,176.84,3.086369,172.44,3.009670
2026-07-22 12:47:10.999,174.034,183.52,3.202952,180.88,3.156932,180.18,3.144661,177.54,3.098641,176.84,3.086369,172.44,3.009670
2026-07-22 12:47:11.033,174.068,183.52,3.202952,180.88,3.156932,180.18,3.144661,177.54,3.098641,176.84,3.086369,172.44,3.009670
2026-07-22 12:47:11.066,174.101,183.52,3.202952,180.88,3.156932,180.18,3.144661,177.54,3.098641,176.84,3.086369,172.44,3.009670
2026-07-22 12:47:11.100,174.134,183.52,3.202952,180.88,3.156932,180.18,3.144661,177.54,3.098641,176.84,3.086369,172.44,3.009670
2026-07-22 12:47:11.134,174.168,183.52,3.202952,180.88,3.156932,180.18,3.144661,177.54,3.098641,176.84,3.086369,172.44,3.009670
2026-07-22 12:47:11.166,174.201,183.52,3.202952,180.88,3.156932,180.18,3.144661,177.54,3.098641,176.84,3.086369,172.44,3.009670
2026-07-22 12:47:11.199,174.234,183.52,3.202952,180.88,3.156932,180.18,3.144661,177.54,3.098641,176.84,3.086369,172.44,3.009670
2026-07-22 12:47:11.233,174.268,183.52,3.202952,180.88,3.156932,180.18,3.144661,177.54,3.098641,176.84,3.086369,172.44,3.009670
2026-07-22 12:47:11.266,174.301,183.52,3.202952,180.88,3.156932,180.18,3.144661,177.54,3.098641,176.84,3.086369,172.44,3.009670
2026-07-22 12:47:11.304,174.334,183.52,3.202952,180.88,3.156932,180.18,3.144661,177.54,3.098641,176.84,3.086369,172.44,3.009670
2026-07-22 12:47:11.334,174.367,183.52,3.202952,180.88,3.156932,180.18,3.144661,177.54,3.098641,176.84,3.086369,172.44,3.009670
2026-07-22 12:47:11.366,174.401,183.52,3.202952,180.88,3.156932,180.18,3.144661,177.54,3.098641,176.84,3.086369,172.44,3.009670
2026-07-22 12:47:11.403,174.434,183.52,3.202952,180.88,3.156932,180.18,3.144661,177.54,3.098641,176.84,3.086369,172.44,3.009670
2026-07-22 12:47:11.434,174.468,183.52,3.202952,180.88,3.156932,180.18,3.144661,177.54,3.098641,176.84,3.086369,172.44,3.009670
2026-07-22 12:47:11.467,174.501,183.52,3.202952,180.88,3.156932,180.18,3.144661,177.54,3.098641,176.84,3.086369,172.44,3.009670
2026-07-22 12:47:11.499,174.534,183.52,3.202952,180.88,3.156932,180.18,3.144661,177.54,3.098641,176.84,3.086369,172.44,3.009670
2026-07-22 12:47:11.535,174.568,183.52,3.202952,180.88,3.156932,180.18,3.144661,177.54,3.098641,176.84,3.086369,172.44,3.009670
2026-07-22 12:47:11.568,174.601,183.52,3.202952,180.88,3.156932,180.18,3.144661,177.54,3.098641,176.84,3.086369,172.44,3.009670
2026-07-22 12:47:11.599,174.634,183.52,3.202952,180.88,3.156932,180.18,3.144661,177.54,3.098641,176.84,3.086369,172.44,3.009670
2026-07-22 12:47:11.634,174.668,183.52,3.202952,180.88,3.156932,180.18,3.144661,177.54,3.098641,176.84,3.086369,172.44,3.009670
2026-07-22 12:47:11.666,174.701,183.52,3.202952,180.88,3.156932,180.18,3.144661,177.54,3.098641,176.84,3.086369,172.44,3.009670
2026-07-22 12:47:11.700,174.735,183.52,3.202952,180.88,3.156932,180.18,3.144661,177.54,3.098641,176.84,3.086369,172.44,3.009670
2026-07-22 12:47:11.733,174.767,183.52,3.202952,180.88,3.156932,180.18,3.144661,177.54,3.098641,176.84,3.086369,172.44,3.009670
2026-07-22 12:47:11.766,174.801,183.52,3.202952,180.88,3.156932,180.18,3.144661,177.54,3.098641,176.84,3.086369,172.44,3.009670
2026-07-22 12:47:11.803,174.834,183.52,3.202952,180.88,3.156932,180.18,3.144661,177.54,3.098641,176.84,3.086369,172.44,3.009670
2026-07-22 12:47:11.833,174.868,183.52,3.202952,180.88,3.156932,180.18,3.144661,177.54,3.098641,176.84,3.086369,172.44,3.009670
2026-07-22 12:47:11.866,174.901,183.52,3.202952,180.88,3.156932,180.18,3.144661,177.54,3.098641,176.84,3.086369,172.44,3.009670
2026-07-22 12:47:11.900,174.934,183.52,3.202952,180.88,3.156932,180.18,3.144661,177.54,3.098641,176.84,3.086369,172.44,3.009670
2026-07-22 12:47:11.936,174.968,183.52,3.202952,180.88,3.156932,180.18,3.144661,177.54,3.098641,176.84,3.086369,172.44,3.009670
2026-07-22 12:47:11.968,175.001,183.52,3.202952,180.88,3.156932,180.18,3.144661,177.54,3.098641,176.84,3.086369,172.44,3.009670
2026-07-22 12:47:11.999,175.034,183.52,3.202952,180.88,3.156932,180.18,3.144661,177.54,3.098641,176.84,3.086369,172.44,3.009670
2026-07-22 12:47:12.035,175.067,183.52,3.202952,180.88,3.156932,180.18,3.144661,177.54,3.098641,176.84,3.086369,172.44,3.009670
2026-07-22 12:47:12.066,175.101,183.52,3.202952,180.88,3.156932,180.18,3.144661,177.54,3.098641,176.84,3.086369,172.44,3.009670
2026-07-22 12:47:12.102,175.135,183.52,3.202952,180.88,3.156932,180.18,3.144661,177.54,3.098641,176.84,3.086369,172.44,3.009670
2026-07-22 12:47:12.132,175.167,183.52,3.202952,180.88,3.156932,180.18,3.144661,177.54,3.098641,176.84,3.086369,172.44,3.009670
2026-07-22 12:47:12.166,175.201,183.52,3.202952,180.88,3.156932,180.18,3.144661,177.54,3.098641,176.84,3.086369,172.44,3.009670
2026-07-22 12:47:12.202,175.234,183.52,3.202952,180.88,3.156932,180.18,3.144661,177.54,3.098641,176.84,3.086369,172.44,3.009670
2026-07-22 12:47:12.234,175.269,183.52,3.202952,180.88,3.156932,180.18,3.144661,177.54,3.098641,176.84,3.086369,172.44,3.009670
2026-07-22 12:47:12.273,175.304,183.52,3.202952,180.88,3.156932,180.18,3.144661,177.54,3.098641,176.84,3.086369,172.44,3.009670
2026-07-22 12:47:12.300,175.334,183.52,3.202952,180.88,3.156932,180.18,3.144661,177.54,3.098641,176.84,3.086369,172.44,3.009670
2026-07-22 12:47:12.333,175.367,183.52,3.202952,180.88,3.156932,180.18,3.144661,177.54,3.098641,176.84,3.086369,172.44,3.009670
2026-07-22 12:47:12.366,175.401,183.52,3.202952,180.88,3.156932,180.18,3.144661,177.54,3.098641,176.84,3.086369,172.44,3.009670
2026-07-22 12:47:12.401,175.434,183.52,3.202952,180.88,3.156932,180.18,3.144661,177.54,3.098641,176.84,3.086369,172.44,3.009670
2026-07-22 12:47:12.434,175.467,183.52,3.202952,180.88,3.156932,180.18,3.144661,177.54,3.098641,176.84,3.086369,172.44,3.009670
2026-07-22 12:47:12.466,175.501,183.52,3.202952,180.88,3.156932,180.18,3.144661,177.54,3.098641,176.84,3.086369,172.44,3.009670
2026-07-22 12:47:12.499,175.534,183.52,3.202952,180.88,3.156932,180.18,3.144661,177.54,3.098641,176.84,3.086369,172.44,3.009670
2026-07-22 12:47:12.533,175.567,183.52,3.202952,180.88,3.156932,180.18,3.144661,177.54,3.098641,176.84,3.086369,172.44,3.009670
2026-07-22 12:47:12.566,175.601,183.52,3.202952,180.88,3.156932,180.18,3.144661,177.54,3.098641,176.84,3.086369,172.44,3.009670
2026-07-22 12:47:12.599,175.634,183.52,3.202952,180.88,3.156932,180.18,3.144661,177.54,3.098641,176.84,3.086369,172.44,3.009670
2026-07-22 12:47:12.634,175.668,183.52,3.202952,180.88,3.156932,180.18,3.144661,177.54,3.098641,176.84,3.086369,172.44,3.009670
2026-07-22 12:47:12.667,175.701,183.52,3.202952,180.88,3.156932,180.18,3.144661,177.54,3.098641,176.84,3.086369,172.44,3.009670
2026-07-22 12:47:12.699,175.734,183.52,3.202952,180.88,3.156932,180.18,3.144661,177.54,3.098641,176.84,3.086369,172.44,3.009670
2026-07-22 12:47:12.733,175.768,183.52,3.202952,180.88,3.156932,180.18,3.144661,177.54,3.098641,176.84,3.086369,172.44,3.009670
2026-07-22 12:47:12.766,175.801,183.52,3.202952,180.88,3.156932,180.18,3.144661,177.54,3.098641,176.84,3.086369,172.44,3.009670
2026-07-22 12:47:12.800,175.834,183.52,3.202952,180.88,3.156932,180.18,3.144661,177.54,3.098641,176.84,3.086369,172.44,3.009670
2026-07-22 12:47:12.832,175.867,183.52,3.202952,180.88,3.156932,180.18,3.144661,177.54,3.098641,176.84,3.086369,172.44,3.009670
2026-07-22 12:47:12.865,175.901,183.52,3.202952,180.88,3.156932,180.18,3.144661,177.54,3.098641,176.84,3.086369,172.44,3.009670
2026-07-22 12:47:12.899,175.934,183.52,3.202952,180.88,3.156932,180.18,3.144661,177.54,3.098641,176.84,3.086369,172.44,3.009670
2026-07-22 12:47:12.936,175.967,183.52,3.202952,180.88,3.156932,180.18,3.144661,177.54,3.098641,176.84,3.086369,172.44,3.009670
2026-07-22 12:47:12.966,176.001,183.52,3.202952,180.88,3.156932,180.18,3.144661,177.54,3.098641,176.84,3.086369,172.44,3.009670
2026-07-22 12:47:13.001,176.034,183.52,3.202952,180.88,3.156932,180.18,3.144661,177.54,3.098641,176.84,3.086369,172.44,3.009670
2026-07-22 12:47:13.034,176.068,183.52,3.202952,180.88,3.156932,180.18,3.144661,177.54,3.098641,176.84,3.086369,172.44,3.009670
2026-07-22 12:47:13.067,176.101,183.52,3.202952,180.88,3.156932,180.18,3.144661,177.54,3.098641,176.84,3.086369,172.44,3.009670
2026-07-22 12:47:13.101,176.135,183.52,3.202952,180.88,3.156932,180.18,3.144661,177.54,3.098641,176.84,3.086369,172.44,3.009670
2026-07-22 12:47:13.133,176.168,183.52,3.202952,180.88,3.156932,180.18,3.144661,177.54,3.098641,176.84,3.086369,172.44,3.009670
2026-07-22 12:47:13.166,176.200,183.52,3.202952,180.88,3.156932,180.18,3.144661,177.54,3.098641,176.84,3.086369,172.44,3.009670
2026-07-22 12:47:13.200,176.234,183.52,3.202952,180.88,3.156932,180.18,3.144661,177.54,3.098641,176.84,3.086369,172.44,3.009670
2026-07-22 12:47:13.234,176.268,183.52,3.202952,180.88,3.156932,180.18,3.144661,177.54,3.098641,176.84,3.086369,172.44,3.009670
2026-07-22 12:47:13.266,176.301,183.52,3.202952,180.88,3.156932,180.18,3.144661,177.54,3.098641,176.84,3.086369,172.44,3.009670
2026-07-22 12:47:13.299,176.334,183.52,3.202952,180.88,3.156932,180.18,3.144661,177.54,3.098641,176.84,3.086369,172.44,3.009670
2026-07-22 12:47:13.333,176.367,183.52,3.202952,180.88,3.156932,180.18,3.144661,177.54,3.098641,176.84,3.086369,172.44,3.009670
2026-07-22 12:47:13.366,176.401,183.52,3.202952,180.88,3.156932,180.18,3.144661,177.54,3.098641,176.84,3.086369,172.44,3.009670
2026-07-22 12:47:13.399,176.434,183.52,3.202952,180.88,3.156932,180.18,3.144661,177.54,3.098641,176.84,3.086369,172.44,3.009670
2026-07-22 12:47:13.434,176.467,183.52,3.202952,180.88,3.156932,180.18,3.144661,177.54,3.098641,176.84,3.086369,172.44,3.009670
2026-07-22 12:47:13.467,176.501,183.52,3.202952,180.88,3.156932,180.18,3.144661,177.54,3.098641,176.84,3.086369,172.44,3.009670
2026-07-22 12:47:13.499,176.534,183.52,3.202952,180.88,3.156932,180.18,3.144661,177.54,3.098641,176.84,3.086369,172.44,3.009670
2026-07-22 12:47:13.533,176.568,183.52,3.202952,180.88,3.156932,180.18,3.144661,177.54,3.098641,176.84,3.086369,172.44,3.009670
2026-07-22 12:47:13.566,176.601,183.52,3.202952,180.88,3.156932,180.18,3.144661,177.54,3.098641,176.84,3.086369,172.44,3.009670
2026-07-22 12:47:13.600,176.634,183.52,3.202952,180.88,3.156932,180.18,3.144661,177.54,3.098641,176.84,3.086369,172.44,3.009670
2026-07-22 12:47:13.633,176.667,183.52,3.202952,180.88,3.156932,180.18,3.144661,177.54,3.098641,176.84,3.086369,172.44,3.009670
2026-07-22 12:47:13.666,176.701,183.52,3.202952,180.88,3.156932,180.18,3.144661,177.54,3.098641,176.84,3.086369,172.44,3.009670
2026-07-22 12:47:13.699,176.734,183.52,3.202952,180.88,3.156932,180.18,3.144661,177.54,3.098641,176.84,3.086369,172.44,3.009670
2026-07-22 12:47:13.733,176.768,183.52,3.202952,180.88,3.156932,180.18,3.144661,177.54,3.098641,176.84,3.086369,172.44,3.009670
2026-07-22 12:47:13.768,176.801,183.52,3.202952,180.88,3.156932,180.18,3.144661,177.54,3.098641,176.84,3.086369,172.44,3.009670
2026-07-22 12:47:13.804,176.834,183.52,3.202952,180.88,3.156932,180.18,3.144661,177.54,3.098641,176.84,3.086369,172.44,3.009670
2026-07-22 12:47:13.835,176.868,183.52,3.202952,180.88,3.156932,180.18,3.144661,177.54,3.098641,176.84,3.086369,172.44,3.009670
2026-07-22 12:47:13.867,176.901,183.52,3.202952,180.88,3.156932,180.18,3.144661,177.54,3.098641,176.84,3.086369,172.44,3.009670
2026-07-22 12:47:13.899,176.934,183.52,3.202952,180.88,3.156932,180.18,3.144661,177.54,3.098641,176.84,3.086369,172.44,3.009670
2026-07-22 12:47:13.933,176.967,183.52,3.202952,180.88,3.156932,180.18,3.144661,177.54,3.098641,176.84,3.086369,172.44,3.009670
2026-07-22 12:47:13.966,177.001,183.52,3.202952,180.88,3.156932,180.18,3.144661,177.54,3.098641,176.84,3.086369,172.44,3.009670
2026-07-22 12:47:13.999,177.034,183.52,3.202952,180.88,3.156932,180.18,3.144661,177.54,3.098641,176.84,3.086369,172.44,3.009670
2026-07-22 12:47:14.034,177.067,183.52,3.202952,180.88,3.156932,180.18,3.144661,177.54,3.098641,176.84,3.086369,172.44,3.009670
2026-07-22 12:47:14.067,177.101,183.52,3.202952,180.88,3.156932,180.18,3.144661,177.54,3.098641,176.84,3.086369,172.44,3.009670
2026-07-22 12:47:14.100,177.134,183.52,3.202952,180.88,3.156932,180.18,3.144661,177.54,3.098641,176.84,3.086369,172.44,3.009670
2026-07-22 12:47:14.133,177.168,183.52,3.202952,180.88,3.156932,180.18,3.144661,177.54,3.098641,176.84,3.086369,172.44,3.009670
2026-07-22 12:47:14.166,177.201,183.52,3.202952,180.88,3.156932,180.18,3.144661,177.54,3.098641,176.84,3.086369,172.44,3.009670
2026-07-22 12:47:14.199,177.234,183.52,3.202952,180.88,3.156932,180.18,3.144661,177.54,3.098641,176.84,3.086369,172.44,3.009670
2026-07-22 12:47:14.233,177.267,183.52,3.202952,180.88,3.156932,180.18,3.144661,177.54,3.098641,176.84,3.086369,172.44,3.009670
2026-07-22 12:47:14.266,177.301,183.52,3.202952,180.88,3.156932,180.18,3.144661,177.54,3.098641,176.84,3.086369,172.44,3.009670
2026-07-22 12:47:14.300,177.334,183.52,3.202952,180.88,3.156932,180.18,3.144661,177.54,3.098641,176.84,3.086369,172.44,3.009670
2026-07-22 12:47:14.333,177.368,183.52,3.202952,180.88,3.156932,180.18,3.144661,177.54,3.098641,176.84,3.086369,172.44,3.009670
2026-07-22 12:47:14.366,177.401,183.52,3.202952,180.88,3.156932,180.18,3.144661,177.54,3.098641,176.84,3.086369,172.44,3.009670
2026-07-22 12:47:14.400,177.435,183.52,3.202952,180.88,3.156932,180.18,3.144661,177.54,3.098641,176.84,3.086369,172.44,3.009670
2026-07-22 12:47:14.433,177.468,183.52,3.202952,180.88,3.156932,180.18,3.144661,177.54,3.098641,176.84,3.086369,172.44,3.009670
2026-07-22 12:47:14.466,177.501,183.52,3.202952,180.88,3.156932,180.18,3.144661,177.54,3.098641,176.84,3.086369,172.44,3.009670
2026-07-22 12:47:14.499,177.534,183.52,3.202952,180.88,3.156932,180.18,3.144661,177.54,3.098641,176.84,3.086369,172.44,3.009670
2026-07-22 12:47:14.534,177.568,183.52,3.202952,180.88,3.156932,180.18,3.144661,177.54,3.098641,176.84,3.086369,172.44,3.009670
2026-07-22 12:47:14.567,177.600,183.52,3.202952,180.88,3.156932,180.18,3.144661,177.54,3.098641,176.84,3.086369,172.44,3.009670
2026-07-22 12:47:14.601,177.634,183.52,3.202952,180.88,3.156932,180.18,3.144661,177.54,3.098641,176.84,3.086369,172.44,3.009670
2026-07-22 12:47:14.632,177.667,183.52,3.202952,180.88,3.156932,180.18,3.144661,177.54,3.098641,176.84,3.086369,172.44,3.009670
2026-07-22 12:47:14.667,177.701,183.52,3.202952,180.88,3.156932,180.18,3.144661,177.54,3.098641,176.84,3.086369,172.44,3.009670
2026-07-22 12:47:14.700,177.734,183.52,3.202952,180.88,3.156932,180.18,3.144661,177.54,3.098641,176.84,3.086369,172.44,3.009670
2026-07-22 12:47:14.733,177.768,183.52,3.202952,180.88,3.156932,180.18,3.144661,177.54,3.098641,176.84,3.086369,172.44,3.009670
2026-07-22 12:47:14.766,177.801,183.52,3.202952,180.88,3.156932,180.18,3.144661,177.54,3.098641,176.84,3.086369,172.44,3.009670
2026-07-22 12:47:14.800,177.834,183.52,3.202952,180.88,3.156932,180.18,3.144661,177.54,3.098641,176.84,3.086369,172.44,3.009670
2026-07-22 12:47:14.834,177.868,183.52,3.202952,180.88,3.156932,180.18,3.144661,177.54,3.098641,176.84,3.086369,172.44,3.009670
2026-07-22 12:47:14.867,177.901,183.52,3.202952,180.88,3.156932,180.18,3.144661,177.54,3.098641,176.84,3.086369,172.44,3.009670
2026-07-22 12:47:14.900,177.934,183.52,3.202952,180.88,3.156932,180.18,3.144661,177.54,3.098641,176.84,3.086369,172.44,3.009670
2026-07-22 12:47:14.933,177.968,183.52,3.202952,180.88,3.156932,180.18,3.144661,177.54,3.098641,176.84,3.086369,172.44,3.009670
2026-07-22 12:47:14.966,178.001,183.52,3.202952,180.88,3.156932,180.18,3.144661,177.54,3.098641,176.84,3.086369,172.44,3.009670
2026-07-22 12:47:15.001,178.034,183.52,3.202952,180.88,3.156932,180.18,3.144661,177.54,3.098641,176.84,3.086369,172.44,3.009670
2026-07-22 12:47:15.033,178.068,183.52,3.202952,180.88,3.156932,180.18,3.144661,177.54,3.098641,176.84,3.086369,172.44,3.009670
2026-07-22 12:47:15.066,178.101,183.52,3.202952,180.88,3.156932,180.18,3.144661,177.54,3.098641,176.84,3.086369,172.44,3.009670
2026-07-22 12:47:15.099,178.134,183.52,3.202952,180.88,3.156932,180.18,3.144661,177.54,3.098641,176.84,3.086369,172.44,3.009670
2026-07-22 12:47:15.133,178.167,183.52,3.202952,180.88,3.156932,180.18,3.144661,177.54,3.098641,176.84,3.086369,172.44,3.009670
2026-07-22 12:47:15.166,178.201,183.52,3.202952,180.88,3.156932,180.18,3.144661,177.54,3.098641,176.84,3.086369,172.44,3.009670
2026-07-22 12:47:15.199,178.234,183.52,3.202952,180.88,3.156932,180.18,3.144661,177.54,3.098641,176.84,3.086369,172.44,3.009670
2026-07-22 12:47:15.233,178.267,183.52,3.202952,180.88,3.156932,180.18,3.144661,177.54,3.098641,176.84,3.086369,172.44,3.009670
2026-07-22 12:47:15.266,178.300,183.52,3.202952,180.88,3.156932,180.18,3.144661,177.54,3.098641,176.84,3.086369,172.44,3.009670
2026-07-22 12:47:15.299,178.334,183.52,3.202952,180.88,3.156932,180.18,3.144661,177.54,3.098641,176.84,3.086369,172.44,3.009670
2026-07-22 12:47:15.333,178.367,183.52,3.202952,180.88,3.156932,180.18,3.144661,177.54,3.098641,176.84,3.086369,172.44,3.009670
2026-07-22 12:47:15.366,178.401,183.52,3.202952,180.88,3.156932,180.18,3.144661,177.54,3.098641,176.84,3.086369,172.44,3.009670
2026-07-22 12:47:15.401,178.434,183.52,3.202952,180.88,3.156932,180.18,3.144661,177.54,3.098641,176.84,3.086369,172.44,3.009670
2026-07-22 12:47:15.435,178.467,183.52,3.202952,180.88,3.156932,180.18,3.144661,177.54,3.098641,176.84,3.086369,172.44,3.009670
2026-07-22 12:47:15.467,178.501,183.52,3.202952,180.88,3.156932,180.18,3.144661,177.54,3.098641,176.84,3.086369,172.44,3.009670
2026-07-22 12:47:15.500,178.535,183.52,3.202952,180.88,3.156932,180.18,3.144661,177.54,3.098641,176.84,3.086369,172.44,3.009670
2026-07-22 12:47:15.532,178.567,183.52,3.202952,180.88,3.156932,180.18,3.144661,177.54,3.098641,176.84,3.086369,172.44,3.009670
2026-07-22 12:47:15.566,178.601,183.52,3.202952,180.88,3.156932,180.18,3.144661,177.54,3.098641,176.84,3.086369,172.44,3.009670
2026-07-22 12:47:15.600,178.634,183.52,3.202952,180.88,3.156932,180.18,3.144661,177.54,3.098641,176.84,3.086369,172.44,3.009670
2026-07-22 12:47:15.634,178.668,183.52,3.202952,180.88,3.156932,180.18,3.144661,177.54,3.098641,176.84,3.086369,172.44,3.009670
2026-07-22 12:47:15.666,178.701,183.52,3.202952,180.88,3.156932,180.18,3.144661,177.54,3.098641,176.84,3.086369,172.44,3.009670
2026-07-22 12:47:15.699,178.734,183.52,3.202952,180.88,3.156932,180.18,3.144661,177.54,3.098641,176.84,3.086369,172.44,3.009670
2026-07-22 12:47:15.733,178.767,183.52,3.202952,180.88,3.156932,180.18,3.144661,177.54,3.098641,176.84,3.086369,172.44,3.009670
2026-07-22 12:47:15.766,178.801,183.52,3.202952,180.88,3.156932,180.18,3.144661,177.54,3.098641,176.84,3.086369,172.44,3.009670
2026-07-22 12:47:15.799,178.834,183.52,3.202952,180.88,3.156932,180.18,3.144661,177.54,3.098641,176.84,3.086369,172.44,3.009670
2026-07-22 12:47:15.833,178.868,183.52,3.202952,180.88,3.156932,180.18,3.144661,177.54,3.098641,176.84,3.086369,172.44,3.009670
2026-07-22 12:47:15.866,178.901,183.52,3.202952,180.88,3.156932,180.18,3.144661,177.54,3.098641,176.84,3.086369,172.44,3.009670
2026-07-22 12:47:15.900,178.934,183.52,3.202952,180.88,3.156932,180.18,3.144661,177.54,3.098641,176.84,3.086369,172.44,3.009670
2026-07-22 12:47:15.933,178.968,183.52,3.202952,180.88,3.156932,180.18,3.144661,177.54,3.098641,176.84,3.086369,172.44,3.009670
2026-07-22 12:47:15.966,179.001,183.52,3.202952,180.88,3.156932,180.18,3.144661,177.54,3.098641,176.84,3.086369,172.44,3.009670
2026-07-22 12:47:16.000,179.034,183.52,3.202952,180.88,3.156932,180.18,3.144661,177.54,3.098641,176.84,3.086369,172.44,3.009670
2026-07-22 12:47:16.033,179.067,183.52,3.202952,180.88,3.156932,180.18,3.144661,177.54,3.098641,176.84,3.086369,172.44,3.009670
2026-07-22 12:47:16.066,179.100,183.52,3.202952,180.88,3.156932,180.18,3.144661,177.54,3.098641,176.84,3.086369,172.44,3.009670
2026-07-22 12:47:16.102,179.134,183.52,3.202952,180.88,3.156932,180.18,3.144661,177.54,3.098641,176.84,3.086369,172.44,3.009670
2026-07-22 12:47:16.133,179.168,183.52,3.202952,180.88,3.156932,180.18,3.144661,177.54,3.098641,176.84,3.086369,172.44,3.009670
2026-07-22 12:47:16.165,179.201,183.52,3.202952,180.88,3.156932,180.18,3.144661,177.54,3.098641,176.84,3.086369,172.44,3.009670
2026-07-22 12:47:16.202,179.234,183.52,3.202952,180.88,3.156932,180.18,3.144661,177.54,3.098641,176.84,3.086369,172.44,3.009670
2026-07-22 12:47:16.234,179.268,183.52,3.202952,180.88,3.156932,180.18,3.144661,177.54,3.098641,176.84,3.086369,172.44,3.009670
2026-07-22 12:47:16.267,179.301,183.52,3.202952,180.88,3.156932,180.18,3.144661,177.54,3.098641,176.84,3.086369,172.44,3.009670
2026-07-22 12:47:16.299,179.334,183.52,3.202952,180.88,3.156932,180.18,3.144661,177.54,3.098641,176.84,3.086369,172.44,3.009670
2026-07-22 12:47:16.333,179.368,183.52,3.202952,180.88,3.156932,180.18,3.144661,177.54,3.098641,176.84,3.086369,172.44,3.009670
2026-07-22 12:47:16.366,179.401,183.52,3.202952,180.88,3.156932,180.18,3.144661,177.54,3.098641,176.84,3.086369,172.44,3.009670
2026-07-22 12:47:16.400,179.434,183.52,3.202952,180.88,3.156932,180.18,3.144661,177.54,3.098641,176.84,3.086369,172.44,3.009670
2026-07-22 12:47:16.433,179.468,183.52,3.202952,180.88,3.156932,180.18,3.144661,177.54,3.098641,176.84,3.086369,172.44,3.009670
2026-07-22 12:47:16.465,179.501,183.52,3.202952,180.88,3.156932,180.18,3.144661,177.54,3.098641,176.84,3.086369,172.44,3.009670
2026-07-22 12:47:16.499,179.534,183.52,3.202952,180.88,3.156932,180.18,3.144661,177.54,3.098641,176.84,3.086369,172.44,3.009670
2026-07-22 12:47:16.533,179.568,183.52,3.202952,180.88,3.156932,180.18,3.144661,177.54,3.098641,176.84,3.086369,172.44,3.009670
2026-07-22 12:47:16.566,179.601,183.52,3.202952,180.88,3.156932,180.18,3.144661,177.54,3.098641,176.84,3.086369,172.44,3.009670
2026-07-22 12:47:16.599,179.634,183.52,3.202952,180.88,3.156932,180.18,3.144661,177.54,3.098641,176.84,3.086369,172.44,3.009670
2026-07-22 12:47:16.632,179.667,183.52,3.202952,180.88,3.156932,180.18,3.144661,177.54,3.098641,176.84,3.086369,172.44,3.009670
2026-07-22 12:47:16.666,179.701,183.52,3.202952,180.88,3.156932,180.18,3.144661,177.54,3.098641,176.84,3.086369,172.44,3.009670
2026-07-22 12:47:16.699,179.734,183.52,3.202952,180.88,3.156932,180.18,3.144661,177.54,3.098641,176.84,3.086369,172.44,3.009670
2026-07-22 12:47:16.733,179.767,183.52,3.202952,180.88,3.156932,180.18,3.144661,177.54,3.098641,176.84,3.086369,172.44,3.009670
2026-07-22 12:47:16.767,179.801,183.52,3.202952,180.88,3.156932,180.18,3.144661,177.54,3.098641,176.84,3.086369,172.44,3.009670
2026-07-22 12:47:16.800,179.834,183.52,3.202952,180.88,3.156932,180.18,3.144661,177.54,3.098641,176.84,3.086369,172.44,3.009670
2026-07-22 12:47:16.833,179.867,183.52,3.202952,180.88,3.156932,180.18,3.144661,177.54,3.098641,176.84,3.086369,172.44,3.009670
2026-07-22 12:47:16.866,179.901,183.52,3.202952,180.88,3.156932,180.18,3.144661,177.54,3.098641,176.84,3.086369,172.44,3.009670
2026-07-22 12:47:16.900,179.934,183.52,3.202952,180.88,3.156932,180.18,3.144661,177.54,3.098641,176.84,3.086369,172.44,3.009670
2026-07-22 12:47:16.933,179.967,183.52,3.202952,180.88,3.156932,180.18,3.144661,177.54,3.098641,176.84,3.086369,172.44,3.009670
2026-07-22 12:47:16.972,180.001,183.52,3.202952,180.88,3.156932,180.18,3.144661,177.54,3.098641,176.84,3.086369,172.44,3.009670
