timestamp,elapsed_s,shoulder_pan_deg,shoulder_lift_deg,elbow_flex_deg,wrist_flex_deg,wrist_roll_deg,gripper_deg
2026-07-22 11:43:00.861,0.004,176.13,179.91,180.44,177.89,174.46,172.44
2026-07-22 11:43:00.861,0.043,176.13,179.91,180.44,177.89,174.46,172.44
2026-07-22 11:43:00.861,0.084,176.13,179.91,180.44,177.89,174.46,172.44
2026-07-22 11:43:00.861,0.121,176.13,179.91,180.44,177.89,174.46,172.44
2026-07-22 11:43:00.861,0.158,176.13,179.91,180.44,177.89,174.46,172.44
2026-07-22 11:43:00.861,0.229,176.13,179.91,180.44,177.89,174.46,0.00
2026-07-22 11:43:00.861,0.266,176.13,0.00,0.00,0.00,0.00,0.00
2026-07-22 11:43:00.861,0.299,0.00,0.00,0.00,0.00,0.00,0.00
2026-07-22 11:43:00.861,0.333,0.00,0.00,0.00,0.00,0.00,0.00
2026-07-22 11:43:00.861,0.366,0.00,0.00,0.00,0.00,0.00,0.00
2026-07-22 11:43:00.861,0.399,0.00,0.00,0.00,0.00,0.00,0.00
2026-07-22 11:43:00.861,0.432,0.00,0.00,0.00,0.00,0.00,0.00
2026-07-22 11:43:00.861,0.466,0.00,0.00,0.00,0.00,0.00,0.00
2026-07-22 11:43:00.861,0.499,0.00,0.00,0.00,0.00,0.00,0.00
2026-07-22 11:43:00.861,0.532,0.00,0.00,0.00,0.00,0.00,0.00
2026-07-22 11:43:00.861,0.566,0.00,0.00,0.00,0.00,0.00,0.00
2026-07-22 11:43:00.861,0.599,0.00,0.00,0.00,0.00,0.00,0.00
2026-07-22 11:43:00.861,0.633,0.00,0.00,0.00,0.00,0.00,0.00
2026-07-22 11:43:00.861,0.667,0.00,0.00,0.00,0.00,0.00,0.00
2026-07-22 11:43:00.861,0.700,0.00,0.00,0.00,0.00,0.00,0.00
2026-07-22 11:43:00.861,0.733,0.00,0.00,0.00,0.00,0.00,0.00
2026-07-22 11:43:00.861,0.767,0.00,0.00,0.00,0.00,0.00,0.00
2026-07-22 11:43:00.861,0.800,0.00,0.00,0.00,0.00,0.00,0.00
2026-07-22 11:43:00.861,0.834,0.00,0.00,0.00,0.00,0.00,0.00
2026-07-22 11:43:00.861,0.867,0.00,0.00,0.00,0.00,0.00,0.00
2026-07-22 11:43:00.861,0.900,0.00,0.00,0.00,0.00,0.00,0.00
2026-07-22 11:43:00.861,0.934,0.00,0.00,0.00,0.00,0.00,0.00
2026-07-22 11:43:00.861,0.967,0.00,0.00,0.00,0.00,0.00,0.00
2026-07-22 11:43:00.861,1.001,0.00,0.00,0.00,0.00,0.00,0.00
2026-07-22 11:43:00.861,1.034,0.00,0.00,0.00,0.00,0.00,0.00
2026-07-22 11:43:00.861,1.068,0.00,0.00,0.00,0.00,0.00,0.00
2026-07-22 11:43:00.861,1.102,0.00,0.00,0.00,0.00,0.00,0.00
2026-07-22 11:43:00.861,1.135,0.00,0.00,0.00,0.00,0.00,0.00
2026-07-22 11:43:00.861,1.169,0.00,0.00,0.00,0.00,0.00,0.00
2026-07-22 11:43:00.861,1.202,0.00,0.00,0.00,0.00,0.00,0.00
2026-07-22 11:43:00.861,1.236,0.00,0.00,0.00,0.00,0.00,0.00
2026-07-22 11:43:00.861,1.269,0.00,0.00,0.00,0.00,0.00,0.00
2026-07-22 11:43:00.861,1.303,0.00,0.00,0.00,0.00,0.00,0.00
2026-07-22 11:43:00.861,1.336,0.00,0.00,0.00,0.00,0.00,0.00
2026-07-22 11:43:00.861,1.370,0.00,0.00,0.00,0.00,0.00,0.00
2026-07-22 11:43:00.861,1.403,0.00,0.00,0.00,0.00,0.00,0.00
2026-07-22 11:43:00.861,1.437,0.00,0.00,0.00,0.00,0.00,0.00
2026-07-22 11:43:00.861,1.471,0.00,0.00,0.00,0.00,0.00,0.00
2026-07-22 11:43:00.862,1.504,0.00,0.00,0.00,0.00,0.00,0.00
2026-07-22 11:43:00.862,1.538,0.00,0.00,0.00,0.00,0.00,0.00
2026-07-22 11:43:00.862,1.571,0.00,0.00,0.00,0.00,0.00,0.00
2026-07-22 11:43:00.862,1.605,0.00,0.00,0.00,0.00,0.00,0.00
2026-07-22 11:43:00.862,1.639,0.00,0.00,0.00,0.00,0.00,0.00
2026-07-22 11:43:00.862,1.672,0.00,0.00,0.00,0.00,0.00,0.00
2026-07-22 11:43:00.862,1.706,0.00,0.00,0.00,0.00,0.00,0.00
2026-07-22 11:43:00.862,1.739,0.00,0.00,0.00,0.00,0.00,0.00
2026-07-22 11:43:00.862,1.773,0.00,0.00,0.00,0.00,0.00,0.00
2026-07-22 11:43:00.862,1.806,0.00,0.00,0.00,0.00,0.00,0.00
2026-07-22 11:43:00.862,1.840,0.00,0.00,0.00,0.00,0.00,0.00
2026-07-22 11:43:00.862,1.873,0.00,0.00,0.00,0.00,0.00,0.00
2026-07-22 11:43:00.862,1.907,0.00,0.00,0.00,0.00,0.00,0.00
2026-07-22 11:43:00.862,1.942,0.00,0.00,0.00,0.00,0.00,0.00
2026-07-22 11:43:00.862,1.975,0.00,0.00,0.00,0.00,0.00,0.00
2026-07-22 11:43:00.862,2.009,0.00,0.00,0.00,0.00,0.00,0.00
2026-07-22 11:43:00.862,2.042,0.00,0.00,0.00,0.00,0.00,0.00
2026-07-22 11:43:00.862,2.076,0.00,0.00,0.00,0.00,0.00,0.00
2026-07-22 11:43:00.862,2.109,0.00,0.00,0.00,0.00,0.00,0.00
2026-07-22 11:43:00.862,2.143,0.00,0.00,0.00,0.00,0.00,0.00
2026-07-22 11:43:00.862,2.176,0.00,0.00,0.00,0.00,0.00,0.00
2026-07-22 11:43:00.862,2.210,0.00,0.00,0.00,0.00,0.00,0.00
2026-07-22 11:43:00.862,2.243,0.00,0.00,0.00,0.00,0.00,0.00
2026-07-22 11:43:00.862,2.277,0.00,0.00,0.00,0.00,0.00,0.00
2026-07-22 11:43:00.862,2.310,0.00,0.00,0.00,0.00,0.00,0.00
2026-07-22 11:43:00.862,2.344,0.00,0.00,0.00,0.00,0.00,0.00
2026-07-22 11:43:00.862,2.377,0.00,0.00,0.00,0.00,0.00,0.00
2026-07-22 11:43:00.862,2.410,0.00,0.00,0.00,0.00,0.00,0.00
2026-07-22 11:43:00.862,2.444,0.00,0.00,0.00,0.00,0.00,0.00
2026-07-22 11:43:00.862,2.477,0.00,0.00,0.00,0.00,0.00,0.00
2026-07-22 11:43:00.862,2.511,0.00,0.00,0.00,0.00,0.00,0.00
2026-07-22 11:43:00.862,2.544,0.00,0.00,0.00,0.00,0.00,0.00
2026-07-22 11:43:00.862,2.578,0.00,0.00,0.00,0.00,0.00,0.00
2026-07-22 11:43:00.862,2.611,0.00,0.00,0.00,0.00,0.00,0.00
2026-07-22 11:43:00.862,2.645,0.00,0.00,0.00,0.00,0.00,0.00
2026-07-22 11:43:00.862,2.678,0.00,0.00,0.00,0.00,0.00,0.00
2026-07-22 11:43:00.862,2.712,0.00,0.00,0.00,0.00,0.00,0.00
2026-07-22 11:43:00.862,2.746,0.00,0.00,0.00,0.00,0.00,0.00
2026-07-22 11:43:00.862,2.779,0.00,0.00,0.00,0.00,0.00,0.00
2026-07-22 11:43:00.862,2.813,0.00,0.00,0.00,0.00,0.00,0.00
2026-07-22 11:43:00.862,2.846,0.00,0.00,0.00,0.00,0.00,0.00
2026-07-22 11:43:00.862,2.880,0.00,0.00,0.00,0.00,0.00,0.00
2026-07-22 11:43:00.862,2.913,0.00,0.00,0.00,0.00,0.00,0.00
2026-07-22 11:43:00.862,2.947,0.00,0.00,0.00,0.00,0.00,0.00
2026-07-22 11:43:00.862,2.981,0.00,0.00,0.00,0.00,0.00,0.00
2026-07-22 11:43:00.862,3.015,0.00,0.00,0.00,0.00,0.00,0.00
2026-07-22 11:43:00.862,3.048,0.00,0.00,0.00,0.00,0.00,0.00
2026-07-22 11:43:00.862,3.081,0.00,0.00,0.00,0.00,0.00,0.00
2026-07-22 11:43:00.862,3.115,0.00,0.00,0.00,0.00,0.00,0.00
2026-07-22 11:43:00.862,3.148,0.00,0.00,0.00,0.00,0.00,0.00
2026-07-22 11:43:00.862,3.182,0.00,0.00,0.00,0.00,0.00,0.00
2026-07-22 11:43:00.862,3.215,0.00,0.00,0.00,0.00,0.00,0.00
2026-07-22 11:43:00.862,3.249,0.00,0.00,0.00,0.00,0.00,0.00
2026-07-22 11:43:00.862,3.282,0.00,0.00,0.00,0.00,0.00,0.00
2026-07-22 11:43:00.862,3.316,0.00,0.00,0.00,0.00,0.00,0.00
2026-07-22 11:43:00.862,3.350,0.00,0.00,0.00,0.00,0.00,0.00
2026-07-22 11:43:00.862,3.383,0.00,0.00,0.00,0.00,0.00,0.00
2026-07-22 11:43:00.862,3.417,0.00,0.00,0.00,0.00,0.00,0.00
2026-07-22 11:43:00.862,3.451,0.00,0.00,0.00,0.00,0.00,0.00
2026-07-22 11:43:00.862,3.484,0.00,0.00,0.00,0.00,0.00,0.00
2026-07-22 11:43:00.862,3.517,0.00,0.00,0.00,0.00,0.00,0.00
2026-07-22 11:43:00.862,3.551,0.00,0.00,0.00,0.00,0.00,0.00
2026-07-22 11:43:00.862,3.584,0.00,0.00,0.00,0.00,0.00,0.00
2026-07-22 11:43:00.862,3.618,0.00,0.00,0.00,0.00,0.00,0.00
2026-07-22 11:43:00.862,3.652,0.00,0.00,0.00,0.00,0.00,0.00
2026-07-22 11:43:00.862,3.685,0.00,0.00,0.00,0.00,0.00,0.00
2026-07-22 11:43:00.862,3.719,0.00,0.00,0.00,0.00,0.00,0.00
2026-07-22 11:43:00.862,3.752,0.00,0.00,0.00,0.00,0.00,0.00
2026-07-22 11:43:00.862,3.786,0.00,0.00,0.00,0.00,0.00,0.00
2026-07-22 11:43:00.862,3.819,0.00,0.00,0.00,0.00,0.00,0.00
2026-07-22 11:43:00.862,3.853,0.00,0.00,0.00,0.00,0.00,0.00
2026-07-22 11:43:00.862,3.887,0.00,0.00,0.00,0.00,0.00,0.00
2026-07-22 11:43:00.862,3.921,0.00,0.00,0.00,0.00,0.00,0.00
2026-07-22 11:43:00.862,3.954,0.00,0.00,0.00,0.00,0.00,0.00
2026-07-22 11:43:00.862,3.988,0.00,0.00,0.00,0.00,0.00,0.00
2026-07-22 11:43:00.862,4.022,0.00,0.00,0.00,0.00,0.00,0.00
2026-07-22 11:43:00.862,4.056,0.00,0.00,0.00,0.00,0.00,0.00
2026-07-22 11:43:00.862,4.089,0.00,0.00,0.00,0.00,0.00,0.00
2026-07-22 11:43:00.862,4.123,0.00,0.00,0.00,0.00,0.00,0.00
2026-07-22 11:43:00.862,4.156,0.00,0.00,0.00,0.00,0.00,0.00
2026-07-22 11:43:00.862,4.190,0.00,0.00,0.00,0.00,0.00,0.00
2026-07-22 11:43:00.862,4.224,0.00,0.00,0.00,0.00,0.00,0.00
2026-07-22 11:43:00.862,4.257,0.00,0.00,0.00,0.00,0.00,0.00
2026-07-22 11:43:00.862,4.290,0.00,0.00,0.00,0.00,0.00,0.00
2026-07-22 11:43:00.862,4.324,0.00,0.00,0.00,0.00,0.00,0.00
2026-07-22 11:43:00.862,4.358,0.00,0.00,0.00,0.00,0.00,0.00
2026-07-22 11:43:00.862,4.391,0.00,0.00,0.00,0.00,0.00,0.00
2026-07-22 11:43:00.862,4.425,0.00,0.00,0.00,0.00,0.00,0.00
2026-07-22 11:43:00.862,4.458,0.00,0.00,0.00,0.00,0.00,0.00
2026-07-22 11:43:00.862,4.492,0.00,0.00,0.00,0.00,0.00,0.00
2026-07-22 11:43:00.862,4.526,0.00,0.00,0.00,0.00,0.00,0.00
2026-07-22 11:43:00.862,4.559,0.00,0.00,0.00,0.00,0.00,0.00
2026-07-22 11:43:00.862,4.594,0.00,0.00,0.00,0.00,0.00,0.00
2026-07-22 11:43:00.862,4.627,0.00,0.00,0.00,0.00,0.00,0.00
2026-07-22 11:43:00.862,4.661,0.00,0.00,0.00,0.00,0.00,0.00
2026-07-22 11:43:00.862,4.694,0.00,0.00,0.00,0.00,0.00,0.00
2026-07-22 11:43:00.862,4.728,0.00,0.00,0.00,0.00,0.00,0.00
2026-07-22 11:43:00.862,4.761,0.00,0.00,0.00,0.00,0.00,0.00
2026-07-22 11:43:00.862,4.795,0.00,0.00,0.00,0.00,0.00,0.00
2026-07-22 11:43:00.862,4.829,0.00,0.00,0.00,0.00,0.00,0.00
2026-07-22 11:43:00.862,4.862,0.00,0.00,0.00,0.00,0.00,0.00
2026-07-22 11:43:00.862,4.896,0.00,0.00,0.00,0.00,0.00,0.00
2026-07-22 11:43:00.862,4.929,0.00,0.00,0.00,0.00,0.00,0.00
2026-07-22 11:43:00.862,4.962,0.00,0.00,0.00,0.00,0.00,0.00
2026-07-22 11:43:00.862,4.996,0.00,0.00,0.00,0.00,0.00,0.00
2026-07-22 11:43:00.862,5.029,0.00,0.00,0.00,0.00,0.00,0.00
2026-07-22 11:43:00.862,5.062,0.00,0.00,0.00,0.00,0.00,0.00
2026-07-22 11:43:00.862,5.096,0.00,0.00,0.00,0.00,0.00,0.00
2026-07-22 11:43:00.862,5.129,0.00,0.00,0.00,0.00,0.00,0.00
2026-07-22 11:43:00.862,5.162,0.00,0.00,0.00,0.00,0.00,0.00
2026-07-22 11:43:00.862,5.196,0.00,0.00,0.00,0.00,0.00,0.00
2026-07-22 11:43:00.862,5.229,0.00,0.00,0.00,0.00,0.00,0.00
2026-07-22 11:43:00.862,5.263,0.00,0.00,0.00,0.00,0.00,0.00
2026-07-22 11:43:00.862,5.297,0.00,0.00,0.00,0.00,0.00,0.00
2026-07-22 11:43:00.862,5.330,0.00,0.00,0.00,0.00,0.00,0.00
2026-07-22 11:43:00.862,5.364,0.00,0.00,0.00,0.00,0.00,0.00
2026-07-22 11:43:00.862,5.397,0.00,0.00,0.00,0.00,0.00,0.00
2026-07-22 11:43:00.862,5.431,0.00,0.00,0.00,0.00,0.00,0.00
2026-07-22 11:43:00.862,5.464,0.00,0.00,0.00,0.00,0.00,0.00
2026-07-22 11:43:00.862,5.498,0.00,0.00,0.00,0.00,0.00,0.00
2026-07-22 11:43:00.862,5.531,0.00,0.00,0.00,0.00,0.00,0.00
2026-07-22 11:43:00.862,5.565,0.00,0.00,0.00,0.00,0.00,0.00
2026-07-22 11:43:00.862,5.598,0.00,0.00,0.00,0.00,0.00,0.00
2026-07-22 11:43:00.862,5.632,0.00,0.00,0.00,0.00,0.00,0.00
2026-07-22 11:43:00.862,5.665,0.00,0.00,0.00,0.00,0.00,0.00
2026-07-22 11:43:00.862,5.699,0.00,0.00,0.00,0.00,0.00,0.00
2026-07-22 11:43:00.862,5.733,0.00,0.00,0.00,0.00,0.00,0.00
2026-07-22 11:43:00.862,5.767,0.00,0.00,0.00,0.00,0.00,0.00
2026-07-22 11:43:00.862,5.800,0.00,0.00,0.00,0.00,0.00,0.00
2026-07-22 11:43:00.862,5.834,0.00,0.00,0.00,0.00,0.00,0.00
2026-07-22 11:43:00.862,5.867,0.00,0.00,0.00,0.00,0.00,0.00
2026-07-22 11:43:00.862,5.901,0.00,0.00,0.00,0.00,0.00,0.00
2026-07-22 11:43:00.862,5.934,0.00,0.00,0.00,0.00,0.00,0.00
2026-07-22 11:43:00.862,5.968,0.00,0.00,0.00,0.00,0.00,0.00
2026-07-22 11:43:00.862,6.002,0.00,0.00,0.00,0.00,0.00,0.00
2026-07-22 11:43:00.862,6.036,0.00,0.00,0.00,0.00,0.00,0.00
2026-07-22 11:43:00.862,6.069,0.00,0.00,0.00,0.00,0.00,0.00
2026-07-22 11:43:00.862,6.103,0.00,0.00,0.00,0.00,0.00,0.00
2026-07-22 11:43:00.862,6.137,0.00,0.00,0.00,0.00,0.00,0.00
2026-07-22 11:43:00.862,6.170,0.00,0.00,0.00,0.00,0.00,0.00
2026-07-22 11:43:00.862,6.203,0.00,0.00,0.00,0.00,0.00,0.00
2026-07-22 11:43:00.862,6.237,0.00,0.00,0.00,0.00,0.00,0.00
2026-07-22 11:43:00.862,6.270,0.00,0.00,0.00,0.00,0.00,0.00
2026-07-22 11:43:00.862,6.304,0.00,0.00,0.00,0.00,0.00,0.00
2026-07-22 11:43:00.862,6.337,0.00,0.00,0.00,0.00,0.00,0.00
2026-07-22 11:43:00.862,6.371,0.00,0.00,0.00,0.00,0.00,0.00
2026-07-22 11:43:00.862,6.404,0.00,0.00,0.00,0.00,0.00,0.00
2026-07-22 11:43:00.862,6.438,0.00,0.00,0.00,0.00,0.00,0.00
2026-07-22 11:43:00.862,6.472,0.00,0.00,0.00,0.00,0.00,0.00
2026-07-22 11:43:00.862,6.505,0.00,0.00,0.00,0.00,0.00,0.00
2026-07-22 11:43:00.862,6.538,0.00,0.00,0.00,0.00,0.00,0.00
2026-07-22 11:43:00.862,6.572,0.00,0.00,0.00,0.00,0.00,0.00
2026-07-22 11:43:00.862,6.606,0.00,0.00,0.00,0.00,0.00,0.00
2026-07-22 11:43:00.862,6.639,0.00,0.00,0.00,0.00,0.00,0.00
2026-07-22 11:43:00.862,6.674,0.00,0.00,0.00,0.00,0.00,0.00
2026-07-22 11:43:00.862,6.708,0.00,0.00,0.00,0.00,0.00,0.00
2026-07-22 11:43:00.862,6.741,0.00,0.00,0.00,0.00,0.00,0.00
2026-07-22 11:43:00.862,6.774,0.00,0.00,0.00,0.00,0.00,0.00
2026-07-22 11:43:00.862,6.808,0.00,0.00,0.00,0.00,0.00,0.00
2026-07-22 11:43:00.862,6.842,0.00,0.00,0.00,0.00,0.00,0.00
2026-07-22 11:43:00.862,6.875,0.00,0.00,0.00,0.00,0.00,0.00
2026-07-22 11:43:00.862,6.909,0.00,0.00,0.00,0.00,0.00,0.00
2026-07-22 11:43:00.862,6.942,0.00,0.00,0.00,0.00,0.00,0.00
2026-07-22 11:43:00.862,6.976,0.00,0.00,0.00,0.00,0.00,0.00
2026-07-22 11:43:00.862,7.010,0.00,0.00,0.00,0.00,0.00,0.00
2026-07-22 11:43:00.862,7.043,0.00,0.00,0.00,0.00,0.00,0.00
2026-07-22 11:43:00.862,7.077,0.00,0.00,0.00,0.00,0.00,0.00
2026-07-22 11:43:00.862,7.110,0.00,0.00,0.00,0.00,0.00,0.00
2026-07-22 11:43:00.862,7.144,0.00,0.00,0.00,0.00,0.00,0.00
2026-07-22 11:43:00.862,7.177,0.00,0.00,0.00,0.00,0.00,0.00
2026-07-22 11:43:00.862,7.211,0.00,0.00,0.00,0.00,0.00,0.00
2026-07-22 11:43:00.862,7.245,0.00,0.00,0.00,0.00,0.00,0.00
2026-07-22 11:43:00.862,7.278,0.00,0.00,0.00,0.00,0.00,0.00
2026-07-22 11:43:00.862,7.312,0.00,0.00,0.00,0.00,0.00,0.00
2026-07-22 11:43:00.862,7.345,0.00,0.00,0.00,0.00,0.00,0.00
2026-07-22 11:43:00.862,7.379,0.00,0.00,0.00,0.00,0.00,0.00
2026-07-22 11:43:00.862,7.412,0.00,0.00,0.00,0.00,0.00,0.00
2026-07-22 11:43:00.862,7.445,0.00,0.00,0.00,0.00,0.00,0.00
2026-07-22 11:43:00.862,7.479,0.00,0.00,0.00,0.00,0.00,0.00
2026-07-22 11:43:00.862,7.512,0.00,0.00,0.00,0.00,0.00,0.00
2026-07-22 11:43:00.862,7.546,0.00,0.00,0.00,0.00,0.00,0.00
2026-07-22 11:43:00.862,7.579,0.00,0.00,0.00,0.00,0.00,0.00
2026-07-22 11:43:00.862,7.613,0.00,0.00,0.00,0.00,0.00,0.00
2026-07-22 11:43:00.862,7.646,0.00,0.00,0.00,0.00,0.00,0.00
2026-07-22 11:43:00.862,7.680,0.00,0.00,0.00,0.00,0.00,0.00
2026-07-22 11:43:00.862,7.713,0.00,0.00,0.00,0.00,0.00,0.00
2026-07-22 11:43:00.862,7.747,0.00,0.00,0.00,0.00,0.00,0.00
2026-07-22 11:43:00.862,7.780,0.00,0.00,0.00,0.00,0.00,0.00
2026-07-22 11:43:00.862,7.814,0.00,0.00,0.00,0.00,0.00,0.00
2026-07-22 11:43:00.862,7.848,0.00,0.00,0.00,0.00,0.00,0.00
2026-07-22 11:43:00.862,7.881,0.00,0.00,0.00,0.00,0.00,0.00
2026-07-22 11:43:00.862,7.914,0.00,0.00,0.00,0.00,0.00,0.00
2026-07-22 11:43:00.862,7.947,0.00,0.00,0.00,0.00,0.00,0.00
2026-07-22 11:43:00.862,7.981,0.00,0.00,0.00,0.00,0.00,0.00
2026-07-22 11:43:00.862,8.014,0.00,0.00,0.00,0.00,0.00,0.00
2026-07-22 11:43:00.862,8.048,0.00,0.00,0.00,0.00,0.00,0.00
2026-07-22 11:43:00.862,8.081,0.00,0.00,0.00,0.00,0.00,0.00
2026-07-22 11:43:00.862,8.115,0.00,0.00,0.00,0.00,0.00,0.00
2026-07-22 11:43:00.862,8.148,0.00,0.00,0.00,0.00,0.00,0.00
2026-07-22 11:43:00.862,8.182,0.00,0.00,0.00,0.00,0.00,0.00
2026-07-22 11:43:00.862,8.215,0.00,0.00,0.00,0.00,0.00,0.00
2026-07-22 11:43:00.862,8.249,0.00,0.00,0.00,0.00,0.00,0.00
2026-07-22 11:43:00.862,8.282,0.00,0.00,0.00,0.00,0.00,0.00
2026-07-22 11:43:00.862,8.316,0.00,0.00,0.00,0.00,0.00,0.00
2026-07-22 11:43:00.862,8.349,0.00,0.00,0.00,0.00,0.00,0.00
2026-07-22 11:43:00.862,8.383,0.00,0.00,0.00,0.00,0.00,0.00
2026-07-22 11:43:00.862,8.416,0.00,0.00,0.00,0.00,0.00,0.00
2026-07-22 11:43:00.862,8.449,0.00,0.00,0.00,0.00,0.00,0.00
2026-07-22 11:43:00.862,8.483,0.00,0.00,0.00,0.00,0.00,0.00
2026-07-22 11:43:00.862,8.516,0.00,0.00,0.00,0.00,0.00,0.00
2026-07-22 11:43:00.862,8.550,0.00,0.00,0.00,0.00,0.00,0.00
2026-07-22 11:43:00.862,8.584,0.00,0.00,0.00,0.00,0.00,0.00
2026-07-22 11:43:00.862,8.618,0.00,0.00,0.00,0.00,0.00,0.00
2026-07-22 11:43:00.862,8.651,0.00,0.00,0.00,0.00,0.00,0.00
2026-07-22 11:43:00.862,8.684,0.00,0.00,0.00,0.00,0.00,0.00
2026-07-22 11:43:00.862,8.718,0.00,0.00,0.00,0.00,0.00,0.00
2026-07-22 11:43:00.862,8.751,0.00,0.00,0.00,0.00,0.00,0.00
2026-07-22 11:43:00.862,8.784,0.00,0.00,0.00,0.00,0.00,0.00
2026-07-22 11:43:00.862,8.818,0.00,0.00,0.00,0.00,0.00,0.00
2026-07-22 11:43:00.862,8.852,0.00,0.00,0.00,0.00,0.00,0.00
2026-07-22 11:43:00.862,8.886,0.00,0.00,0.00,0.00,0.00,0.00
2026-07-22 11:43:00.862,8.920,0.00,0.00,0.00,0.00,0.00,0.00
2026-07-22 11:43:00.862,8.954,0.00,0.00,0.00,0.00,0.00,0.00
2026-07-22 11:43:00.862,8.987,0.00,0.00,0.00,0.00,0.00,0.00
2026-07-22 11:43:00.862,9.021,0.00,0.00,0.00,0.00,0.00,0.00
2026-07-22 11:43:00.862,9.055,0.00,0.00,0.00,0.00,0.00,0.00
2026-07-22 11:43:00.862,9.088,0.00,0.00,0.00,0.00,0.00,0.00
2026-07-22 11:43:00.862,9.122,0.00,0.00,0.00,0.00,0.00,0.00
2026-07-22 11:43:00.862,9.155,0.00,0.00,0.00,0.00,0.00,0.00
2026-07-22 11:43:00.862,9.189,0.00,0.00,0.00,0.00,0.00,0.00
2026-07-22 11:43:00.862,9.222,0.00,0.00,0.00,0.00,0.00,0.00
2026-07-22 11:43:00.862,9.255,0.00,0.00,0.00,0.00,0.00,0.00
2026-07-22 11:43:00.862,9.289,0.00,0.00,0.00,0.00,0.00,0.00
2026-07-22 11:43:00.862,9.322,0.00,0.00,0.00,0.00,0.00,0.00
2026-07-22 11:43:00.862,9.356,0.00,0.00,0.00,0.00,0.00,0.00
2026-07-22 11:43:00.862,9.389,0.00,0.00,0.00,0.00,0.00,0.00
2026-07-22 11:43:00.863,9.423,0.00,0.00,0.00,0.00,0.00,0.00
2026-07-22 11:43:00.863,9.456,0.00,0.00,0.00,0.00,0.00,0.00
2026-07-22 11:43:00.863,9.489,0.00,0.00,0.00,0.00,0.00,0.00
2026-07-22 11:43:00.863,9.523,0.00,0.00,0.00,0.00,0.00,0.00
2026-07-22 11:43:00.863,9.557,0.00,0.00,0.00,0.00,0.00,0.00
2026-07-22 11:43:00.863,9.590,0.00,0.00,0.00,0.00,0.00,0.00
2026-07-22 11:43:00.863,9.624,0.00,0.00,0.00,0.00,0.00,0.00
2026-07-22 11:43:00.863,9.658,0.00,0.00,0.00,0.00,0.00,0.00
2026-07-22 11:43:00.863,9.691,0.00,0.00,0.00,0.00,0.00,0.00
2026-07-22 11:43:00.863,9.724,0.00,0.00,0.00,0.00,0.00,0.00
2026-07-22 11:43:00.863,9.758,0.00,0.00,0.00,0.00,0.00,0.00
2026-07-22 11:43:00.863,9.791,0.00,0.00,0.00,0.00,0.00,0.00
2026-07-22 11:43:00.863,9.825,0.00,0.00,0.00,0.00,0.00,0.00
2026-07-22 11:43:00.863,9.858,0.00,0.00,0.00,0.00,0.00,0.00
2026-07-22 11:43:00.863,9.892,0.00,0.00,0.00,0.00,0.00,0.00
2026-07-22 11:43:00.863,9.925,0.00,0.00,0.00,0.00,0.00,0.00
2026-07-22 11:43:00.863,9.959,0.00,0.00,0.00,0.00,0.00,0.00
2026-07-22 11:43:00.863,9.992,0.00,0.00,0.00,0.00,0.00,0.00
2026-07-22 11:43:00.863,10.025,0.00,0.00,0.00,0.00,0.00,0.00
2026-07-22 11:43:00.863,10.059,0.00,0.00,0.00,0.00,0.00,0.00
2026-07-22 11:43:00.863,10.092,0.00,0.00,0.00,0.00,0.00,0.00
2026-07-22 11:43:00.863,10.125,0.00,0.00,0.00,0.00,0.00,0.00
2026-07-22 11:43:00.863,10.159,0.00,0.00,0.00,0.00,0.00,0.00
2026-07-22 11:43:00.863,10.192,0.00,0.00,0.00,0.00,0.00,0.00
2026-07-22 11:43:00.863,10.226,0.00,0.00,0.00,0.00,0.00,0.00
2026-07-22 11:43:00.863,10.259,0.00,0.00,0.00,0.00,0.00,0.00
2026-07-22 11:43:00.863,10.292,0.00,0.00,0.00,0.00,0.00,0.00
2026-07-22 11:43:00.863,10.325,0.00,0.00,0.00,0.00,0.00,0.00
2026-07-22 11:43:00.863,10.359,0.00,0.00,0.00,0.00,0.00,0.00
2026-07-22 11:43:00.863,10.392,0.00,0.00,0.00,0.00,0.00,0.00
2026-07-22 11:43:00.863,10.425,0.00,0.00,0.00,0.00,0.00,0.00
2026-07-22 11:43:00.863,10.459,0.00,0.00,0.00,0.00,0.00,0.00
2026-07-22 11:43:00.863,10.492,0.00,0.00,0.00,0.00,0.00,0.00
2026-07-22 11:43:00.863,10.525,0.00,0.00,0.00,0.00,0.00,0.00
2026-07-22 11:43:00.863,10.559,0.00,0.00,0.00,0.00,0.00,0.00
2026-07-22 11:43:00.863,10.592,0.00,0.00,0.00,0.00,0.00,0.00
2026-07-22 11:43:00.863,10.626,0.00,0.00,0.00,0.00,0.00,0.00
2026-07-22 11:43:00.863,10.659,0.00,0.00,0.00,0.00,0.00,0.00
2026-07-22 11:43:00.863,10.692,0.00,0.00,0.00,0.00,0.00,0.00
2026-07-22 11:43:00.863,10.726,0.00,0.00,0.00,0.00,0.00,0.00
2026-07-22 11:43:00.863,10.759,0.00,0.00,0.00,0.00,0.00,0.00
2026-07-22 11:43:00.863,10.792,0.00,0.00,0.00,0.00,0.00,0.00
2026-07-22 11:43:00.863,10.826,0.00,0.00,0.00,0.00,0.00,0.00
2026-07-22 11:43:00.863,10.859,0.00,0.00,0.00,0.00,0.00,0.00
2026-07-22 11:43:00.863,10.892,0.00,0.00,0.00,0.00,0.00,0.00
2026-07-22 11:43:00.863,10.926,0.00,0.00,0.00,0.00,0.00,0.00
2026-07-22 11:43:00.863,10.959,0.00,0.00,0.00,0.00,0.00,0.00
2026-07-22 11:43:00.863,10.993,0.00,0.00,0.00,0.00,0.00,0.00
2026-07-22 11:43:00.863,11.026,0.00,0.00,0.00,0.00,0.00,0.00
2026-07-22 11:43:00.863,11.060,0.00,0.00,0.00,0.00,0.00,0.00
2026-07-22 11:43:00.863,11.094,0.00,0.00,0.00,0.00,0.00,0.00
2026-07-22 11:43:00.863,11.127,0.00,0.00,0.00,0.00,0.00,0.00
2026-07-22 11:43:00.863,11.160,0.00,0.00,0.00,0.00,0.00,0.00
2026-07-22 11:43:00.863,11.194,0.00,0.00,0.00,0.00,0.00,0.00
2026-07-22 11:43:00.863,11.227,0.00,0.00,0.00,0.00,0.00,0.00
2026-07-22 11:43:00.863,11.260,0.00,0.00,0.00,0.00,0.00,0.00
2026-07-22 11:43:00.863,11.294,0.00,0.00,0.00,0.00,0.00,0.00
2026-07-22 11:43:00.863,11.327,0.00,0.00,0.00,0.00,0.00,0.00
2026-07-22 11:43:00.863,11.360,0.00,0.00,0.00,0.00,0.00,0.00
2026-07-22 11:43:00.863,11.393,0.00,0.00,0.00,0.00,0.00,0.00
2026-07-22 11:43:00.863,11.427,0.00,0.00,0.00,0.00,0.00,0.00
2026-07-22 11:43:00.863,11.460,0.00,0.00,0.00,0.00,0.00,0.00
2026-07-22 11:43:00.863,11.493,0.00,0.00,0.00,0.00,0.00,0.00
2026-07-22 11:43:00.863,11.526,0.00,0.00,0.00,0.00,0.00,0.00
2026-07-22 11:43:00.863,11.560,0.00,0.00,0.00,0.00,0.00,0.00
2026-07-22 11:43:00.863,11.593,0.00,0.00,0.00,0.00,0.00,0.00
2026-07-22 11:43:00.863,11.626,0.00,0.00,0.00,0.00,0.00,0.00
2026-07-22 11:43:00.863,11.660,0.00,0.00,0.00,0.00,0.00,0.00
2026-07-22 11:43:00.863,11.693,0.00,0.00,0.00,0.00,0.00,0.00
2026-07-22 11:43:00.863,11.726,0.00,0.00,0.00,0.00,0.00,0.00
2026-07-22 11:43:00.863,11.761,0.00,0.00,0.00,0.00,0.00,0.00
2026-07-22 11:43:00.863,11.794,0.00,0.00,0.00,0.00,0.00,0.00
2026-07-22 11:43:00.863,11.828,0.00,0.00,0.00,0.00,0.00,0.00
2026-07-22 11:43:00.863,11.861,0.00,0.00,0.00,0.00,0.00,0.00
2026-07-22 11:43:00.863,11.895,0.00,0.00,0.00,0.00,0.00,0.00
2026-07-22 11:43:00.863,11.928,0.00,0.00,0.00,0.00,0.00,0.00
2026-07-22 11:43:00.863,11.961,0.00,0.00,0.00,0.00,0.00,0.00
2026-07-22 11:43:00.863,11.995,0.00,0.00,0.00,0.00,0.00,0.00
2026-07-22 11:43:00.863,12.028,0.00,0.00,0.00,0.00,0.00,0.00
2026-07-22 11:43:00.863,12.062,0.00,0.00,0.00,0.00,0.00,0.00
2026-07-22 11:43:00.863,12.095,0.00,0.00,0.00,0.00,0.00,0.00
2026-07-22 11:43:00.863,12.128,0.00,0.00,0.00,0.00,0.00,0.00
2026-07-22 11:43:00.863,12.162,0.00,0.00,0.00,0.00,0.00,0.00
2026-07-22 11:43:00.863,12.195,0.00,0.00,0.00,0.00,0.00,0.00
2026-07-22 11:43:00.863,12.229,0.00,0.00,0.00,0.00,0.00,0.00
2026-07-22 11:43:00.863,12.262,0.00,0.00,0.00,0.00,0.00,0.00
2026-07-22 11:43:00.863,12.295,0.00,0.00,0.00,0.00,0.00,0.00
2026-07-22 11:43:00.863,12.328,0.00,0.00,0.00,0.00,0.00,0.00
2026-07-22 11:43:00.863,12.362,0.00,0.00,0.00,0.00,0.00,0.00
2026-07-22 11:43:00.863,12.395,0.00,0.00,0.00,0.00,0.00,0.00
2026-07-22 11:43:00.863,12.428,0.00,0.00,0.00,0.00,0.00,0.00
2026-07-22 11:43:00.863,12.461,0.00,0.00,0.00,0.00,0.00,0.00
2026-07-22 11:43:00.863,12.495,0.00,0.00,0.00,0.00,0.00,0.00
2026-07-22 11:43:00.863,12.528,0.00,0.00,0.00,0.00,0.00,0.00
2026-07-22 11:43:00.863,12.561,0.00,0.00,0.00,0.00,0.00,0.00
2026-07-22 11:43:00.863,12.596,0.00,0.00,0.00,0.00,0.00,0.00
2026-07-22 11:43:00.863,12.629,0.00,0.00,0.00,0.00,0.00,0.00
2026-07-22 11:43:00.863,12.662,0.00,0.00,0.00,0.00,0.00,0.00
2026-07-22 11:43:00.863,12.696,0.00,0.00,0.00,0.00,0.00,0.00
2026-07-22 11:43:00.863,12.729,0.00,0.00,0.00,0.00,0.00,0.00
2026-07-22 11:43:00.863,12.763,0.00,0.00,0.00,0.00,0.00,0.00
2026-07-22 11:43:00.863,12.796,0.00,0.00,0.00,0.00,0.00,0.00
2026-07-22 11:43:00.863,12.830,0.00,0.00,0.00,0.00,0.00,0.00
2026-07-22 11:43:00.863,12.864,0.00,0.00,0.00,0.00,0.00,0.00
2026-07-22 11:43:00.863,12.897,0.00,0.00,0.00,0.00,0.00,0.00
2026-07-22 11:43:00.863,12.931,0.00,0.00,0.00,0.00,0.00,0.00
2026-07-22 11:43:00.863,12.964,0.00,0.00,0.00,0.00,0.00,0.00
2026-07-22 11:43:00.863,12.998,0.00,0.00,0.00,0.00,0.00,0.00
2026-07-22 11:43:00.863,13.031,0.00,0.00,0.00,0.00,0.00,0.00
2026-07-22 11:43:00.863,13.064,0.00,0.00,0.00,0.00,0.00,0.00
2026-07-22 11:43:00.863,13.098,0.00,0.00,0.00,0.00,0.00,0.00
2026-07-22 11:43:00.863,13.131,0.00,0.00,0.00,0.00,0.00,0.00
2026-07-22 11:43:00.863,13.165,0.00,0.00,0.00,0.00,0.00,0.00
2026-07-22 11:43:00.863,13.198,0.00,0.00,0.00,0.00,0.00,0.00
2026-07-22 11:43:00.863,13.232,0.00,0.00,0.00,0.00,0.00,0.00
2026-07-22 11:43:00.863,13.265,0.00,0.00,0.00,0.00,0.00,0.00
2026-07-22 11:43:00.863,13.299,0.00,0.00,0.00,0.00,0.00,0.00
2026-07-22 11:43:00.863,13.332,0.00,0.00,0.00,0.00,0.00,0.00
2026-07-22 11:43:00.863,13.365,0.00,0.00,0.00,0.00,0.00,0.00
2026-07-22 11:43:00.863,13.399,0.00,0.00,0.00,0.00,0.00,0.00
2026-07-22 11:43:00.863,13.432,0.00,0.00,0.00,0.00,0.00,0.00
2026-07-22 11:43:00.863,13.466,0.00,0.00,0.00,0.00,0.00,0.00
2026-07-22 11:43:00.863,13.499,0.00,0.00,0.00,0.00,0.00,0.00
2026-07-22 11:43:00.863,13.533,0.00,0.00,0.00,0.00,0.00,0.00
2026-07-22 11:43:00.863,13.566,0.00,0.00,0.00,0.00,0.00,0.00
2026-07-22 11:43:00.863,13.600,0.00,0.00,0.00,0.00,0.00,0.00
2026-07-22 11:43:00.863,13.634,0.00,0.00,0.00,0.00,0.00,0.00
2026-07-22 11:43:00.863,13.667,0.00,0.00,0.00,0.00,0.00,0.00
2026-07-22 11:43:00.863,13.701,0.00,0.00,0.00,0.00,0.00,0.00
2026-07-22 11:43:00.863,13.735,0.00,0.00,0.00,0.00,0.00,0.00
2026-07-22 11:43:00.863,13.768,0.00,0.00,0.00,0.00,0.00,0.00
2026-07-22 11:43:00.863,13.802,0.00,0.00,0.00,0.00,0.00,0.00
2026-07-22 11:43:00.863,13.835,0.00,0.00,0.00,0.00,0.00,0.00
2026-07-22 11:43:00.863,13.869,0.00,0.00,0.00,0.00,0.00,0.00
2026-07-22 11:43:00.863,13.902,0.00,0.00,0.00,0.00,0.00,0.00
2026-07-22 11:43:00.863,13.936,0.00,0.00,0.00,0.00,0.00,0.00
2026-07-22 11:43:00.863,13.970,0.00,0.00,0.00,0.00,0.00,0.00
2026-07-22 11:43:00.863,14.003,0.00,0.00,0.00,0.00,0.00,0.00
2026-07-22 11:43:00.863,14.037,0.00,0.00,0.00,0.00,0.00,0.00
2026-07-22 11:43:00.863,14.072,0.00,0.00,0.00,0.00,0.00,0.00
2026-07-22 11:43:00.863,14.105,0.00,0.00,0.00,0.00,0.00,0.00
2026-07-22 11:43:00.863,14.139,0.00,0.00,0.00,0.00,0.00,0.00
2026-07-22 11:43:00.863,14.172,0.00,0.00,0.00,0.00,0.00,0.00
2026-07-22 11:43:00.863,14.205,0.00,0.00,0.00,0.00,0.00,0.00
2026-07-22 11:43:00.863,14.239,0.00,0.00,0.00,0.00,0.00,0.00
2026-07-22 11:43:00.863,14.273,0.00,0.00,0.00,0.00,0.00,0.00
2026-07-22 11:43:00.863,14.307,0.00,0.00,0.00,0.00,0.00,0.00
2026-07-22 11:43:00.863,14.340,0.00,0.00,0.00,0.00,0.00,0.00
2026-07-22 11:43:00.863,14.374,0.00,0.00,0.00,0.00,0.00,0.00
2026-07-22 11:43:00.863,14.407,0.00,0.00,0.00,0.00,0.00,0.00
2026-07-22 11:43:00.863,14.440,0.00,0.00,0.00,0.00,0.00,0.00
2026-07-22 11:43:00.863,14.474,0.00,0.00,0.00,0.00,0.00,0.00
2026-07-22 11:43:00.863,14.507,0.00,0.00,0.00,0.00,0.00,0.00
2026-07-22 11:43:00.863,14.540,0.00,0.00,0.00,0.00,0.00,0.00
2026-07-22 11:43:00.863,14.574,0.00,0.00,0.00,0.00,0.00,0.00
2026-07-22 11:43:00.863,14.607,0.00,0.00,0.00,0.00,0.00,0.00
2026-07-22 11:43:00.863,14.641,0.00,0.00,0.00,0.00,0.00,0.00
2026-07-22 11:43:00.863,14.675,0.00,0.00,0.00,0.00,0.00,0.00
2026-07-22 11:43:00.863,14.709,0.00,0.00,0.00,0.00,0.00,0.00
2026-07-22 11:43:00.863,14.742,0.00,0.00,0.00,0.00,0.00,0.00
2026-07-22 11:43:00.863,14.776,0.00,0.00,0.00,0.00,0.00,0.00
2026-07-22 11:43:00.863,14.809,0.00,0.00,0.00,0.00,0.00,0.00
2026-07-22 11:43:00.863,14.843,0.00,0.00,0.00,0.00,0.00,0.00
2026-07-22 11:43:00.863,14.877,0.00,0.00,0.00,0.00,0.00,0.00
2026-07-22 11:43:00.863,14.910,0.00,0.00,0.00,0.00,0.00,0.00
2026-07-22 11:43:00.863,14.943,0.00,0.00,0.00,0.00,0.00,0.00
2026-07-22 11:43:00.863,14.977,0.00,0.00,0.00,0.00,0.00,0.00
2026-07-22 11:43:00.863,15.010,0.00,0.00,0.00,0.00,0.00,0.00
2026-07-22 11:43:00.863,15.044,0.00,0.00,0.00,0.00,0.00,0.00
2026-07-22 11:43:00.863,15.077,0.00,0.00,0.00,0.00,0.00,0.00
2026-07-22 11:43:00.863,15.111,0.00,0.00,0.00,0.00,0.00,0.00
2026-07-22 11:43:00.863,15.145,0.00,0.00,0.00,0.00,0.00,0.00
2026-07-22 11:43:00.863,15.179,0.00,0.00,0.00,0.00,0.00,0.00
2026-07-22 11:43:00.863,15.212,0.00,0.00,0.00,0.00,0.00,0.00
2026-07-22 11:43:00.863,15.246,0.00,0.00,0.00,0.00,0.00,0.00
2026-07-22 11:43:00.863,15.280,0.00,0.00,0.00,0.00,0.00,0.00
2026-07-22 11:43:00.863,15.313,0.00,0.00,0.00,0.00,0.00,0.00
2026-07-22 11:43:00.863,15.347,0.00,0.00,0.00,0.00,0.00,0.00
2026-07-22 11:43:00.863,15.380,0.00,0.00,0.00,0.00,0.00,0.00
2026-07-22 11:43:00.863,15.414,0.00,0.00,0.00,0.00,0.00,0.00
2026-07-22 11:43:00.863,15.447,0.00,0.00,0.00,0.00,0.00,0.00
2026-07-22 11:43:00.863,15.481,0.00,0.00,0.00,0.00,0.00,0.00
2026-07-22 11:43:00.863,15.514,0.00,0.00,0.00,0.00,0.00,0.00
2026-07-22 11:43:00.863,15.548,0.00,0.00,0.00,0.00,0.00,0.00
2026-07-22 11:43:00.863,15.582,0.00,0.00,0.00,0.00,0.00,0.00
2026-07-22 11:43:00.863,15.615,0.00,0.00,0.00,0.00,0.00,0.00
2026-07-22 11:43:00.863,15.649,0.00,0.00,0.00,0.00,0.00,0.00
2026-07-22 11:43:00.863,15.682,0.00,0.00,0.00,0.00,0.00,0.00
2026-07-22 11:43:00.863,15.716,0.00,0.00,0.00,0.00,0.00,0.00
2026-07-22 11:43:00.863,15.750,0.00,0.00,0.00,0.00,0.00,0.00
2026-07-22 11:43:00.863,15.783,0.00,0.00,0.00,0.00,0.00,0.00
2026-07-22 11:43:00.863,15.817,0.00,0.00,0.00,0.00,0.00,0.00
2026-07-22 11:43:00.863,15.850,0.00,0.00,0.00,0.00,0.00,0.00
2026-07-22 11:43:00.863,15.884,0.00,0.00,0.00,0.00,0.00,0.00
2026-07-22 11:43:00.863,15.917,0.00,0.00,0.00,0.00,0.00,0.00
2026-07-22 11:43:00.863,15.951,0.00,0.00,0.00,0.00,0.00,0.00
2026-07-22 11:43:00.863,15.986,0.00,0.00,0.00,0.00,0.00,0.00
2026-07-22 11:43:00.863,16.019,0.00,0.00,0.00,0.00,0.00,0.00
2026-07-22 11:43:00.863,16.052,0.00,0.00,0.00,0.00,0.00,0.00
2026-07-22 11:43:00.863,16.086,0.00,0.00,0.00,0.00,0.00,0.00
2026-07-22 11:43:00.863,16.119,0.00,0.00,0.00,0.00,0.00,0.00
2026-07-22 11:43:00.863,16.153,0.00,0.00,0.00,0.00,0.00,0.00
2026-07-22 11:43:00.863,16.186,0.00,0.00,0.00,0.00,0.00,0.00
2026-07-22 11:43:00.863,16.220,0.00,0.00,0.00,0.00,0.00,0.00
2026-07-22 11:43:00.863,16.254,0.00,0.00,0.00,0.00,0.00,0.00
2026-07-22 11:43:00.863,16.287,0.00,0.00,0.00,0.00,0.00,0.00
2026-07-22 11:43:00.863,16.321,0.00,0.00,0.00,0.00,0.00,0.00
2026-07-22 11:43:00.863,16.354,0.00,0.00,0.00,0.00,0.00,0.00
2026-07-22 11:43:00.863,16.388,0.00,0.00,0.00,0.00,0.00,0.00
2026-07-22 11:43:00.863,16.421,0.00,0.00,0.00,0.00,0.00,0.00
2026-07-22 11:43:00.863,16.455,0.00,0.00,0.00,0.00,0.00,0.00
2026-07-22 11:43:00.863,16.489,0.00,0.00,0.00,0.00,0.00,0.00
2026-07-22 11:43:00.863,16.522,0.00,0.00,0.00,0.00,0.00,0.00
2026-07-22 11:43:00.863,16.555,0.00,0.00,0.00,0.00,0.00,0.00
2026-07-22 11:43:00.863,16.589,0.00,0.00,0.00,0.00,0.00,0.00
2026-07-22 11:43:00.863,16.623,0.00,0.00,0.00,0.00,0.00,0.00
2026-07-22 11:43:00.863,16.656,0.00,0.00,0.00,0.00,0.00,0.00
2026-07-22 11:43:00.863,16.690,0.00,0.00,0.00,0.00,0.00,0.00
2026-07-22 11:43:00.863,16.724,0.00,0.00,0.00,0.00,0.00,0.00
2026-07-22 11:43:00.863,16.757,0.00,0.00,0.00,0.00,0.00,0.00
2026-07-22 11:43:00.863,16.791,0.00,0.00,0.00,0.00,0.00,0.00
2026-07-22 11:43:00.863,16.824,0.00,0.00,0.00,0.00,0.00,0.00
2026-07-22 11:43:00.863,16.857,0.00,0.00,0.00,0.00,0.00,0.00
2026-07-22 11:43:00.863,16.891,0.00,0.00,0.00,0.00,0.00,0.00
2026-07-22 11:43:00.863,16.924,0.00,0.00,0.00,0.00,0.00,0.00
2026-07-22 11:43:00.863,16.958,0.00,0.00,0.00,0.00,0.00,0.00
2026-07-22 11:43:00.863,16.991,0.00,0.00,0.00,0.00,0.00,0.00
2026-07-22 11:43:00.863,17.025,0.00,0.00,0.00,0.00,0.00,0.00
2026-07-22 11:43:00.863,17.058,0.00,0.00,0.00,0.00,0.00,0.00
2026-07-22 11:43:00.863,17.092,0.00,0.00,0.00,0.00,0.00,0.00
2026-07-22 11:43:00.863,17.125,0.00,0.00,0.00,0.00,0.00,0.00
2026-07-22 11:43:00.863,17.159,0.00,0.00,0.00,0.00,0.00,0.00
2026-07-22 11:43:00.863,17.192,0.00,0.00,0.00,0.00,0.00,0.00
2026-07-22 11:43:00.863,17.225,0.00,0.00,0.00,0.00,0.00,0.00
2026-07-22 11:43:00.863,17.259,0.00,0.00,0.00,0.00,0.00,0.00
2026-07-22 11:43:00.863,17.292,0.00,0.00,0.00,0.00,0.00,0.00
2026-07-22 11:43:00.863,17.325,0.00,0.00,0.00,0.00,0.00,0.00
2026-07-22 11:43:00.863,17.359,0.00,0.00,0.00,0.00,0.00,0.00
2026-07-22 11:43:00.863,17.392,0.00,0.00,0.00,0.00,0.00,0.00
2026-07-22 11:43:00.863,17.425,0.00,0.00,0.00,0.00,0.00,0.00
2026-07-22 11:43:00.863,17.458,0.00,0.00,0.00,0.00,0.00,0.00
2026-07-22 11:43:00.864,17.492,0.00,0.00,0.00,0.00,0.00,0.00
2026-07-22 11:43:00.864,17.525,0.00,0.00,0.00,0.00,0.00,0.00
2026-07-22 11:43:00.864,17.558,0.00,0.00,0.00,0.00,0.00,0.00
2026-07-22 11:43:00.864,17.592,0.00,0.00,0.00,0.00,0.00,0.00
2026-07-22 11:43:00.864,17.625,0.00,0.00,0.00,0.00,0.00,0.00
2026-07-22 11:43:00.864,17.659,0.00,0.00,0.00,0.00,0.00,0.00
2026-07-22 11:43:00.864,17.692,0.00,0.00,0.00,0.00,0.00,0.00
2026-07-22 11:43:00.864,17.725,0.00,0.00,0.00,0.00,0.00,0.00
2026-07-22 11:43:00.864,17.759,0.00,0.00,0.00,0.00,0.00,0.00
2026-07-22 11:43:00.864,17.792,0.00,0.00,0.00,0.00,0.00,0.00
2026-07-22 11:43:00.864,17.825,0.00,0.00,0.00,0.00,0.00,0.00
2026-07-22 11:43:00.864,17.859,0.00,0.00,0.00,0.00,0.00,0.00
2026-07-22 11:43:00.864,17.892,0.00,0.00,0.00,0.00,0.00,0.00
2026-07-22 11:43:00.864,17.926,0.00,0.00,0.00,0.00,0.00,0.00
2026-07-22 11:43:00.864,17.959,0.00,0.00,0.00,0.00,0.00,0.00
2026-07-22 11:43:00.864,17.992,0.00,0.00,0.00,0.00,0.00,0.00
2026-07-22 11:43:00.864,18.026,0.00,0.00,0.00,0.00,0.00,0.00
2026-07-22 11:43:00.864,18.059,0.00,0.00,0.00,0.00,0.00,0.00
2026-07-22 11:43:00.864,18.092,0.00,0.00,0.00,0.00,0.00,0.00
2026-07-22 11:43:00.864,18.126,0.00,0.00,0.00,0.00,0.00,0.00
2026-07-22 11:43:00.864,18.159,0.00,0.00,0.00,0.00,0.00,0.00
2026-07-22 11:43:00.864,18.193,0.00,0.00,0.00,0.00,0.00,0.00
2026-07-22 11:43:00.864,18.226,0.00,0.00,0.00,0.00,0.00,0.00
2026-07-22 11:43:00.864,18.259,0.00,0.00,0.00,0.00,0.00,0.00
2026-07-22 11:43:00.864,18.293,0.00,0.00,0.00,0.00,0.00,0.00
2026-07-22 11:43:00.864,18.326,0.00,0.00,0.00,0.00,0.00,0.00
2026-07-22 11:43:00.864,18.359,0.00,0.00,0.00,0.00,0.00,0.00
2026-07-22 11:43:00.864,18.392,0.00,0.00,0.00,0.00,0.00,0.00
2026-07-22 11:43:00.864,18.426,0.00,0.00,0.00,0.00,0.00,0.00
2026-07-22 11:43:00.864,18.459,0.00,0.00,0.00,0.00,0.00,0.00
2026-07-22 11:43:00.864,18.492,0.00,0.00,0.00,0.00,0.00,0.00
2026-07-22 11:43:00.864,18.526,0.00,0.00,0.00,0.00,0.00,0.00
2026-07-22 11:43:00.864,18.559,0.00,0.00,0.00,0.00,0.00,0.00
2026-07-22 11:43:00.864,18.593,0.00,0.00,0.00,0.00,0.00,0.00
2026-07-22 11:43:00.864,18.626,0.00,0.00,0.00,0.00,0.00,0.00
2026-07-22 11:43:00.864,18.659,0.00,0.00,0.00,0.00,0.00,0.00
2026-07-22 11:43:00.864,18.693,0.00,0.00,0.00,0.00,0.00,0.00
2026-07-22 11:43:00.864,18.726,0.00,0.00,0.00,0.00,0.00,0.00
2026-07-22 11:43:00.864,18.759,0.00,0.00,0.00,0.00,0.00,0.00
2026-07-22 11:43:00.864,18.793,0.00,0.00,0.00,0.00,0.00,0.00
2026-07-22 11:43:00.864,18.826,0.00,0.00,0.00,0.00,0.00,0.00
2026-07-22 11:43:00.864,18.859,0.00,0.00,0.00,0.00,0.00,0.00
2026-07-22 11:43:00.864,18.893,0.00,0.00,0.00,0.00,0.00,0.00
2026-07-22 11:43:00.864,18.926,0.00,0.00,0.00,0.00,0.00,0.00
2026-07-22 11:43:00.864,18.959,0.00,0.00,0.00,0.00,0.00,0.00
2026-07-22 11:43:00.864,18.992,0.00,0.00,0.00,0.00,0.00,0.00
2026-07-22 11:43:00.864,19.026,0.00,0.00,0.00,0.00,0.00,0.00
2026-07-22 11:43:00.864,19.059,0.00,0.00,0.00,0.00,0.00,0.00
2026-07-22 11:43:00.864,19.093,0.00,0.00,0.00,0.00,0.00,0.00
2026-07-22 11:43:00.864,19.126,0.00,0.00,0.00,0.00,0.00,0.00
2026-07-22 11:43:00.864,19.160,0.00,0.00,0.00,0.00,0.00,0.00
2026-07-22 11:43:00.864,19.193,0.00,0.00,0.00,0.00,0.00,0.00
2026-07-22 11:43:00.864,19.226,0.00,0.00,0.00,0.00,0.00,0.00
2026-07-22 11:43:00.864,19.260,0.00,0.00,0.00,0.00,0.00,0.00
2026-07-22 11:43:00.864,19.293,0.00,0.00,0.00,0.00,0.00,0.00
2026-07-22 11:43:00.864,19.326,0.00,0.00,0.00,0.00,0.00,0.00
2026-07-22 11:43:00.864,19.360,0.00,0.00,0.00,0.00,0.00,0.00
2026-07-22 11:43:00.864,19.394,0.00,0.00,0.00,0.00,0.00,0.00
2026-07-22 11:43:00.864,19.427,0.00,0.00,0.00,0.00,0.00,0.00
2026-07-22 11:43:00.864,19.460,0.00,0.00,0.00,0.00,0.00,0.00
2026-07-22 11:43:00.864,19.494,0.00,0.00,0.00,0.00,0.00,0.00
2026-07-22 11:43:00.864,19.527,0.00,0.00,0.00,0.00,0.00,0.00
2026-07-22 11:43:00.864,19.560,0.00,0.00,0.00,0.00,0.00,0.00
2026-07-22 11:43:00.864,19.594,0.00,0.00,0.00,0.00,0.00,0.00
2026-07-22 11:43:00.864,19.627,0.00,0.00,0.00,0.00,0.00,0.00
2026-07-22 11:43:00.864,19.660,0.00,0.00,0.00,0.00,0.00,0.00
2026-07-22 11:43:00.864,19.694,0.00,0.00,0.00,0.00,0.00,0.00
2026-07-22 11:43:00.864,19.727,0.00,0.00,0.00,0.00,0.00,0.00
2026-07-22 11:43:00.864,19.761,0.00,0.00,0.00,0.00,0.00,0.00
2026-07-22 11:43:00.864,19.794,0.00,0.00,0.00,0.00,0.00,0.00
2026-07-22 11:43:00.864,19.829,0.00,0.00,0.00,0.00,0.00,0.00
2026-07-22 11:43:00.864,19.862,0.00,0.00,0.00,0.00,0.00,0.00
2026-07-22 11:43:00.864,19.895,0.00,0.00,0.00,0.00,0.00,0.00
2026-07-22 11:43:00.864,19.929,0.00,0.00,0.00,0.00,0.00,0.00
2026-07-22 11:43:00.864,19.963,0.00,0.00,0.00,0.00,0.00,0.00
2026-07-22 11:43:00.864,19.997,0.00,0.00,0.00,0.00,0.00,0.00
2026-07-22 11:43:00.864,20.031,0.00,0.00,0.00,0.00,0.00,0.00
2026-07-22 11:43:00.864,20.064,0.00,0.00,0.00,0.00,0.00,0.00
2026-07-22 11:43:00.864,20.098,0.00,0.00,0.00,0.00,0.00,0.00
2026-07-22 11:43:00.864,20.132,0.00,0.00,0.00,0.00,0.00,0.00
2026-07-22 11:43:00.864,20.165,0.00,0.00,0.00,0.00,0.00,0.00
2026-07-22 11:43:00.864,20.199,0.00,0.00,0.00,0.00,0.00,0.00
2026-07-22 11:43:00.864,20.233,0.00,0.00,0.00,0.00,0.00,0.00
2026-07-22 11:43:00.864,20.267,0.00,0.00,0.00,0.00,0.00,0.00
2026-07-22 11:43:00.864,20.300,0.00,0.00,0.00,0.00,0.00,0.00
2026-07-22 11:43:00.864,20.333,0.00,0.00,0.00,0.00,0.00,0.00
2026-07-22 11:43:00.864,20.367,0.00,0.00,0.00,0.00,0.00,0.00
2026-07-22 11:43:00.864,20.401,0.00,0.00,0.00,0.00,0.00,0.00
2026-07-22 11:43:00.864,20.435,0.00,0.00,0.00,0.00,0.00,0.00
2026-07-22 11:43:00.864,20.469,0.00,0.00,0.00,0.00,0.00,0.00
2026-07-22 11:43:00.864,20.502,0.00,0.00,0.00,0.00,0.00,0.00
2026-07-22 11:43:00.864,20.535,0.00,0.00,0.00,0.00,0.00,0.00
2026-07-22 11:43:00.864,20.569,0.00,0.00,0.00,0.00,0.00,0.00
2026-07-22 11:43:00.864,20.602,0.00,0.00,0.00,0.00,0.00,0.00
2026-07-22 11:43:00.864,20.636,0.00,0.00,0.00,0.00,0.00,0.00
2026-07-22 11:43:00.864,20.669,0.00,0.00,0.00,0.00,0.00,0.00
2026-07-22 11:43:00.864,20.703,0.00,0.00,0.00,0.00,0.00,0.00
2026-07-22 11:43:00.864,20.737,0.00,0.00,0.00,0.00,0.00,0.00
2026-07-22 11:43:00.864,20.770,0.00,0.00,0.00,0.00,0.00,0.00
2026-07-22 11:43:00.864,20.803,0.00,0.00,0.00,0.00,0.00,0.00
2026-07-22 11:43:00.864,20.837,0.00,0.00,0.00,0.00,0.00,0.00
2026-07-22 11:43:00.864,20.870,0.00,0.00,0.00,0.00,0.00,0.00
2026-07-22 11:43:00.864,20.904,0.00,0.00,0.00,0.00,0.00,0.00
2026-07-22 11:43:00.864,20.937,0.00,0.00,0.00,0.00,0.00,0.00
2026-07-22 11:43:00.864,20.970,0.00,0.00,0.00,0.00,0.00,0.00
2026-07-22 11:43:00.864,21.004,0.00,0.00,0.00,0.00,0.00,0.00
2026-07-22 11:43:00.864,21.037,0.00,0.00,0.00,0.00,0.00,0.00
2026-07-22 11:43:00.864,21.070,0.00,0.00,0.00,0.00,0.00,0.00
2026-07-22 11:43:00.864,21.104,0.00,0.00,0.00,0.00,0.00,0.00
2026-07-22 11:43:00.864,21.138,0.00,0.00,0.00,0.00,0.00,0.00
2026-07-22 11:43:00.864,21.171,0.00,0.00,0.00,0.00,0.00,0.00
2026-07-22 11:43:00.864,21.205,0.00,0.00,0.00,0.00,0.00,0.00
2026-07-22 11:43:00.864,21.239,0.00,0.00,0.00,0.00,0.00,0.00
2026-07-22 11:43:00.864,21.272,0.00,0.00,0.00,0.00,0.00,0.00
2026-07-22 11:43:00.864,21.305,0.00,0.00,0.00,0.00,0.00,0.00
2026-07-22 11:43:00.864,21.339,0.00,0.00,0.00,0.00,0.00,0.00
2026-07-22 11:43:00.864,21.372,0.00,0.00,0.00,0.00,0.00,0.00
2026-07-22 11:43:00.864,21.406,0.00,0.00,0.00,0.00,0.00,0.00
2026-07-22 11:43:00.864,21.439,0.00,0.00,0.00,0.00,0.00,0.00
2026-07-22 11:43:00.864,21.472,0.00,0.00,0.00,0.00,0.00,0.00
2026-07-22 11:43:00.864,21.506,0.00,0.00,0.00,0.00,0.00,0.00
2026-07-22 11:43:00.864,21.539,0.00,0.00,0.00,0.00,0.00,0.00
2026-07-22 11:43:00.864,21.573,0.00,0.00,0.00,0.00,0.00,0.00
2026-07-22 11:43:00.864,21.606,0.00,0.00,0.00,0.00,0.00,0.00
2026-07-22 11:43:00.864,21.639,0.00,0.00,0.00,0.00,0.00,0.00
2026-07-22 11:43:00.864,21.673,0.00,0.00,0.00,0.00,0.00,0.00
2026-07-22 11:43:00.864,21.706,0.00,0.00,0.00,0.00,0.00,0.00
2026-07-22 11:43:00.864,21.740,0.00,0.00,0.00,0.00,0.00,0.00
2026-07-22 11:43:00.864,21.773,0.00,0.00,0.00,0.00,0.00,0.00
2026-07-22 11:43:00.864,21.807,0.00,0.00,0.00,0.00,0.00,0.00
2026-07-22 11:43:00.864,21.841,0.00,0.00,0.00,0.00,0.00,0.00
2026-07-22 11:43:00.864,21.875,0.00,0.00,0.00,0.00,0.00,0.00
2026-07-22 11:43:00.864,21.908,0.00,0.00,0.00,0.00,0.00,0.00
2026-07-22 11:43:00.864,21.942,0.00,0.00,0.00,0.00,0.00,0.00
2026-07-22 11:43:00.864,21.975,0.00,0.00,0.00,0.00,0.00,0.00
2026-07-22 11:43:00.864,22.009,0.00,0.00,0.00,0.00,0.00,0.00
2026-07-22 11:43:00.864,22.042,0.00,0.00,0.00,0.00,0.00,0.00
2026-07-22 11:43:00.864,22.076,0.00,0.00,0.00,0.00,0.00,0.00
2026-07-22 11:43:00.864,22.109,0.00,0.00,0.00,0.00,0.00,0.00
2026-07-22 11:43:00.864,22.142,0.00,0.00,0.00,0.00,0.00,0.00
2026-07-22 11:43:00.864,22.176,0.00,0.00,0.00,0.00,0.00,0.00
2026-07-22 11:43:00.864,22.209,0.00,0.00,0.00,0.00,0.00,0.00
2026-07-22 11:43:00.864,22.243,0.00,0.00,0.00,0.00,0.00,0.00
2026-07-22 11:43:00.864,22.276,0.00,0.00,0.00,0.00,0.00,0.00
2026-07-22 11:43:00.864,22.310,0.00,0.00,0.00,0.00,0.00,0.00
2026-07-22 11:43:00.864,22.344,0.00,0.00,0.00,0.00,0.00,0.00
2026-07-22 11:43:00.864,22.377,0.00,0.00,0.00,0.00,0.00,0.00
2026-07-22 11:43:00.864,22.410,0.00,0.00,0.00,0.00,0.00,0.00
2026-07-22 11:43:00.864,22.444,0.00,0.00,0.00,0.00,0.00,0.00
2026-07-22 11:43:00.864,22.477,0.00,0.00,0.00,0.00,0.00,0.00
2026-07-22 11:43:00.864,22.511,0.00,0.00,0.00,0.00,0.00,0.00
2026-07-22 11:43:00.864,22.544,0.00,0.00,0.00,0.00,0.00,0.00
2026-07-22 11:43:00.864,22.579,0.00,0.00,0.00,0.00,0.00,0.00
2026-07-22 11:43:00.864,22.612,0.00,0.00,0.00,0.00,0.00,0.00
2026-07-22 11:43:00.864,22.645,0.00,0.00,0.00,0.00,0.00,0.00
2026-07-22 11:43:00.864,22.679,0.00,0.00,0.00,0.00,0.00,0.00
2026-07-22 11:43:00.864,22.712,0.00,0.00,0.00,0.00,0.00,0.00
2026-07-22 11:43:00.864,22.746,0.00,0.00,0.00,0.00,0.00,0.00
2026-07-22 11:43:00.864,22.780,0.00,0.00,0.00,0.00,0.00,0.00
2026-07-22 11:43:00.864,22.813,0.00,0.00,0.00,0.00,0.00,0.00
2026-07-22 11:43:00.864,22.847,0.00,0.00,0.00,0.00,0.00,0.00
2026-07-22 11:43:00.864,22.880,0.00,0.00,0.00,0.00,0.00,0.00
2026-07-22 11:43:00.864,22.914,0.00,0.00,0.00,0.00,0.00,0.00
2026-07-22 11:43:00.864,22.947,0.00,0.00,0.00,0.00,0.00,0.00
2026-07-22 11:43:00.864,22.981,0.00,0.00,0.00,0.00,0.00,0.00
2026-07-22 11:43:00.864,23.014,0.00,0.00,0.00,0.00,0.00,0.00
2026-07-22 11:43:00.864,23.047,0.00,0.00,0.00,0.00,0.00,0.00
2026-07-22 11:43:00.864,23.080,0.00,0.00,0.00,0.00,0.00,0.00
2026-07-22 11:43:00.864,23.114,0.00,0.00,0.00,0.00,0.00,0.00
2026-07-22 11:43:00.864,23.147,0.00,0.00,0.00,0.00,0.00,0.00
2026-07-22 11:43:00.864,23.181,0.00,0.00,0.00,0.00,0.00,0.00
2026-07-22 11:43:00.864,23.214,0.00,0.00,0.00,0.00,0.00,0.00
2026-07-22 11:43:00.864,23.248,0.00,0.00,0.00,0.00,0.00,0.00
2026-07-22 11:43:00.864,23.281,0.00,0.00,0.00,0.00,0.00,0.00
2026-07-22 11:43:00.864,23.314,0.00,0.00,0.00,0.00,0.00,0.00
2026-07-22 11:43:00.864,23.347,0.00,0.00,0.00,0.00,0.00,0.00
2026-07-22 11:43:00.864,23.381,0.00,0.00,0.00,0.00,0.00,0.00
2026-07-22 11:43:00.864,23.415,0.00,0.00,0.00,0.00,0.00,0.00
2026-07-22 11:43:00.864,23.449,0.00,0.00,0.00,0.00,0.00,0.00
2026-07-22 11:43:00.864,23.482,0.00,0.00,0.00,0.00,0.00,0.00
2026-07-22 11:43:00.864,23.516,0.00,0.00,0.00,0.00,0.00,0.00
2026-07-22 11:43:00.864,23.549,0.00,0.00,0.00,0.00,0.00,0.00
2026-07-22 11:43:00.864,23.582,0.00,0.00,0.00,0.00,0.00,0.00
2026-07-22 11:43:00.864,23.616,0.00,0.00,0.00,0.00,0.00,0.00
2026-07-22 11:43:00.864,23.650,0.00,0.00,0.00,0.00,0.00,0.00
2026-07-22 11:43:00.864,23.683,0.00,0.00,0.00,0.00,0.00,0.00
2026-07-22 11:43:00.864,23.717,0.00,0.00,0.00,0.00,0.00,0.00
2026-07-22 11:43:00.864,23.750,0.00,0.00,0.00,0.00,0.00,0.00
2026-07-22 11:43:00.864,23.783,0.00,0.00,0.00,0.00,0.00,0.00
2026-07-22 11:43:00.864,23.817,0.00,0.00,0.00,0.00,0.00,0.00
2026-07-22 11:43:00.864,23.851,0.00,0.00,0.00,0.00,0.00,0.00
2026-07-22 11:43:00.864,23.884,0.00,0.00,0.00,0.00,0.00,0.00
2026-07-22 11:43:00.864,23.918,0.00,0.00,0.00,0.00,0.00,0.00
2026-07-22 11:43:00.864,23.952,0.00,0.00,0.00,0.00,0.00,0.00
2026-07-22 11:43:00.864,23.986,0.00,0.00,0.00,0.00,0.00,0.00
2026-07-22 11:43:00.864,24.020,0.00,0.00,0.00,0.00,0.00,0.00
2026-07-22 11:43:00.864,24.053,0.00,0.00,0.00,0.00,0.00,0.00
2026-07-22 11:43:00.864,24.087,0.00,0.00,0.00,0.00,0.00,0.00
2026-07-22 11:43:00.864,24.121,0.00,0.00,0.00,0.00,0.00,0.00
2026-07-22 11:43:00.864,24.155,0.00,0.00,0.00,0.00,0.00,0.00
2026-07-22 11:43:00.864,24.188,0.00,0.00,0.00,0.00,0.00,0.00
2026-07-22 11:43:00.864,24.222,0.00,0.00,0.00,0.00,0.00,0.00
2026-07-22 11:43:00.864,24.255,0.00,0.00,0.00,0.00,0.00,0.00
2026-07-22 11:43:00.864,24.289,0.00,0.00,0.00,0.00,0.00,0.00
2026-07-22 11:43:00.864,24.322,0.00,0.00,0.00,0.00,0.00,0.00
2026-07-22 11:43:00.864,24.356,0.00,0.00,0.00,0.00,0.00,0.00
2026-07-22 11:43:00.864,24.389,0.00,0.00,0.00,0.00,0.00,0.00
2026-07-22 11:43:00.864,24.423,0.00,0.00,0.00,0.00,0.00,0.00
2026-07-22 11:43:00.864,24.456,0.00,0.00,0.00,0.00,0.00,0.00
2026-07-22 11:43:00.864,24.490,0.00,0.00,0.00,0.00,0.00,0.00
2026-07-22 11:43:00.864,24.524,0.00,0.00,0.00,0.00,0.00,0.00
2026-07-22 11:43:00.864,24.558,0.00,0.00,0.00,0.00,0.00,0.00
2026-07-22 11:43:00.864,24.592,0.00,0.00,0.00,0.00,0.00,0.00
2026-07-22 11:43:00.864,24.625,0.00,0.00,0.00,0.00,0.00,0.00
2026-07-22 11:43:00.864,24.659,0.00,0.00,0.00,0.00,0.00,0.00
2026-07-22 11:43:00.864,24.692,0.00,0.00,0.00,0.00,0.00,0.00
2026-07-22 11:43:00.864,24.726,0.00,0.00,0.00,0.00,0.00,0.00
2026-07-22 11:43:00.864,24.759,0.00,0.00,0.00,0.00,0.00,0.00
2026-07-22 11:43:00.864,24.793,0.00,0.00,0.00,0.00,0.00,0.00
2026-07-22 11:43:00.864,24.826,0.00,0.00,0.00,0.00,0.00,0.00
2026-07-22 11:43:00.864,24.859,0.00,0.00,0.00,0.00,0.00,0.00
2026-07-22 11:43:00.864,24.892,0.00,0.00,0.00,0.00,0.00,0.00
2026-07-22 11:43:00.864,24.926,0.00,0.00,0.00,0.00,0.00,0.00
2026-07-22 11:43:00.864,24.959,0.00,0.00,0.00,0.00,0.00,0.00
2026-07-22 11:43:00.864,24.993,0.00,0.00,0.00,0.00,0.00,0.00
2026-07-22 11:43:00.864,25.026,0.00,0.00,0.00,0.00,0.00,0.00
2026-07-22 11:43:00.864,25.059,0.00,0.00,0.00,0.00,0.00,0.00
2026-07-22 11:43:00.864,25.093,0.00,0.00,0.00,0.00,0.00,0.00
2026-07-22 11:43:00.864,25.126,0.00,0.00,0.00,0.00,0.00,0.00
2026-07-22 11:43:00.864,25.159,0.00,0.00,0.00,0.00,0.00,0.00
2026-07-22 11:43:00.864,25.193,0.00,0.00,0.00,0.00,0.00,0.00
2026-07-22 11:43:00.864,25.226,0.00,0.00,0.00,0.00,0.00,0.00
2026-07-22 11:43:00.864,25.259,0.00,0.00,0.00,0.00,0.00,0.00
2026-07-22 11:43:00.864,25.293,0.00,0.00,0.00,0.00,0.00,0.00
2026-07-22 11:43:00.864,25.326,0.00,0.00,0.00,0.00,0.00,0.00
2026-07-22 11:43:00.864,25.361,0.00,0.00,0.00,0.00,0.00,0.00
2026-07-22 11:43:00.864,25.394,0.00,0.00,0.00,0.00,0.00,0.00
2026-07-22 11:43:00.864,25.427,0.00,0.00,0.00,0.00,0.00,0.00
2026-07-22 11:43:00.864,25.461,0.00,0.00,0.00,0.00,0.00,0.00
2026-07-22 11:43:00.864,25.494,0.00,0.00,0.00,0.00,0.00,0.00
2026-07-22 11:43:00.865,25.527,0.00,0.00,0.00,0.00,0.00,0.00
2026-07-22 11:43:00.865,25.561,0.00,0.00,0.00,0.00,0.00,0.00
2026-07-22 11:43:00.865,25.594,0.00,0.00,0.00,0.00,0.00,0.00
2026-07-22 11:43:00.865,25.627,0.00,0.00,0.00,0.00,0.00,0.00
2026-07-22 11:43:00.865,25.660,0.00,0.00,0.00,0.00,0.00,0.00
2026-07-22 11:43:00.865,25.694,0.00,0.00,0.00,0.00,0.00,0.00
2026-07-22 11:43:00.865,25.727,0.00,0.00,0.00,0.00,0.00,0.00
2026-07-22 11:43:00.865,25.760,0.00,0.00,0.00,0.00,0.00,0.00
2026-07-22 11:43:00.865,25.794,0.00,0.00,0.00,0.00,0.00,0.00
2026-07-22 11:43:00.865,25.827,0.00,0.00,0.00,0.00,0.00,0.00
2026-07-22 11:43:00.865,25.861,0.00,0.00,0.00,0.00,0.00,0.00
2026-07-22 11:43:00.865,25.894,0.00,0.00,0.00,0.00,0.00,0.00
2026-07-22 11:43:00.865,25.927,0.00,0.00,0.00,0.00,0.00,0.00
2026-07-22 11:43:00.865,25.961,0.00,0.00,0.00,0.00,0.00,0.00
2026-07-22 11:43:00.865,25.994,0.00,0.00,0.00,0.00,0.00,0.00
2026-07-22 11:43:00.865,26.028,0.00,0.00,0.00,0.00,0.00,0.00
2026-07-22 11:43:00.865,26.061,0.00,0.00,0.00,0.00,0.00,0.00
2026-07-22 11:43:00.865,26.094,0.00,0.00,0.00,0.00,0.00,0.00
2026-07-22 11:43:00.865,26.128,0.00,0.00,0.00,0.00,0.00,0.00
2026-07-22 11:43:00.865,26.161,0.00,0.00,0.00,0.00,0.00,0.00
2026-07-22 11:43:00.865,26.194,0.00,0.00,0.00,0.00,0.00,0.00
2026-07-22 11:43:00.865,26.228,0.00,0.00,0.00,0.00,0.00,0.00
2026-07-22 11:43:00.865,26.261,0.00,0.00,0.00,0.00,0.00,0.00
2026-07-22 11:43:00.865,26.295,0.00,0.00,0.00,0.00,0.00,0.00
2026-07-22 11:43:00.865,26.328,0.00,0.00,0.00,0.00,0.00,0.00
2026-07-22 11:43:00.865,26.361,0.00,0.00,0.00,0.00,0.00,0.00
2026-07-22 11:43:00.865,26.394,0.00,0.00,0.00,0.00,0.00,0.00
2026-07-22 11:43:00.865,26.428,0.00,0.00,0.00,0.00,0.00,0.00
2026-07-22 11:43:00.865,26.461,0.00,0.00,0.00,0.00,0.00,0.00
2026-07-22 11:43:00.865,26.494,0.00,0.00,0.00,0.00,0.00,0.00
2026-07-22 11:43:00.865,26.528,0.00,0.00,0.00,0.00,0.00,0.00
2026-07-22 11:43:00.865,26.561,0.00,0.00,0.00,0.00,0.00,0.00
2026-07-22 11:43:00.865,26.594,0.00,0.00,0.00,0.00,0.00,0.00
2026-07-22 11:43:00.865,26.627,0.00,0.00,0.00,0.00,0.00,0.00
2026-07-22 11:43:00.865,26.661,0.00,0.00,0.00,0.00,0.00,0.00
2026-07-22 11:43:00.865,26.694,0.00,0.00,0.00,0.00,0.00,0.00
2026-07-22 11:43:00.865,26.727,0.00,0.00,0.00,0.00,0.00,0.00
2026-07-22 11:43:00.865,26.761,0.00,0.00,0.00,0.00,0.00,0.00
2026-07-22 11:43:00.865,26.794,0.00,0.00,0.00,0.00,0.00,0.00
2026-07-22 11:43:00.865,26.827,0.00,0.00,0.00,0.00,0.00,0.00
2026-07-22 11:43:00.865,26.861,0.00,0.00,0.00,0.00,0.00,0.00
2026-07-22 11:43:00.865,26.894,0.00,0.00,0.00,0.00,0.00,0.00
2026-07-22 11:43:00.865,26.928,0.00,0.00,0.00,0.00,0.00,0.00
2026-07-22 11:43:00.865,26.961,0.00,0.00,0.00,0.00,0.00,0.00
2026-07-22 11:43:00.865,26.995,0.00,0.00,0.00,0.00,0.00,0.00
2026-07-22 11:43:00.865,27.028,0.00,0.00,0.00,0.00,0.00,0.00
2026-07-22 11:43:00.865,27.061,0.00,0.00,0.00,0.00,0.00,0.00
2026-07-22 11:43:00.865,27.095,0.00,0.00,0.00,0.00,0.00,0.00
2026-07-22 11:43:00.865,27.128,0.00,0.00,0.00,0.00,0.00,0.00
2026-07-22 11:43:00.865,27.161,0.00,0.00,0.00,0.00,0.00,0.00
2026-07-22 11:43:00.865,27.195,0.00,0.00,0.00,0.00,0.00,0.00
2026-07-22 11:43:00.865,27.228,0.00,0.00,0.00,0.00,0.00,0.00
2026-07-22 11:43:00.865,27.261,0.00,0.00,0.00,0.00,0.00,0.00
2026-07-22 11:43:00.865,27.295,0.00,0.00,0.00,0.00,0.00,0.00
2026-07-22 11:43:00.865,27.328,0.00,0.00,0.00,0.00,0.00,0.00
2026-07-22 11:43:00.865,27.361,0.00,0.00,0.00,0.00,0.00,0.00
2026-07-22 11:43:00.865,27.395,0.00,0.00,0.00,0.00,0.00,0.00
2026-07-22 11:43:00.865,27.428,0.00,0.00,0.00,0.00,0.00,0.00
2026-07-22 11:43:00.865,27.462,0.00,0.00,0.00,0.00,0.00,0.00
2026-07-22 11:43:00.865,27.495,0.00,0.00,0.00,0.00,0.00,0.00
2026-07-22 11:43:00.865,27.528,0.00,0.00,0.00,0.00,0.00,0.00
2026-07-22 11:43:00.865,27.562,0.00,0.00,0.00,0.00,0.00,0.00
2026-07-22 11:43:00.865,27.595,0.00,0.00,0.00,0.00,0.00,0.00
2026-07-22 11:43:00.865,27.629,0.00,0.00,0.00,0.00,0.00,0.00
2026-07-22 11:43:00.865,27.662,0.00,0.00,0.00,0.00,0.00,0.00
2026-07-22 11:43:00.865,27.696,0.00,0.00,0.00,0.00,0.00,0.00
2026-07-22 11:43:00.865,27.729,0.00,0.00,0.00,0.00,0.00,0.00
2026-07-22 11:43:00.865,27.763,0.00,0.00,0.00,0.00,0.00,0.00
2026-07-22 11:43:00.865,27.796,0.00,0.00,0.00,0.00,0.00,0.00
2026-07-22 11:43:00.865,27.830,0.00,0.00,0.00,0.00,0.00,0.00
2026-07-22 11:43:00.865,27.863,0.00,0.00,0.00,0.00,0.00,0.00
2026-07-22 11:43:00.865,27.897,0.00,0.00,0.00,0.00,0.00,0.00
2026-07-22 11:43:00.865,27.930,0.00,0.00,0.00,0.00,0.00,0.00
2026-07-22 11:43:00.865,27.964,0.00,0.00,0.00,0.00,0.00,0.00
2026-07-22 11:43:00.865,27.997,0.00,0.00,0.00,0.00,0.00,0.00
2026-07-22 11:43:00.865,28.031,0.00,0.00,0.00,0.00,0.00,0.00
2026-07-22 11:43:00.865,28.064,0.00,0.00,0.00,0.00,0.00,0.00
2026-07-22 11:43:00.865,28.098,0.00,0.00,0.00,0.00,0.00,0.00
2026-07-22 11:43:00.865,28.132,0.00,0.00,0.00,0.00,0.00,0.00
2026-07-22 11:43:00.865,28.166,0.00,0.00,0.00,0.00,0.00,0.00
2026-07-22 11:43:00.865,28.200,0.00,0.00,0.00,0.00,0.00,0.00
2026-07-22 11:43:00.865,28.233,0.00,0.00,0.00,0.00,0.00,0.00
2026-07-22 11:43:00.865,28.267,0.00,0.00,0.00,0.00,0.00,0.00
2026-07-22 11:43:00.865,28.300,0.00,0.00,0.00,0.00,0.00,0.00
2026-07-22 11:43:00.865,28.334,0.00,0.00,0.00,0.00,0.00,0.00
2026-07-22 11:43:00.865,28.367,0.00,0.00,0.00,0.00,0.00,0.00
2026-07-22 11:43:00.865,28.400,0.00,0.00,0.00,0.00,0.00,0.00
2026-07-22 11:43:00.865,28.434,0.00,0.00,0.00,0.00,0.00,0.00
2026-07-22 11:43:00.865,28.469,0.00,0.00,0.00,0.00,0.00,0.00
2026-07-22 11:43:00.865,28.502,0.00,0.00,0.00,0.00,0.00,0.00
2026-07-22 11:43:00.865,28.535,0.00,0.00,0.00,0.00,0.00,0.00
2026-07-22 11:43:00.865,28.569,0.00,0.00,0.00,0.00,0.00,0.00
2026-07-22 11:43:00.865,28.603,0.00,0.00,0.00,0.00,0.00,0.00
2026-07-22 11:43:00.865,28.636,0.00,0.00,0.00,0.00,0.00,0.00
2026-07-22 11:43:00.865,28.669,0.00,0.00,0.00,0.00,0.00,0.00
2026-07-22 11:43:00.865,28.703,0.00,0.00,0.00,0.00,0.00,0.00
2026-07-22 11:43:00.865,28.736,0.00,0.00,0.00,0.00,0.00,0.00
2026-07-22 11:43:00.865,28.769,0.00,0.00,0.00,0.00,0.00,0.00
2026-07-22 11:43:00.865,28.803,0.00,0.00,0.00,0.00,0.00,0.00
2026-07-22 11:43:00.865,28.836,0.00,0.00,0.00,0.00,0.00,0.00
2026-07-22 11:43:00.865,28.869,0.00,0.00,0.00,0.00,0.00,0.00
2026-07-22 11:43:00.865,28.903,0.00,0.00,0.00,0.00,0.00,0.00
2026-07-22 11:43:00.865,28.937,0.00,0.00,0.00,0.00,0.00,0.00
2026-07-22 11:43:00.865,28.970,0.00,0.00,0.00,0.00,0.00,0.00
2026-07-22 11:43:00.865,29.004,0.00,0.00,0.00,0.00,0.00,0.00
2026-07-22 11:43:00.865,29.037,0.00,0.00,0.00,0.00,0.00,0.00
2026-07-22 11:43:00.865,29.071,0.00,0.00,0.00,0.00,0.00,0.00
2026-07-22 11:43:00.865,29.104,0.00,0.00,0.00,0.00,0.00,0.00
2026-07-22 11:43:00.865,29.137,0.00,0.00,0.00,0.00,0.00,0.00
2026-07-22 11:43:00.865,29.171,0.00,0.00,0.00,0.00,0.00,0.00
2026-07-22 11:43:00.865,29.205,0.00,0.00,0.00,0.00,0.00,0.00
2026-07-22 11:43:00.865,29.238,0.00,0.00,0.00,0.00,0.00,0.00
2026-07-22 11:43:00.865,29.271,0.00,0.00,0.00,0.00,0.00,0.00
2026-07-22 11:43:00.865,29.305,0.00,0.00,0.00,0.00,0.00,0.00
2026-07-22 11:43:00.865,29.339,0.00,0.00,0.00,0.00,0.00,0.00
2026-07-22 11:43:00.865,29.372,0.00,0.00,0.00,0.00,0.00,0.00
2026-07-22 11:43:00.865,29.406,0.00,0.00,0.00,0.00,0.00,0.00
2026-07-22 11:43:00.865,29.439,0.00,0.00,0.00,0.00,0.00,0.00
2026-07-22 11:43:00.865,29.473,0.00,0.00,0.00,0.00,0.00,0.00
2026-07-22 11:43:00.865,29.506,0.00,0.00,0.00,0.00,0.00,0.00
2026-07-22 11:43:00.865,29.540,0.00,0.00,0.00,0.00,0.00,0.00
2026-07-22 11:43:00.865,29.573,0.00,0.00,0.00,0.00,0.00,0.00
2026-07-22 11:43:00.865,29.607,0.00,0.00,0.00,0.00,0.00,0.00
2026-07-22 11:43:00.865,29.641,0.00,0.00,0.00,0.00,0.00,0.00
2026-07-22 11:43:00.865,29.674,0.00,0.00,0.00,0.00,0.00,0.00
2026-07-22 11:43:00.865,29.708,0.00,0.00,0.00,0.00,0.00,0.00
2026-07-22 11:43:00.865,29.741,0.00,0.00,0.00,0.00,0.00,0.00
2026-07-22 11:43:00.865,29.774,0.00,0.00,0.00,0.00,0.00,0.00
2026-07-22 11:43:00.865,29.808,0.00,0.00,0.00,0.00,0.00,0.00
2026-07-22 11:43:00.865,29.842,0.00,0.00,0.00,0.00,0.00,0.00
2026-07-22 11:43:00.865,29.875,0.00,0.00,0.00,0.00,0.00,0.00
2026-07-22 11:43:00.865,29.908,0.00,0.00,0.00,0.00,0.00,0.00
2026-07-22 11:43:00.865,29.942,0.00,0.00,0.00,0.00,0.00,0.00
2026-07-22 11:43:00.865,29.975,0.00,0.00,0.00,0.00,0.00,0.00
2026-07-22 11:43:00.865,30.009,0.00,0.00,0.00,0.00,0.00,0.00
2026-07-22 11:43:00.865,30.042,0.00,0.00,0.00,0.00,0.00,0.00
2026-07-22 11:43:00.865,30.076,0.00,0.00,0.00,0.00,0.00,0.00
2026-07-22 11:43:00.865,30.109,0.00,0.00,0.00,0.00,0.00,0.00
2026-07-22 11:43:00.865,30.143,0.00,0.00,0.00,0.00,0.00,0.00
2026-07-22 11:43:00.865,30.177,0.00,0.00,0.00,0.00,0.00,0.00
2026-07-22 11:43:00.865,30.210,0.00,0.00,0.00,0.00,0.00,0.00
2026-07-22 11:43:00.865,30.244,0.00,0.00,0.00,0.00,0.00,0.00
2026-07-22 11:43:00.865,30.277,0.00,0.00,0.00,0.00,0.00,0.00
2026-07-22 11:43:00.865,30.311,0.00,0.00,0.00,0.00,0.00,0.00
2026-07-22 11:43:00.865,30.344,0.00,0.00,0.00,0.00,0.00,0.00
2026-07-22 11:43:00.865,30.377,0.00,0.00,0.00,0.00,0.00,0.00
2026-07-22 11:43:00.865,30.411,0.00,0.00,0.00,0.00,0.00,0.00
2026-07-22 11:43:00.865,30.444,0.00,0.00,0.00,0.00,0.00,0.00
2026-07-22 11:43:00.865,30.478,0.00,0.00,0.00,0.00,0.00,0.00
2026-07-22 11:43:00.865,30.512,0.00,0.00,0.00,0.00,0.00,0.00
2026-07-22 11:43:00.865,30.545,0.00,0.00,0.00,0.00,0.00,0.00
2026-07-22 11:43:00.865,30.579,0.00,0.00,0.00,0.00,0.00,0.00
2026-07-22 11:43:00.865,30.612,0.00,0.00,0.00,0.00,0.00,0.00
2026-07-22 11:43:00.865,30.646,0.00,0.00,0.00,0.00,0.00,0.00
2026-07-22 11:43:00.865,30.682,0.00,0.00,0.00,0.00,0.00,0.00
2026-07-22 11:43:00.865,30.715,0.00,0.00,0.00,0.00,0.00,0.00
2026-07-22 11:43:00.865,30.749,0.00,0.00,0.00,0.00,0.00,0.00
2026-07-22 11:43:00.865,30.782,0.00,0.00,0.00,0.00,0.00,0.00
2026-07-22 11:43:00.865,30.815,0.00,0.00,0.00,0.00,0.00,0.00
2026-07-22 11:43:00.865,30.849,0.00,0.00,0.00,0.00,0.00,0.00
2026-07-22 11:43:00.865,30.883,0.00,0.00,0.00,0.00,0.00,0.00
2026-07-22 11:43:00.865,30.916,0.00,0.00,0.00,0.00,0.00,0.00
2026-07-22 11:43:00.865,30.950,0.00,0.00,0.00,0.00,0.00,0.00
2026-07-22 11:43:00.865,30.984,0.00,0.00,0.00,0.00,0.00,0.00
2026-07-22 11:43:00.865,31.017,0.00,0.00,0.00,0.00,0.00,0.00
2026-07-22 11:43:00.865,31.050,0.00,0.00,0.00,0.00,0.00,0.00
2026-07-22 11:43:00.865,31.084,0.00,0.00,0.00,0.00,0.00,0.00
2026-07-22 11:43:00.865,31.118,0.00,0.00,0.00,0.00,0.00,0.00
2026-07-22 11:43:00.865,31.151,0.00,0.00,0.00,0.00,0.00,0.00
2026-07-22 11:43:00.865,31.185,0.00,0.00,0.00,0.00,0.00,0.00
2026-07-22 11:43:00.865,31.218,0.00,0.00,0.00,0.00,0.00,0.00
2026-07-22 11:43:00.865,31.252,0.00,0.00,0.00,0.00,0.00,0.00
2026-07-22 11:43:00.865,31.285,0.00,0.00,0.00,0.00,0.00,0.00
2026-07-22 11:43:00.865,31.318,0.00,0.00,0.00,0.00,0.00,0.00
2026-07-22 11:43:00.865,31.352,0.00,0.00,0.00,0.00,0.00,0.00
2026-07-22 11:43:00.865,31.386,0.00,0.00,0.00,0.00,0.00,0.00
2026-07-22 11:43:00.865,31.420,0.00,0.00,0.00,0.00,0.00,0.00
2026-07-22 11:43:00.865,31.453,0.00,0.00,0.00,0.00,0.00,0.00
2026-07-22 11:43:00.865,31.487,0.00,0.00,0.00,0.00,0.00,0.00
2026-07-22 11:43:00.865,31.520,0.00,0.00,0.00,0.00,0.00,0.00
2026-07-22 11:43:00.865,31.554,0.00,0.00,0.00,0.00,0.00,0.00
2026-07-22 11:43:00.865,31.588,0.00,0.00,0.00,0.00,0.00,0.00
2026-07-22 11:43:00.865,31.621,0.00,0.00,0.00,0.00,0.00,0.00
2026-07-22 11:43:00.865,31.655,0.00,0.00,0.00,0.00,0.00,0.00
2026-07-22 11:43:00.865,31.689,0.00,0.00,0.00,0.00,0.00,0.00
2026-07-22 11:43:00.865,31.722,0.00,0.00,0.00,0.00,0.00,0.00
2026-07-22 11:43:00.865,31.755,0.00,0.00,0.00,0.00,0.00,0.00
2026-07-22 11:43:00.865,31.789,0.00,0.00,0.00,0.00,0.00,0.00
2026-07-22 11:43:00.865,31.822,0.00,0.00,0.00,0.00,0.00,0.00
2026-07-22 11:43:00.865,31.856,0.00,0.00,0.00,0.00,0.00,0.00
2026-07-22 11:43:00.865,31.890,0.00,0.00,0.00,0.00,0.00,0.00
2026-07-22 11:43:00.865,31.924,0.00,0.00,0.00,0.00,0.00,0.00
2026-07-22 11:43:00.865,31.958,0.00,0.00,0.00,0.00,0.00,0.00
2026-07-22 11:43:00.865,31.992,0.00,0.00,0.00,0.00,0.00,0.00
2026-07-22 11:43:00.865,32.025,0.00,0.00,0.00,0.00,0.00,0.00
2026-07-22 11:43:00.865,32.059,0.00,0.00,0.00,0.00,0.00,0.00
2026-07-22 11:43:00.865,32.092,0.00,0.00,0.00,0.00,0.00,0.00
2026-07-22 11:43:00.865,32.125,0.00,0.00,0.00,0.00,0.00,0.00
2026-07-22 11:43:00.865,32.159,0.00,0.00,0.00,0.00,0.00,0.00
2026-07-22 11:43:00.865,32.192,0.00,0.00,0.00,0.00,0.00,0.00
2026-07-22 11:43:00.865,32.226,0.00,0.00,0.00,0.00,0.00,0.00
2026-07-22 11:43:00.865,32.259,0.00,0.00,0.00,0.00,0.00,0.00
2026-07-22 11:43:00.865,32.292,0.00,0.00,0.00,0.00,0.00,0.00
2026-07-22 11:43:00.865,32.326,0.00,0.00,0.00,0.00,0.00,0.00
2026-07-22 11:43:00.865,32.359,0.00,0.00,0.00,0.00,0.00,0.00
2026-07-22 11:43:00.865,32.392,0.00,0.00,0.00,0.00,0.00,0.00
2026-07-22 11:43:00.865,32.426,0.00,0.00,0.00,0.00,0.00,0.00
2026-07-22 11:43:00.865,32.459,0.00,0.00,0.00,0.00,0.00,0.00
2026-07-22 11:43:00.866,32.492,0.00,0.00,0.00,0.00,0.00,0.00
2026-07-22 11:43:00.866,32.526,0.00,0.00,0.00,0.00,0.00,0.00
2026-07-22 11:43:00.866,32.559,0.00,0.00,0.00,0.00,0.00,0.00
2026-07-22 11:43:00.866,32.592,0.00,0.00,0.00,0.00,0.00,0.00
2026-07-22 11:43:00.866,32.626,0.00,0.00,0.00,0.00,0.00,0.00
2026-07-22 11:43:00.866,32.659,0.00,0.00,0.00,0.00,0.00,0.00
2026-07-22 11:43:00.866,32.693,0.00,0.00,0.00,0.00,0.00,0.00
2026-07-22 11:43:00.866,32.726,0.00,0.00,0.00,0.00,0.00,0.00
2026-07-22 11:43:00.866,32.760,0.00,0.00,0.00,0.00,0.00,0.00
2026-07-22 11:43:00.866,32.793,0.00,0.00,0.00,0.00,0.00,0.00
2026-07-22 11:43:00.866,32.826,0.00,0.00,0.00,0.00,0.00,0.00
2026-07-22 11:43:00.866,32.860,0.00,0.00,0.00,0.00,0.00,0.00
2026-07-22 11:43:00.866,32.894,0.00,0.00,0.00,0.00,0.00,0.00
2026-07-22 11:43:00.866,32.927,0.00,0.00,0.00,0.00,0.00,0.00
2026-07-22 11:43:00.866,32.960,0.00,0.00,0.00,0.00,0.00,0.00
2026-07-22 11:43:00.866,32.994,0.00,0.00,0.00,0.00,0.00,0.00
2026-07-22 11:43:00.866,33.027,0.00,0.00,0.00,0.00,0.00,0.00
2026-07-22 11:43:00.866,33.061,0.00,0.00,0.00,0.00,0.00,0.00
2026-07-22 11:43:00.866,33.094,0.00,0.00,0.00,0.00,0.00,0.00
2026-07-22 11:43:00.866,33.127,0.00,0.00,0.00,0.00,0.00,0.00
2026-07-22 11:43:00.866,33.161,0.00,0.00,0.00,0.00,0.00,0.00
2026-07-22 11:43:00.866,33.194,0.00,0.00,0.00,0.00,0.00,0.00
2026-07-22 11:43:00.866,33.227,0.00,0.00,0.00,0.00,0.00,0.00
2026-07-22 11:43:00.866,33.261,0.00,0.00,0.00,0.00,0.00,0.00
2026-07-22 11:43:00.866,33.294,0.00,0.00,0.00,0.00,0.00,0.00
2026-07-22 11:43:00.866,33.328,0.00,0.00,0.00,0.00,0.00,0.00
2026-07-22 11:43:00.866,33.362,0.00,0.00,0.00,0.00,0.00,0.00
2026-07-22 11:43:00.866,33.395,0.00,0.00,0.00,0.00,0.00,0.00
2026-07-22 11:43:00.866,33.429,0.00,0.00,0.00,0.00,0.00,0.00
2026-07-22 11:43:00.866,33.462,0.00,0.00,0.00,0.00,0.00,0.00
2026-07-22 11:43:00.866,33.495,0.00,0.00,0.00,0.00,0.00,0.00
2026-07-22 11:43:00.866,33.528,0.00,0.00,0.00,0.00,0.00,0.00
2026-07-22 11:43:00.866,33.562,0.00,0.00,0.00,0.00,0.00,0.00
2026-07-22 11:43:00.866,33.595,0.00,0.00,0.00,0.00,0.00,0.00
2026-07-22 11:43:00.866,33.628,0.00,0.00,0.00,0.00,0.00,0.00
2026-07-22 11:43:00.866,33.661,0.00,0.00,0.00,0.00,0.00,0.00
2026-07-22 11:43:00.866,33.695,0.00,0.00,0.00,0.00,0.00,0.00
2026-07-22 11:43:00.866,33.728,0.00,0.00,0.00,0.00,0.00,0.00
2026-07-22 11:43:00.866,33.761,0.00,0.00,0.00,0.00,0.00,0.00
2026-07-22 11:43:00.866,33.795,0.00,0.00,0.00,0.00,0.00,0.00
2026-07-22 11:43:00.866,33.828,0.00,0.00,0.00,0.00,0.00,0.00
2026-07-22 11:43:00.866,33.861,0.00,0.00,0.00,0.00,0.00,0.00
2026-07-22 11:43:00.866,33.894,0.00,0.00,0.00,0.00,0.00,0.00
2026-07-22 11:43:00.866,33.928,0.00,0.00,0.00,0.00,0.00,0.00
2026-07-22 11:43:00.866,33.961,0.00,0.00,0.00,0.00,0.00,0.00
2026-07-22 11:43:00.866,33.994,0.00,0.00,0.00,0.00,0.00,0.00
2026-07-22 11:43:00.866,34.028,0.00,0.00,0.00,0.00,0.00,0.00
2026-07-22 11:43:00.866,34.061,0.00,0.00,0.00,0.00,0.00,0.00
2026-07-22 11:43:00.866,34.095,0.00,0.00,0.00,0.00,0.00,0.00
2026-07-22 11:43:00.866,34.128,0.00,0.00,0.00,0.00,0.00,0.00
2026-07-22 11:43:00.866,34.161,0.00,0.00,0.00,0.00,0.00,0.00
2026-07-22 11:43:00.866,34.195,0.00,0.00,0.00,0.00,0.00,0.00
2026-07-22 11:43:00.866,34.229,0.00,0.00,0.00,0.00,0.00,0.00
2026-07-22 11:43:00.866,34.262,0.00,0.00,0.00,0.00,0.00,0.00
2026-07-22 11:43:00.866,34.295,0.00,0.00,0.00,0.00,0.00,0.00
2026-07-22 11:43:00.866,34.329,0.00,0.00,0.00,0.00,0.00,0.00
2026-07-22 11:43:00.866,34.362,0.00,0.00,0.00,0.00,0.00,0.00
2026-07-22 11:43:00.866,34.395,0.00,0.00,0.00,0.00,0.00,0.00
2026-07-22 11:43:00.866,34.429,0.00,0.00,0.00,0.00,0.00,0.00
2026-07-22 11:43:00.866,34.463,0.00,0.00,0.00,0.00,0.00,0.00
2026-07-22 11:43:00.866,34.496,0.00,0.00,0.00,0.00,0.00,0.00
2026-07-22 11:43:00.866,34.530,0.00,0.00,0.00,0.00,0.00,0.00
2026-07-22 11:43:00.866,34.563,0.00,0.00,0.00,0.00,0.00,0.00
2026-07-22 11:43:00.866,34.597,0.00,0.00,0.00,0.00,0.00,0.00
2026-07-22 11:43:00.866,34.630,0.00,0.00,0.00,0.00,0.00,0.00
2026-07-22 11:43:00.866,34.663,0.00,0.00,0.00,0.00,0.00,0.00
2026-07-22 11:43:00.866,34.697,0.00,0.00,0.00,0.00,0.00,0.00
2026-07-22 11:43:00.866,34.730,0.00,0.00,0.00,0.00,0.00,0.00
2026-07-22 11:43:00.866,34.764,0.00,0.00,0.00,0.00,0.00,0.00
2026-07-22 11:43:00.866,34.797,0.00,0.00,0.00,0.00,0.00,0.00
2026-07-22 11:43:00.866,34.831,0.00,0.00,0.00,0.00,0.00,0.00
2026-07-22 11:43:00.866,34.864,0.00,0.00,0.00,0.00,0.00,0.00
2026-07-22 11:43:00.866,34.898,0.00,0.00,0.00,0.00,0.00,0.00
2026-07-22 11:43:00.866,34.931,0.00,0.00,0.00,0.00,0.00,0.00
2026-07-22 11:43:00.866,34.964,0.00,0.00,0.00,0.00,0.00,0.00
2026-07-22 11:43:00.866,34.998,0.00,0.00,0.00,0.00,0.00,0.00
2026-07-22 11:43:00.866,35.032,0.00,0.00,0.00,0.00,0.00,0.00
2026-07-22 11:43:00.866,35.066,0.00,0.00,0.00,0.00,0.00,0.00
2026-07-22 11:43:00.866,35.099,0.00,0.00,0.00,0.00,0.00,0.00
2026-07-22 11:43:00.866,35.132,0.00,0.00,0.00,0.00,0.00,0.00
2026-07-22 11:43:00.866,35.166,0.00,0.00,0.00,0.00,0.00,0.00
2026-07-22 11:43:00.866,35.199,0.00,0.00,0.00,0.00,0.00,0.00
2026-07-22 11:43:00.866,35.233,0.00,0.00,0.00,0.00,0.00,0.00
2026-07-22 11:43:00.866,35.266,0.00,0.00,0.00,0.00,0.00,0.00
2026-07-22 11:43:00.866,35.300,0.00,0.00,0.00,0.00,0.00,0.00
2026-07-22 11:43:00.866,35.333,0.00,0.00,0.00,0.00,0.00,0.00
2026-07-22 11:43:00.866,35.367,0.00,0.00,0.00,0.00,0.00,0.00
2026-07-22 11:43:00.866,35.401,0.00,0.00,0.00,0.00,0.00,0.00
2026-07-22 11:43:00.866,35.434,0.00,0.00,0.00,0.00,0.00,0.00
2026-07-22 11:43:00.866,35.467,0.00,0.00,0.00,0.00,0.00,0.00
2026-07-22 11:43:00.866,35.501,0.00,0.00,0.00,0.00,0.00,0.00
2026-07-22 11:43:00.866,35.534,0.00,0.00,0.00,0.00,0.00,0.00
2026-07-22 11:43:00.866,35.568,0.00,0.00,0.00,0.00,0.00,0.00
2026-07-22 11:43:00.866,35.602,0.00,0.00,0.00,0.00,0.00,0.00
2026-07-22 11:43:00.866,35.635,0.00,0.00,0.00,0.00,0.00,0.00
2026-07-22 11:43:00.866,35.668,0.00,0.00,0.00,0.00,0.00,0.00
2026-07-22 11:43:00.866,35.701,0.00,0.00,0.00,0.00,0.00,0.00
2026-07-22 11:43:00.866,35.735,0.00,0.00,0.00,0.00,0.00,0.00
2026-07-22 11:43:00.866,35.768,0.00,0.00,0.00,0.00,0.00,0.00
2026-07-22 11:43:00.866,35.802,0.00,0.00,0.00,0.00,0.00,0.00
2026-07-22 11:43:00.866,35.835,0.00,0.00,0.00,0.00,0.00,0.00
2026-07-22 11:43:00.866,35.869,0.00,0.00,0.00,0.00,0.00,0.00
2026-07-22 11:43:00.866,35.902,0.00,0.00,0.00,0.00,0.00,0.00
2026-07-22 11:43:00.866,35.935,0.00,0.00,0.00,0.00,0.00,0.00
2026-07-22 11:43:00.866,35.969,0.00,0.00,0.00,0.00,0.00,0.00
2026-07-22 11:43:00.866,36.003,0.00,0.00,0.00,0.00,0.00,0.00
2026-07-22 11:43:00.866,36.036,0.00,0.00,0.00,0.00,0.00,0.00
2026-07-22 11:43:00.866,36.070,0.00,0.00,0.00,0.00,0.00,0.00
2026-07-22 11:43:00.866,36.103,0.00,0.00,0.00,0.00,0.00,0.00
2026-07-22 11:43:00.866,36.137,0.00,0.00,0.00,0.00,0.00,0.00
2026-07-22 11:43:00.866,36.170,0.00,0.00,0.00,0.00,0.00,0.00
2026-07-22 11:43:00.866,36.204,0.00,0.00,0.00,0.00,0.00,0.00
2026-07-22 11:43:00.866,36.237,0.00,0.00,0.00,0.00,0.00,0.00
2026-07-22 11:43:00.866,36.271,0.00,0.00,0.00,0.00,0.00,0.00
2026-07-22 11:43:00.866,36.304,0.00,0.00,0.00,0.00,0.00,0.00
2026-07-22 11:43:00.866,36.338,0.00,0.00,0.00,0.00,0.00,0.00
2026-07-22 11:43:00.866,36.371,0.00,0.00,0.00,0.00,0.00,0.00
2026-07-22 11:43:00.866,36.405,0.00,0.00,0.00,0.00,0.00,0.00
2026-07-22 11:43:00.866,36.438,0.00,0.00,0.00,0.00,0.00,0.00
2026-07-22 11:43:00.866,36.471,0.00,0.00,0.00,0.00,0.00,0.00
2026-07-22 11:43:00.866,36.505,0.00,0.00,0.00,0.00,0.00,0.00
2026-07-22 11:43:00.866,36.538,0.00,0.00,0.00,0.00,0.00,0.00
2026-07-22 11:43:00.866,36.572,0.00,0.00,0.00,0.00,0.00,0.00
2026-07-22 11:43:00.866,36.605,0.00,0.00,0.00,0.00,0.00,0.00
2026-07-22 11:43:00.866,36.639,0.00,0.00,0.00,0.00,0.00,0.00
2026-07-22 11:43:00.866,36.672,0.00,0.00,0.00,0.00,0.00,0.00
2026-07-22 11:43:00.866,36.706,0.00,0.00,0.00,0.00,0.00,0.00
2026-07-22 11:43:00.866,36.739,0.00,0.00,0.00,0.00,0.00,0.00
2026-07-22 11:43:00.866,36.772,0.00,0.00,0.00,0.00,0.00,0.00
2026-07-22 11:43:00.866,36.806,0.00,0.00,0.00,0.00,0.00,0.00
2026-07-22 11:43:00.866,36.840,0.00,0.00,0.00,0.00,0.00,0.00
2026-07-22 11:43:00.866,36.874,0.00,0.00,0.00,0.00,0.00,0.00
2026-07-22 11:43:00.866,36.907,0.00,0.00,0.00,0.00,0.00,0.00
2026-07-22 11:43:00.866,36.941,0.00,0.00,0.00,0.00,0.00,0.00
2026-07-22 11:43:00.866,36.975,0.00,0.00,0.00,0.00,0.00,0.00
2026-07-22 11:43:00.866,37.008,0.00,0.00,0.00,0.00,0.00,0.00
2026-07-22 11:43:00.866,37.042,0.00,0.00,0.00,0.00,0.00,0.00
2026-07-22 11:43:00.866,37.075,0.00,0.00,0.00,0.00,0.00,0.00
2026-07-22 11:43:00.866,37.108,0.00,0.00,0.00,0.00,0.00,0.00
2026-07-22 11:43:00.866,37.141,0.00,0.00,0.00,0.00,0.00,0.00
2026-07-22 11:43:00.866,37.175,0.00,0.00,0.00,0.00,0.00,0.00
2026-07-22 11:43:00.866,37.209,0.00,0.00,0.00,0.00,0.00,0.00
2026-07-22 11:43:00.866,37.242,0.00,0.00,0.00,0.00,0.00,0.00
2026-07-22 11:43:00.866,37.276,0.00,0.00,0.00,0.00,0.00,0.00
2026-07-22 11:43:00.866,37.310,0.00,0.00,0.00,0.00,0.00,0.00
2026-07-22 11:43:00.866,37.343,0.00,0.00,0.00,0.00,0.00,0.00
2026-07-22 11:43:00.866,37.377,0.00,0.00,0.00,0.00,0.00,0.00
2026-07-22 11:43:00.866,37.410,0.00,0.00,0.00,0.00,0.00,0.00
2026-07-22 11:43:00.866,37.443,0.00,0.00,0.00,0.00,0.00,0.00
2026-07-22 11:43:00.866,37.477,0.00,0.00,0.00,0.00,0.00,0.00
2026-07-22 11:43:00.866,37.510,0.00,0.00,0.00,0.00,0.00,0.00
2026-07-22 11:43:00.866,37.544,0.00,0.00,0.00,0.00,0.00,0.00
2026-07-22 11:43:00.866,37.578,0.00,0.00,0.00,0.00,0.00,0.00
2026-07-22 11:43:00.866,37.611,0.00,0.00,0.00,0.00,0.00,0.00
2026-07-22 11:43:00.866,37.645,0.00,0.00,0.00,0.00,0.00,0.00
2026-07-22 11:43:00.866,37.679,0.00,0.00,0.00,0.00,0.00,0.00
2026-07-22 11:43:00.866,37.714,0.00,0.00,0.00,0.00,0.00,0.00
2026-07-22 11:43:00.866,37.747,0.00,0.00,0.00,0.00,0.00,0.00
2026-07-22 11:43:00.866,37.781,0.00,0.00,0.00,0.00,0.00,0.00
2026-07-22 11:43:00.866,37.814,0.00,0.00,0.00,0.00,0.00,0.00
2026-07-22 11:43:00.866,37.848,0.00,0.00,0.00,0.00,0.00,0.00
2026-07-22 11:43:00.866,37.881,0.00,0.00,0.00,0.00,0.00,0.00
2026-07-22 11:43:00.866,37.915,0.00,0.00,0.00,0.00,0.00,0.00
2026-07-22 11:43:00.866,37.949,0.00,0.00,0.00,0.00,0.00,0.00
2026-07-22 11:43:00.866,37.982,0.00,0.00,0.00,0.00,0.00,0.00
2026-07-22 11:43:00.866,38.016,0.00,0.00,0.00,0.00,0.00,0.00
2026-07-22 11:43:00.866,38.049,0.00,0.00,0.00,0.00,0.00,0.00
2026-07-22 11:43:00.866,38.083,0.00,0.00,0.00,0.00,0.00,0.00
2026-07-22 11:43:00.866,38.116,0.00,0.00,0.00,0.00,0.00,0.00
2026-07-22 11:43:00.866,38.150,0.00,0.00,0.00,0.00,0.00,0.00
2026-07-22 11:43:00.866,38.184,0.00,0.00,0.00,0.00,0.00,0.00
2026-07-22 11:43:00.866,38.217,0.00,0.00,0.00,0.00,0.00,0.00
2026-07-22 11:43:00.866,38.251,0.00,0.00,0.00,0.00,0.00,0.00
2026-07-22 11:43:00.866,38.284,0.00,0.00,0.00,0.00,0.00,0.00
2026-07-22 11:43:00.866,38.318,0.00,0.00,0.00,0.00,0.00,0.00
2026-07-22 11:43:00.866,38.353,0.00,0.00,0.00,0.00,0.00,0.00
2026-07-22 11:43:00.866,38.386,0.00,0.00,0.00,0.00,0.00,0.00
2026-07-22 11:43:00.866,38.419,0.00,0.00,0.00,0.00,0.00,0.00
2026-07-22 11:43:00.866,38.453,0.00,0.00,0.00,0.00,0.00,0.00
2026-07-22 11:43:00.866,38.487,0.00,0.00,0.00,0.00,0.00,0.00
2026-07-22 11:43:00.866,38.520,0.00,0.00,0.00,0.00,0.00,0.00
2026-07-22 11:43:00.866,38.553,0.00,0.00,0.00,0.00,0.00,0.00
2026-07-22 11:43:00.866,38.587,0.00,0.00,0.00,0.00,0.00,0.00
2026-07-22 11:43:00.866,38.620,0.00,0.00,0.00,0.00,0.00,0.00
2026-07-22 11:43:00.866,38.654,0.00,0.00,0.00,0.00,0.00,0.00
2026-07-22 11:43:00.866,38.687,0.00,0.00,0.00,0.00,0.00,0.00
2026-07-22 11:43:00.866,38.721,0.00,0.00,0.00,0.00,0.00,0.00
2026-07-22 11:43:00.866,38.754,0.00,0.00,0.00,0.00,0.00,0.00
2026-07-22 11:43:00.866,38.788,0.00,0.00,0.00,0.00,0.00,0.00
2026-07-22 11:43:00.866,38.821,0.00,0.00,0.00,0.00,0.00,0.00
2026-07-22 11:43:00.866,38.855,0.00,0.00,0.00,0.00,0.00,0.00
2026-07-22 11:43:00.866,38.889,0.00,0.00,0.00,0.00,0.00,0.00
2026-07-22 11:43:00.866,38.922,0.00,0.00,0.00,0.00,0.00,0.00
2026-07-22 11:43:00.866,38.956,0.00,0.00,0.00,0.00,0.00,0.00
2026-07-22 11:43:00.866,38.989,0.00,0.00,0.00,0.00,0.00,0.00
2026-07-22 11:43:00.866,39.023,0.00,0.00,0.00,0.00,0.00,0.00
2026-07-22 11:43:00.866,39.057,0.00,0.00,0.00,0.00,0.00,0.00
2026-07-22 11:43:00.866,39.091,0.00,0.00,0.00,0.00,0.00,0.00
2026-07-22 11:43:00.866,39.124,0.00,0.00,0.00,0.00,0.00,0.00
2026-07-22 11:43:00.866,39.158,0.00,0.00,0.00,0.00,0.00,0.00
2026-07-22 11:43:00.866,39.191,0.00,0.00,0.00,0.00,0.00,0.00
2026-07-22 11:43:00.866,39.225,0.00,0.00,0.00,0.00,0.00,0.00
2026-07-22 11:43:00.866,39.258,0.00,0.00,0.00,0.00,0.00,0.00
2026-07-22 11:43:00.866,39.292,0.00,0.00,0.00,0.00,0.00,0.00
2026-07-22 11:43:00.866,39.326,0.00,0.00,0.00,0.00,0.00,0.00
2026-07-22 11:43:00.866,39.359,0.00,0.00,0.00,0.00,0.00,0.00
2026-07-22 11:43:00.866,39.392,0.00,0.00,0.00,0.00,0.00,0.00
2026-07-22 11:43:00.866,39.426,0.00,0.00,0.00,0.00,0.00,0.00
2026-07-22 11:43:00.866,39.459,0.00,0.00,0.00,0.00,0.00,0.00
2026-07-22 11:43:00.866,39.494,0.00,0.00,0.00,0.00,0.00,0.00
2026-07-22 11:43:00.866,39.527,0.00,0.00,0.00,0.00,0.00,0.00
2026-07-22 11:43:00.866,39.560,0.00,0.00,0.00,0.00,0.00,0.00
2026-07-22 11:43:00.866,39.594,0.00,0.00,0.00,0.00,0.00,0.00
2026-07-22 11:43:00.866,39.627,0.00,0.00,0.00,0.00,0.00,0.00
2026-07-22 11:43:00.866,39.660,0.00,0.00,0.00,0.00,0.00,0.00
2026-07-22 11:43:00.866,39.694,0.00,0.00,0.00,0.00,0.00,0.00
2026-07-22 11:43:00.866,39.728,0.00,0.00,0.00,0.00,0.00,0.00
2026-07-22 11:43:00.866,39.761,0.00,0.00,0.00,0.00,0.00,0.00
2026-07-22 11:43:00.866,39.795,0.00,0.00,0.00,0.00,0.00,0.00
2026-07-22 11:43:00.866,39.828,0.00,0.00,0.00,0.00,0.00,0.00
2026-07-22 11:43:00.866,39.861,0.00,0.00,0.00,0.00,0.00,0.00
2026-07-22 11:43:00.866,39.895,0.00,0.00,0.00,0.00,0.00,0.00
2026-07-22 11:43:00.867,39.928,0.00,0.00,0.00,0.00,0.00,0.00
2026-07-22 11:43:00.867,39.961,0.00,0.00,0.00,0.00,0.00,0.00
2026-07-22 11:43:00.867,39.995,0.00,0.00,0.00,0.00,0.00,0.00
2026-07-22 11:43:00.867,40.028,0.00,0.00,0.00,0.00,0.00,0.00
2026-07-22 11:43:00.867,40.062,0.00,0.00,0.00,0.00,0.00,0.00
2026-07-22 11:43:00.867,40.095,0.00,0.00,0.00,0.00,0.00,0.00
2026-07-22 11:43:00.867,40.128,0.00,0.00,0.00,0.00,0.00,0.00
2026-07-22 11:43:00.867,40.162,0.00,0.00,0.00,0.00,0.00,0.00
2026-07-22 11:43:00.867,40.195,0.00,0.00,0.00,0.00,0.00,0.00
2026-07-22 11:43:00.867,40.229,0.00,0.00,0.00,0.00,0.00,0.00
2026-07-22 11:43:00.867,40.262,0.00,0.00,0.00,0.00,0.00,0.00
2026-07-22 11:43:00.867,40.295,0.00,0.00,0.00,0.00,0.00,0.00
2026-07-22 11:43:00.867,40.328,0.00,0.00,0.00,0.00,0.00,0.00
2026-07-22 11:43:00.867,40.362,0.00,0.00,0.00,0.00,0.00,0.00
2026-07-22 11:43:00.867,40.395,0.00,0.00,0.00,0.00,0.00,0.00
2026-07-22 11:43:00.867,40.429,0.00,0.00,0.00,0.00,0.00,0.00
2026-07-22 11:43:00.867,40.462,0.00,0.00,0.00,0.00,0.00,0.00
2026-07-22 11:43:00.867,40.496,0.00,0.00,0.00,0.00,0.00,0.00
2026-07-22 11:43:00.867,40.529,0.00,0.00,0.00,0.00,0.00,0.00
2026-07-22 11:43:00.867,40.562,0.00,0.00,0.00,0.00,0.00,0.00
2026-07-22 11:43:00.867,40.596,0.00,0.00,0.00,0.00,0.00,0.00
2026-07-22 11:43:00.867,40.629,0.00,0.00,0.00,0.00,0.00,0.00
2026-07-22 11:43:00.867,40.663,0.00,0.00,0.00,0.00,0.00,0.00
2026-07-22 11:43:00.867,40.696,0.00,0.00,0.00,0.00,0.00,0.00
2026-07-22 11:43:00.867,40.730,0.00,0.00,0.00,0.00,0.00,0.00
2026-07-22 11:43:00.867,40.763,0.00,0.00,0.00,0.00,0.00,0.00
2026-07-22 11:43:00.867,40.797,0.00,0.00,0.00,0.00,0.00,0.00
2026-07-22 11:43:00.867,40.830,0.00,0.00,0.00,0.00,0.00,0.00
2026-07-22 11:43:00.867,40.864,0.00,0.00,0.00,0.00,0.00,0.00
2026-07-22 11:43:00.867,40.897,0.00,0.00,0.00,0.00,0.00,0.00
2026-07-22 11:43:00.867,40.931,0.00,0.00,0.00,0.00,0.00,0.00
2026-07-22 11:43:00.867,40.964,0.00,0.00,0.00,0.00,0.00,0.00
2026-07-22 11:43:00.867,40.997,0.00,0.00,0.00,0.00,0.00,0.00
2026-07-22 11:43:00.867,41.031,0.00,0.00,0.00,0.00,0.00,0.00
2026-07-22 11:43:00.867,41.064,0.00,0.00,0.00,0.00,0.00,0.00
2026-07-22 11:43:00.867,41.098,0.00,0.00,0.00,0.00,0.00,0.00
2026-07-22 11:43:00.867,41.131,0.00,0.00,0.00,0.00,0.00,0.00
2026-07-22 11:43:00.867,41.165,0.00,0.00,0.00,0.00,0.00,0.00
2026-07-22 11:43:00.867,41.198,0.00,0.00,0.00,0.00,0.00,0.00
2026-07-22 11:43:00.867,41.232,0.00,0.00,0.00,0.00,0.00,0.00
2026-07-22 11:43:00.867,41.268,0.00,0.00,0.00,0.00,0.00,0.00
2026-07-22 11:43:00.867,41.302,0.00,0.00,0.00,0.00,0.00,0.00
2026-07-22 11:43:00.867,41.335,0.00,0.00,0.00,0.00,0.00,0.00
2026-07-22 11:43:00.867,41.369,0.00,0.00,0.00,0.00,0.00,0.00
2026-07-22 11:43:00.867,41.402,0.00,0.00,0.00,0.00,0.00,0.00
2026-07-22 11:43:00.867,41.436,0.00,0.00,0.00,0.00,0.00,0.00
2026-07-22 11:43:00.867,41.469,0.00,0.00,0.00,0.00,0.00,0.00
2026-07-22 11:43:00.867,41.503,0.00,0.00,0.00,0.00,0.00,0.00
2026-07-22 11:43:00.867,41.536,0.00,0.00,0.00,0.00,0.00,0.00
2026-07-22 11:43:00.867,41.570,0.00,0.00,0.00,0.00,0.00,0.00
2026-07-22 11:43:00.867,41.603,0.00,0.00,0.00,0.00,0.00,0.00
2026-07-22 11:43:00.867,41.637,0.00,0.00,0.00,0.00,0.00,0.00
2026-07-22 11:43:00.867,41.671,0.00,0.00,0.00,0.00,0.00,0.00
2026-07-22 11:43:00.867,41.706,0.00,0.00,0.00,0.00,0.00,0.00
2026-07-22 11:43:00.867,41.740,0.00,0.00,0.00,0.00,0.00,0.00
2026-07-22 11:43:00.867,41.774,0.00,0.00,0.00,0.00,0.00,0.00
2026-07-22 11:43:00.867,41.807,0.00,0.00,0.00,0.00,0.00,0.00
2026-07-22 11:43:00.867,41.841,0.00,0.00,0.00,0.00,0.00,0.00
2026-07-22 11:43:00.867,41.874,0.00,0.00,0.00,0.00,0.00,0.00
2026-07-22 11:43:00.867,41.907,0.00,0.00,0.00,0.00,0.00,0.00
2026-07-22 11:43:00.867,41.941,0.00,0.00,0.00,0.00,0.00,0.00
2026-07-22 11:43:00.867,41.974,0.00,0.00,0.00,0.00,0.00,0.00
2026-07-22 11:43:00.867,42.007,0.00,0.00,0.00,0.00,0.00,0.00
2026-07-22 11:43:00.867,42.040,0.00,0.00,0.00,0.00,0.00,0.00
2026-07-22 11:43:00.867,42.074,0.00,0.00,0.00,0.00,0.00,0.00
2026-07-22 11:43:00.867,42.108,0.00,0.00,0.00,0.00,0.00,0.00
2026-07-22 11:43:00.867,42.141,0.00,0.00,0.00,0.00,0.00,0.00
2026-07-22 11:43:00.867,42.175,0.00,0.00,0.00,0.00,0.00,0.00
2026-07-22 11:43:00.867,42.209,0.00,0.00,0.00,0.00,0.00,0.00
2026-07-22 11:43:00.867,42.242,0.00,0.00,0.00,0.00,0.00,0.00
2026-07-22 11:43:00.867,42.276,0.00,0.00,0.00,0.00,0.00,0.00
2026-07-22 11:43:00.867,42.309,0.00,0.00,0.00,0.00,0.00,0.00
2026-07-22 11:43:00.867,42.343,0.00,0.00,0.00,0.00,0.00,0.00
2026-07-22 11:43:00.867,42.376,0.00,0.00,0.00,0.00,0.00,0.00
2026-07-22 11:43:00.867,42.409,0.00,0.00,0.00,0.00,0.00,0.00
2026-07-22 11:43:00.867,42.443,0.00,0.00,0.00,0.00,0.00,0.00
2026-07-22 11:43:00.867,42.476,0.00,0.00,0.00,0.00,0.00,0.00
2026-07-22 11:43:00.867,42.509,0.00,0.00,0.00,0.00,0.00,0.00
2026-07-22 11:43:00.867,42.543,0.00,0.00,0.00,0.00,0.00,0.00
2026-07-22 11:43:00.867,42.577,0.00,0.00,0.00,0.00,0.00,0.00
2026-07-22 11:43:00.867,42.610,0.00,0.00,0.00,0.00,0.00,0.00
2026-07-22 11:43:00.867,42.644,0.00,0.00,0.00,0.00,0.00,0.00
2026-07-22 11:43:00.867,42.678,0.00,0.00,0.00,0.00,0.00,0.00
2026-07-22 11:43:00.867,42.711,0.00,0.00,0.00,0.00,0.00,0.00
2026-07-22 11:43:00.867,42.745,0.00,0.00,0.00,0.00,0.00,0.00
2026-07-22 11:43:00.867,42.778,0.00,0.00,0.00,0.00,0.00,0.00
2026-07-22 11:43:00.867,42.811,0.00,0.00,0.00,0.00,0.00,0.00
2026-07-22 11:43:00.867,42.845,0.00,0.00,0.00,0.00,0.00,0.00
2026-07-22 11:43:00.867,42.878,0.00,0.00,0.00,0.00,0.00,0.00
2026-07-22 11:43:00.867,42.912,0.00,0.00,0.00,0.00,0.00,0.00
2026-07-22 11:43:00.867,42.945,0.00,0.00,0.00,0.00,0.00,0.00
2026-07-22 11:43:00.867,42.979,0.00,0.00,0.00,0.00,0.00,0.00
2026-07-22 11:43:00.867,43.013,0.00,0.00,0.00,0.00,0.00,0.00
2026-07-22 11:43:00.867,43.046,0.00,0.00,0.00,0.00,0.00,0.00
2026-07-22 11:43:00.867,43.080,0.00,0.00,0.00,0.00,0.00,0.00
2026-07-22 11:43:00.867,43.113,0.00,0.00,0.00,0.00,0.00,0.00
2026-07-22 11:43:00.867,43.146,0.00,0.00,0.00,0.00,0.00,0.00
2026-07-22 11:43:00.867,43.180,0.00,0.00,0.00,0.00,0.00,0.00
2026-07-22 11:43:00.867,43.213,0.00,0.00,0.00,0.00,0.00,0.00
2026-07-22 11:43:00.867,43.247,0.00,0.00,0.00,0.00,0.00,0.00
2026-07-22 11:43:00.867,43.281,0.00,0.00,0.00,0.00,0.00,0.00
2026-07-22 11:43:00.867,43.316,0.00,0.00,0.00,0.00,0.00,0.00
2026-07-22 11:43:00.867,43.349,0.00,0.00,0.00,0.00,0.00,0.00
2026-07-22 11:43:00.867,43.382,0.00,0.00,0.00,0.00,0.00,0.00
2026-07-22 11:43:00.867,43.416,0.00,0.00,0.00,0.00,0.00,0.00
2026-07-22 11:43:00.867,43.449,0.00,0.00,0.00,0.00,0.00,0.00
2026-07-22 11:43:00.867,43.483,0.00,0.00,0.00,0.00,0.00,0.00
2026-07-22 11:43:00.867,43.517,0.00,0.00,0.00,0.00,0.00,0.00
2026-07-22 11:43:00.867,43.550,0.00,0.00,0.00,0.00,0.00,0.00
2026-07-22 11:43:00.867,43.584,0.00,0.00,0.00,0.00,0.00,0.00
2026-07-22 11:43:00.867,43.617,0.00,0.00,0.00,0.00,0.00,0.00
2026-07-22 11:43:00.867,43.651,0.00,0.00,0.00,0.00,0.00,0.00
2026-07-22 11:43:00.867,43.684,0.00,0.00,0.00,0.00,0.00,0.00
2026-07-22 11:43:00.867,43.717,0.00,0.00,0.00,0.00,0.00,0.00
2026-07-22 11:43:00.867,43.751,0.00,0.00,0.00,0.00,0.00,0.00
2026-07-22 11:43:00.867,43.784,0.00,0.00,0.00,0.00,0.00,0.00
2026-07-22 11:43:00.867,43.818,0.00,0.00,0.00,0.00,0.00,0.00
2026-07-22 11:43:00.867,43.852,0.00,0.00,0.00,0.00,0.00,0.00
2026-07-22 11:43:00.867,43.885,0.00,0.00,0.00,0.00,0.00,0.00
2026-07-22 11:43:00.867,43.919,0.00,0.00,0.00,0.00,0.00,0.00
2026-07-22 11:43:00.867,43.953,0.00,0.00,0.00,0.00,0.00,0.00
2026-07-22 11:43:00.867,43.986,0.00,0.00,0.00,0.00,0.00,0.00
2026-07-22 11:43:00.867,44.019,0.00,0.00,0.00,0.00,0.00,0.00
2026-07-22 11:43:00.867,44.053,0.00,0.00,0.00,0.00,0.00,0.00
2026-07-22 11:43:00.867,44.086,0.00,0.00,0.00,0.00,0.00,0.00
2026-07-22 11:43:00.867,44.120,0.00,0.00,0.00,0.00,0.00,0.00
2026-07-22 11:43:00.867,44.153,0.00,0.00,0.00,0.00,0.00,0.00
2026-07-22 11:43:00.867,44.187,0.00,0.00,0.00,0.00,0.00,0.00
2026-07-22 11:43:00.867,44.220,0.00,0.00,0.00,0.00,0.00,0.00
2026-07-22 11:43:00.867,44.254,0.00,0.00,0.00,0.00,0.00,0.00
2026-07-22 11:43:00.867,44.288,0.00,0.00,0.00,0.00,0.00,0.00
2026-07-22 11:43:00.867,44.321,0.00,0.00,0.00,0.00,0.00,0.00
2026-07-22 11:43:00.867,44.354,0.00,0.00,0.00,0.00,0.00,0.00
2026-07-22 11:43:00.867,44.388,0.00,0.00,0.00,0.00,0.00,0.00
2026-07-22 11:43:00.867,44.422,0.00,0.00,0.00,0.00,0.00,0.00
2026-07-22 11:43:00.867,44.455,0.00,0.00,0.00,0.00,0.00,0.00
2026-07-22 11:43:00.867,44.488,0.00,0.00,0.00,0.00,0.00,0.00
2026-07-22 11:43:00.867,44.522,0.00,0.00,0.00,0.00,0.00,0.00
2026-07-22 11:43:00.867,44.555,0.00,0.00,0.00,0.00,0.00,0.00
2026-07-22 11:43:00.867,44.588,0.00,0.00,0.00,0.00,0.00,0.00
2026-07-22 11:43:00.867,44.622,0.00,0.00,0.00,0.00,0.00,0.00
2026-07-22 11:43:00.867,44.656,0.00,0.00,0.00,0.00,0.00,0.00
2026-07-22 11:43:00.867,44.689,0.00,0.00,0.00,0.00,0.00,0.00
2026-07-22 11:43:00.867,44.722,0.00,0.00,0.00,0.00,0.00,0.00
2026-07-22 11:43:00.867,44.755,0.00,0.00,0.00,0.00,0.00,0.00
2026-07-22 11:43:00.867,44.789,0.00,0.00,0.00,0.00,0.00,0.00
2026-07-22 11:43:00.867,44.823,0.00,0.00,0.00,0.00,0.00,0.00
2026-07-22 11:43:00.867,44.856,0.00,0.00,0.00,0.00,0.00,0.00
2026-07-22 11:43:00.867,44.890,0.00,0.00,0.00,0.00,0.00,0.00
2026-07-22 11:43:00.867,44.923,0.00,0.00,0.00,0.00,0.00,0.00
2026-07-22 11:43:00.867,44.957,0.00,0.00,0.00,0.00,0.00,0.00
2026-07-22 11:43:00.867,44.990,0.00,0.00,0.00,0.00,0.00,0.00
2026-07-22 11:43:00.867,45.024,0.00,0.00,0.00,0.00,0.00,0.00
2026-07-22 11:43:00.867,45.057,0.00,0.00,0.00,0.00,0.00,0.00
2026-07-22 11:43:00.867,45.091,0.00,0.00,0.00,0.00,0.00,0.00
2026-07-22 11:43:00.867,45.125,0.00,0.00,0.00,0.00,0.00,0.00
2026-07-22 11:43:00.867,45.158,0.00,0.00,0.00,0.00,0.00,0.00
2026-07-22 11:43:00.867,45.191,0.00,0.00,0.00,0.00,0.00,0.00
2026-07-22 11:43:00.867,45.225,0.00,0.00,0.00,0.00,0.00,0.00
2026-07-22 11:43:00.867,45.259,0.00,0.00,0.00,0.00,0.00,0.00
2026-07-22 11:43:00.867,45.292,0.00,0.00,0.00,0.00,0.00,0.00
2026-07-22 11:43:00.867,45.325,0.00,0.00,0.00,0.00,0.00,0.00
2026-07-22 11:43:00.867,45.358,0.00,0.00,0.00,0.00,0.00,0.00
2026-07-22 11:43:00.867,45.392,0.00,0.00,0.00,0.00,0.00,0.00
2026-07-22 11:43:00.867,45.425,0.00,0.00,0.00,0.00,0.00,0.00
2026-07-22 11:43:00.867,45.459,0.00,0.00,0.00,0.00,0.00,0.00
2026-07-22 11:43:00.867,45.492,0.00,0.00,0.00,0.00,0.00,0.00
2026-07-22 11:43:00.867,45.526,0.00,0.00,0.00,0.00,0.00,0.00
2026-07-22 11:43:00.867,45.559,0.00,0.00,0.00,0.00,0.00,0.00
2026-07-22 11:43:00.867,45.593,0.00,0.00,0.00,0.00,0.00,0.00
2026-07-22 11:43:00.867,45.626,0.00,0.00,0.00,0.00,0.00,0.00
2026-07-22 11:43:00.867,45.659,0.00,0.00,0.00,0.00,0.00,0.00
2026-07-22 11:43:00.867,45.692,0.00,0.00,0.00,0.00,0.00,0.00
2026-07-22 11:43:00.867,45.726,0.00,0.00,0.00,0.00,0.00,0.00
2026-07-22 11:43:00.867,45.759,0.00,0.00,0.00,0.00,0.00,0.00
2026-07-22 11:43:00.867,45.792,0.00,0.00,0.00,0.00,0.00,0.00
2026-07-22 11:43:00.867,45.826,0.00,0.00,0.00,0.00,0.00,0.00
2026-07-22 11:43:00.867,45.859,0.00,0.00,0.00,0.00,0.00,0.00
2026-07-22 11:43:00.867,45.892,0.00,0.00,0.00,0.00,0.00,0.00
2026-07-22 11:43:00.867,45.926,0.00,0.00,0.00,0.00,0.00,0.00
2026-07-22 11:43:00.867,45.959,0.00,0.00,0.00,0.00,0.00,0.00
2026-07-22 11:43:00.867,45.993,0.00,0.00,0.00,0.00,0.00,0.00
2026-07-22 11:43:00.867,46.026,0.00,0.00,0.00,0.00,0.00,0.00
2026-07-22 11:43:00.867,46.059,0.00,0.00,0.00,0.00,0.00,0.00
2026-07-22 11:43:00.867,46.093,0.00,0.00,0.00,0.00,0.00,0.00
2026-07-22 11:43:00.867,46.126,0.00,0.00,0.00,0.00,0.00,0.00
2026-07-22 11:43:00.867,46.159,0.00,0.00,0.00,0.00,0.00,0.00
2026-07-22 11:43:00.867,46.193,0.00,0.00,0.00,0.00,0.00,0.00
2026-07-22 11:43:00.867,46.226,0.00,0.00,0.00,0.00,0.00,0.00
2026-07-22 11:43:00.867,46.259,0.00,0.00,0.00,0.00,0.00,0.00
2026-07-22 11:43:00.867,46.294,0.00,0.00,0.00,0.00,0.00,0.00
2026-07-22 11:43:00.867,46.327,0.00,0.00,0.00,0.00,0.00,0.00
2026-07-22 11:43:00.867,46.361,0.00,0.00,0.00,0.00,0.00,0.00
2026-07-22 11:43:00.867,46.394,0.00,0.00,0.00,0.00,0.00,0.00
2026-07-22 11:43:00.867,46.427,0.00,0.00,0.00,0.00,0.00,0.00
2026-07-22 11:43:00.867,46.462,0.00,0.00,0.00,0.00,0.00,0.00
2026-07-22 11:43:00.867,46.495,0.00,0.00,0.00,0.00,0.00,0.00
2026-07-22 11:43:00.867,46.529,0.00,0.00,0.00,0.00,0.00,0.00
2026-07-22 11:43:00.867,46.562,0.00,0.00,0.00,0.00,0.00,0.00
2026-07-22 11:43:00.867,46.596,0.00,0.00,0.00,0.00,0.00,0.00
2026-07-22 11:43:00.868,46.629,0.00,0.00,0.00,0.00,0.00,0.00
2026-07-22 11:43:00.868,46.662,0.00,0.00,0.00,0.00,0.00,0.00
2026-07-22 11:43:00.868,46.696,0.00,0.00,0.00,0.00,0.00,0.00
2026-07-22 11:43:00.868,46.729,0.00,0.00,0.00,0.00,0.00,0.00
2026-07-22 11:43:00.868,46.762,0.00,0.00,0.00,0.00,0.00,0.00
2026-07-22 11:43:00.868,46.796,0.00,0.00,0.00,0.00,0.00,0.00
2026-07-22 11:43:00.868,46.829,0.00,0.00,0.00,0.00,0.00,0.00
2026-07-22 11:43:00.868,46.863,0.00,0.00,0.00,0.00,0.00,0.00
2026-07-22 11:43:00.868,46.896,0.00,0.00,0.00,0.00,0.00,0.00
2026-07-22 11:43:00.868,46.929,0.00,0.00,0.00,0.00,0.00,0.00
2026-07-22 11:43:00.868,46.963,0.00,0.00,0.00,0.00,0.00,0.00
2026-07-22 11:43:00.868,46.996,0.00,0.00,0.00,0.00,0.00,0.00
2026-07-22 11:43:00.868,47.030,0.00,0.00,0.00,0.00,0.00,0.00
2026-07-22 11:43:00.868,47.063,0.00,0.00,0.00,0.00,0.00,0.00
2026-07-22 11:43:00.868,47.096,0.00,0.00,0.00,0.00,0.00,0.00
2026-07-22 11:43:00.868,47.130,0.00,0.00,0.00,0.00,0.00,0.00
2026-07-22 11:43:00.868,47.163,0.00,0.00,0.00,0.00,0.00,0.00
2026-07-22 11:43:00.868,47.197,0.00,0.00,0.00,0.00,0.00,0.00
2026-07-22 11:43:00.868,47.230,0.00,0.00,0.00,0.00,0.00,0.00
2026-07-22 11:43:00.868,47.264,0.00,0.00,0.00,0.00,0.00,0.00
2026-07-22 11:43:00.868,47.297,0.00,0.00,0.00,0.00,0.00,0.00
2026-07-22 11:43:00.868,47.331,0.00,0.00,0.00,0.00,0.00,0.00
2026-07-22 11:43:00.868,47.364,0.00,0.00,0.00,0.00,0.00,0.00
2026-07-22 11:43:00.868,47.397,0.00,0.00,0.00,0.00,0.00,0.00
2026-07-22 11:43:00.868,47.431,0.00,0.00,0.00,0.00,0.00,0.00
2026-07-22 11:43:00.868,47.464,0.00,0.00,0.00,0.00,0.00,0.00
2026-07-22 11:43:00.868,47.498,0.00,0.00,0.00,0.00,0.00,0.00
2026-07-22 11:43:00.868,47.531,0.00,0.00,0.00,0.00,0.00,0.00
2026-07-22 11:43:00.868,47.564,0.00,0.00,0.00,0.00,0.00,0.00
2026-07-22 11:43:00.868,47.598,0.00,0.00,0.00,0.00,0.00,0.00
2026-07-22 11:43:00.868,47.631,0.00,0.00,0.00,0.00,0.00,0.00
2026-07-22 11:43:00.868,47.666,0.00,0.00,0.00,0.00,0.00,0.00
2026-07-22 11:43:00.868,47.700,0.00,0.00,0.00,0.00,0.00,0.00
2026-07-22 11:43:00.868,47.733,0.00,0.00,0.00,0.00,0.00,0.00
2026-07-22 11:43:00.868,47.767,0.00,0.00,0.00,0.00,0.00,0.00
2026-07-22 11:43:00.868,47.800,0.00,0.00,0.00,0.00,0.00,0.00
2026-07-22 11:43:00.868,47.834,0.00,0.00,0.00,0.00,0.00,0.00
2026-07-22 11:43:00.868,47.867,0.00,0.00,0.00,0.00,0.00,0.00
2026-07-22 11:43:00.868,47.901,0.00,0.00,0.00,0.00,0.00,0.00
2026-07-22 11:43:00.868,47.935,0.00,0.00,0.00,0.00,0.00,0.00
2026-07-22 11:43:00.868,47.968,0.00,0.00,0.00,0.00,0.00,0.00
2026-07-22 11:43:00.868,48.002,0.00,0.00,0.00,0.00,0.00,0.00
2026-07-22 11:43:00.868,48.036,0.00,0.00,0.00,0.00,0.00,0.00
2026-07-22 11:43:00.868,48.069,0.00,0.00,0.00,0.00,0.00,0.00
2026-07-22 11:43:00.868,48.103,0.00,0.00,0.00,0.00,0.00,0.00
2026-07-22 11:43:00.868,48.136,0.00,0.00,0.00,0.00,0.00,0.00
2026-07-22 11:43:00.868,48.170,0.00,0.00,0.00,0.00,0.00,0.00
2026-07-22 11:43:00.868,48.204,0.00,0.00,0.00,0.00,0.00,0.00
2026-07-22 11:43:00.868,48.237,0.00,0.00,0.00,0.00,0.00,0.00
2026-07-22 11:43:00.868,48.271,0.00,0.00,0.00,0.00,0.00,0.00
2026-07-22 11:43:00.868,48.304,0.00,0.00,0.00,0.00,0.00,0.00
2026-07-22 11:43:00.868,48.339,0.00,0.00,0.00,0.00,0.00,0.00
2026-07-22 11:43:00.868,48.372,0.00,0.00,0.00,0.00,0.00,0.00
2026-07-22 11:43:00.868,48.406,0.00,0.00,0.00,0.00,0.00,0.00
2026-07-22 11:43:00.868,48.439,0.00,0.00,0.00,0.00,0.00,0.00
2026-07-22 11:43:00.868,48.473,0.00,0.00,0.00,0.00,0.00,0.00
2026-07-22 11:43:00.868,48.507,0.00,0.00,0.00,0.00,0.00,0.00
2026-07-22 11:43:00.868,48.540,0.00,0.00,0.00,0.00,0.00,0.00
2026-07-22 11:43:00.868,48.574,0.00,0.00,0.00,0.00,0.00,0.00
2026-07-22 11:43:00.868,48.607,0.00,0.00,0.00,0.00,0.00,0.00
2026-07-22 11:43:00.868,48.640,0.00,0.00,0.00,0.00,0.00,0.00
2026-07-22 11:43:00.868,48.673,0.00,0.00,0.00,0.00,0.00,0.00
2026-07-22 11:43:00.868,48.707,0.00,0.00,0.00,0.00,0.00,0.00
2026-07-22 11:43:00.868,48.740,0.00,0.00,0.00,0.00,0.00,0.00
2026-07-22 11:43:00.868,48.774,0.00,0.00,0.00,0.00,0.00,0.00
2026-07-22 11:43:00.868,48.807,0.00,0.00,0.00,0.00,0.00,0.00
2026-07-22 11:43:00.868,48.841,0.00,0.00,0.00,0.00,0.00,0.00
2026-07-22 11:43:00.868,48.875,0.00,0.00,0.00,0.00,0.00,0.00
2026-07-22 11:43:00.868,48.909,0.00,0.00,0.00,0.00,0.00,0.00
2026-07-22 11:43:00.868,48.942,0.00,0.00,0.00,0.00,0.00,0.00
2026-07-22 11:43:00.868,48.976,0.00,0.00,0.00,0.00,0.00,0.00
2026-07-22 11:43:00.868,49.009,0.00,0.00,0.00,0.00,0.00,0.00
2026-07-22 11:43:00.868,49.042,0.00,0.00,0.00,0.00,0.00,0.00
2026-07-22 11:43:00.868,49.076,0.00,0.00,0.00,0.00,0.00,0.00
2026-07-22 11:43:00.868,49.109,0.00,0.00,0.00,0.00,0.00,0.00
2026-07-22 11:43:00.868,49.143,0.00,0.00,0.00,0.00,0.00,0.00
2026-07-22 11:43:00.868,49.176,0.00,0.00,0.00,0.00,0.00,0.00
2026-07-22 11:43:00.868,49.210,0.00,0.00,0.00,0.00,0.00,0.00
2026-07-22 11:43:00.868,49.244,0.00,0.00,0.00,0.00,0.00,0.00
2026-07-22 11:43:00.868,49.277,0.00,0.00,0.00,0.00,0.00,0.00
2026-07-22 11:43:00.868,49.311,0.00,0.00,0.00,0.00,0.00,0.00
2026-07-22 11:43:00.868,49.344,0.00,0.00,0.00,0.00,0.00,0.00
2026-07-22 11:43:00.868,49.377,0.00,0.00,0.00,0.00,0.00,0.00
2026-07-22 11:43:00.868,49.411,0.00,0.00,0.00,0.00,0.00,0.00
2026-07-22 11:43:00.868,49.444,0.00,0.00,0.00,0.00,0.00,0.00
2026-07-22 11:43:00.868,49.478,0.00,0.00,0.00,0.00,0.00,0.00
2026-07-22 11:43:00.868,49.512,0.00,0.00,0.00,0.00,0.00,0.00
2026-07-22 11:43:00.868,49.545,0.00,0.00,0.00,0.00,0.00,0.00
2026-07-22 11:43:00.868,49.579,0.00,0.00,0.00,0.00,0.00,0.00
2026-07-22 11:43:00.868,49.612,0.00,0.00,0.00,0.00,0.00,0.00
2026-07-22 11:43:00.868,49.646,0.00,0.00,0.00,0.00,0.00,0.00
2026-07-22 11:43:00.868,49.679,0.00,0.00,0.00,0.00,0.00,0.00
2026-07-22 11:43:00.868,49.714,0.00,0.00,0.00,0.00,0.00,0.00
2026-07-22 11:43:00.868,49.747,0.00,0.00,0.00,0.00,0.00,0.00
2026-07-22 11:43:00.868,49.781,0.00,0.00,0.00,0.00,0.00,0.00
2026-07-22 11:43:00.868,49.814,0.00,0.00,0.00,0.00,0.00,0.00
2026-07-22 11:43:00.868,49.848,0.00,0.00,0.00,0.00,0.00,0.00
2026-07-22 11:43:00.868,49.881,0.00,0.00,0.00,0.00,0.00,0.00
2026-07-22 11:43:00.868,49.914,0.00,0.00,0.00,0.00,0.00,0.00
2026-07-22 11:43:00.868,49.948,0.00,0.00,0.00,0.00,0.00,0.00
2026-07-22 11:43:00.868,49.981,0.00,0.00,0.00,0.00,0.00,0.00
2026-07-22 11:43:00.868,50.014,0.00,0.00,0.00,0.00,0.00,0.00
2026-07-22 11:43:00.868,50.048,0.00,0.00,0.00,0.00,0.00,0.00
2026-07-22 11:43:00.868,50.081,0.00,0.00,0.00,0.00,0.00,0.00
2026-07-22 11:43:00.868,50.115,0.00,0.00,0.00,0.00,0.00,0.00
2026-07-22 11:43:00.868,50.148,0.00,0.00,0.00,0.00,0.00,0.00
2026-07-22 11:43:00.868,50.182,0.00,0.00,0.00,0.00,0.00,0.00
2026-07-22 11:43:00.868,50.215,0.00,0.00,0.00,0.00,0.00,0.00
2026-07-22 11:43:00.868,50.249,0.00,0.00,0.00,0.00,0.00,0.00
2026-07-22 11:43:00.868,50.282,0.00,0.00,0.00,0.00,0.00,0.00
2026-07-22 11:43:00.868,50.316,0.00,0.00,0.00,0.00,0.00,0.00
2026-07-22 11:43:00.868,50.349,0.00,0.00,0.00,0.00,0.00,0.00
2026-07-22 11:43:00.868,50.383,0.00,0.00,0.00,0.00,0.00,0.00
2026-07-22 11:43:00.868,50.416,0.00,0.00,0.00,0.00,0.00,0.00
2026-07-22 11:43:00.868,50.450,0.00,0.00,0.00,0.00,0.00,0.00
2026-07-22 11:43:00.868,50.483,0.00,0.00,0.00,0.00,0.00,0.00
2026-07-22 11:43:00.868,50.517,0.00,0.00,0.00,0.00,0.00,0.00
2026-07-22 11:43:00.868,50.550,0.00,0.00,0.00,0.00,0.00,0.00
2026-07-22 11:43:00.868,50.584,0.00,0.00,0.00,0.00,0.00,0.00
2026-07-22 11:43:00.868,50.617,0.00,0.00,0.00,0.00,0.00,0.00
2026-07-22 11:43:00.868,50.651,0.00,0.00,0.00,0.00,0.00,0.00
2026-07-22 11:43:00.868,50.684,0.00,0.00,0.00,0.00,0.00,0.00
2026-07-22 11:43:00.868,50.718,0.00,0.00,0.00,0.00,0.00,0.00
2026-07-22 11:43:00.868,50.751,0.00,0.00,0.00,0.00,0.00,0.00
2026-07-22 11:43:00.868,50.785,0.00,0.00,0.00,0.00,0.00,0.00
2026-07-22 11:43:00.868,50.819,0.00,0.00,0.00,0.00,0.00,0.00
2026-07-22 11:43:00.868,50.852,0.00,0.00,0.00,0.00,0.00,0.00
2026-07-22 11:43:00.868,50.886,0.00,0.00,0.00,0.00,0.00,0.00
2026-07-22 11:43:00.868,50.919,0.00,0.00,0.00,0.00,0.00,0.00
2026-07-22 11:43:00.868,50.953,0.00,0.00,0.00,0.00,0.00,0.00
2026-07-22 11:43:00.868,50.986,0.00,0.00,0.00,0.00,0.00,0.00
2026-07-22 11:43:00.868,51.020,0.00,0.00,0.00,0.00,0.00,0.00
2026-07-22 11:43:00.868,51.053,0.00,0.00,0.00,0.00,0.00,0.00
2026-07-22 11:43:00.868,51.087,0.00,0.00,0.00,0.00,0.00,0.00
2026-07-22 11:43:00.868,51.120,0.00,0.00,0.00,0.00,0.00,0.00
2026-07-22 11:43:00.868,51.154,0.00,0.00,0.00,0.00,0.00,0.00
2026-07-22 11:43:00.868,51.187,0.00,0.00,0.00,0.00,0.00,0.00
2026-07-22 11:43:00.868,51.220,0.00,0.00,0.00,0.00,0.00,0.00
2026-07-22 11:43:00.868,51.254,0.00,0.00,0.00,0.00,0.00,0.00
2026-07-22 11:43:00.868,51.287,0.00,0.00,0.00,0.00,0.00,0.00
2026-07-22 11:43:00.868,51.320,0.00,0.00,0.00,0.00,0.00,0.00
2026-07-22 11:43:00.868,51.354,0.00,0.00,0.00,0.00,0.00,0.00
2026-07-22 11:43:00.868,51.388,0.00,0.00,0.00,0.00,0.00,0.00
2026-07-22 11:43:00.868,51.421,0.00,0.00,0.00,0.00,0.00,0.00
2026-07-22 11:43:00.868,51.455,0.00,0.00,0.00,0.00,0.00,0.00
2026-07-22 11:43:00.868,51.488,0.00,0.00,0.00,0.00,0.00,0.00
2026-07-22 11:43:00.868,51.522,0.00,0.00,0.00,0.00,0.00,0.00
2026-07-22 11:43:00.868,51.555,0.00,0.00,0.00,0.00,0.00,0.00
2026-07-22 11:43:00.868,51.589,0.00,0.00,0.00,0.00,0.00,0.00
2026-07-22 11:43:00.868,51.622,0.00,0.00,0.00,0.00,0.00,0.00
2026-07-22 11:43:00.868,51.656,0.00,0.00,0.00,0.00,0.00,0.00
2026-07-22 11:43:00.868,51.690,0.00,0.00,0.00,0.00,0.00,0.00
2026-07-22 11:43:00.868,51.723,0.00,0.00,0.00,0.00,0.00,0.00
2026-07-22 11:43:00.868,51.757,0.00,0.00,0.00,0.00,0.00,0.00
2026-07-22 11:43:00.868,51.790,0.00,0.00,0.00,0.00,0.00,0.00
2026-07-22 11:43:00.868,51.823,0.00,0.00,0.00,0.00,0.00,0.00
2026-07-22 11:43:00.868,51.857,0.00,0.00,0.00,0.00,0.00,0.00
2026-07-22 11:43:00.868,51.891,0.00,0.00,0.00,0.00,0.00,0.00
2026-07-22 11:43:00.868,51.925,0.00,0.00,0.00,0.00,0.00,0.00
2026-07-22 11:43:00.868,51.958,0.00,0.00,0.00,0.00,0.00,0.00
2026-07-22 11:43:00.868,51.992,0.00,0.00,0.00,0.00,0.00,0.00
2026-07-22 11:43:00.868,52.025,0.00,0.00,0.00,0.00,0.00,0.00
2026-07-22 11:43:00.868,52.059,0.00,0.00,0.00,0.00,0.00,0.00
2026-07-22 11:43:00.868,52.092,0.00,0.00,0.00,0.00,0.00,0.00
2026-07-22 11:43:00.868,52.125,0.00,0.00,0.00,0.00,0.00,0.00
2026-07-22 11:43:00.868,52.159,0.00,0.00,0.00,0.00,0.00,0.00
2026-07-22 11:43:00.868,52.192,0.00,0.00,0.00,0.00,0.00,0.00
2026-07-22 11:43:00.868,52.225,0.00,0.00,0.00,0.00,0.00,0.00
2026-07-22 11:43:00.868,52.259,0.00,0.00,0.00,0.00,0.00,0.00
2026-07-22 11:43:00.868,52.292,0.00,0.00,0.00,0.00,0.00,0.00
2026-07-22 11:43:00.868,52.326,0.00,0.00,0.00,0.00,0.00,0.00
2026-07-22 11:43:00.868,52.359,0.00,0.00,0.00,0.00,0.00,0.00
2026-07-22 11:43:00.868,52.392,0.00,0.00,0.00,0.00,0.00,0.00
2026-07-22 11:43:00.868,52.426,0.00,0.00,0.00,0.00,0.00,0.00
2026-07-22 11:43:00.868,52.459,0.00,0.00,0.00,0.00,0.00,0.00
2026-07-22 11:43:00.868,52.492,0.00,0.00,0.00,0.00,0.00,0.00
2026-07-22 11:43:00.868,52.526,0.00,0.00,0.00,0.00,0.00,0.00
2026-07-22 11:43:00.868,52.559,0.00,0.00,0.00,0.00,0.00,0.00
2026-07-22 11:43:00.868,52.592,0.00,0.00,0.00,0.00,0.00,0.00
2026-07-22 11:43:00.868,52.626,0.00,0.00,0.00,0.00,0.00,0.00
2026-07-22 11:43:00.868,52.660,0.00,0.00,0.00,0.00,0.00,0.00
2026-07-22 11:43:00.868,52.693,0.00,0.00,0.00,0.00,0.00,0.00
2026-07-22 11:43:00.868,52.727,0.00,0.00,0.00,0.00,0.00,0.00
2026-07-22 11:43:00.868,52.760,0.00,0.00,0.00,0.00,0.00,0.00
2026-07-22 11:43:00.868,52.793,0.00,0.00,0.00,0.00,0.00,0.00
2026-07-22 11:43:00.868,52.827,0.00,0.00,0.00,0.00,0.00,0.00
2026-07-22 11:43:00.868,52.860,0.00,0.00,0.00,0.00,0.00,0.00
2026-07-22 11:43:00.868,52.893,0.00,0.00,0.00,0.00,0.00,0.00
2026-07-22 11:43:00.868,52.927,0.00,0.00,0.00,0.00,0.00,0.00
2026-07-22 11:43:00.868,52.960,0.00,0.00,0.00,0.00,0.00,0.00
2026-07-22 11:43:00.868,52.994,0.00,0.00,0.00,0.00,0.00,0.00
2026-07-22 11:43:00.868,53.027,0.00,0.00,0.00,0.00,0.00,0.00
2026-07-22 11:43:00.868,53.061,0.00,0.00,0.00,0.00,0.00,0.00
2026-07-22 11:43:00.868,53.094,0.00,0.00,0.00,0.00,0.00,0.00
2026-07-22 11:43:00.868,53.127,0.00,0.00,0.00,0.00,0.00,0.00
2026-07-22 11:43:00.868,53.160,0.00,0.00,0.00,0.00,0.00,0.00
2026-07-22 11:43:00.868,53.194,0.00,0.00,0.00,0.00,0.00,0.00
2026-07-22 11:43:00.868,53.227,0.00,0.00,0.00,0.00,0.00,0.00
2026-07-22 11:43:00.868,53.261,0.00,0.00,0.00,0.00,0.00,0.00
2026-07-22 11:43:00.869,53.294,0.00,0.00,0.00,0.00,0.00,0.00
2026-07-22 11:43:00.869,53.327,0.00,0.00,0.00,0.00,0.00,0.00
2026-07-22 11:43:00.869,53.361,0.00,0.00,0.00,0.00,0.00,0.00
2026-07-22 11:43:00.869,53.394,0.00,0.00,0.00,0.00,0.00,0.00
2026-07-22 11:43:00.869,53.428,0.00,0.00,0.00,0.00,0.00,0.00
2026-07-22 11:43:00.869,53.461,0.00,0.00,0.00,0.00,0.00,0.00
2026-07-22 11:43:00.869,53.495,0.00,0.00,0.00,0.00,0.00,0.00
2026-07-22 11:43:00.869,53.528,0.00,0.00,0.00,0.00,0.00,0.00
2026-07-22 11:43:00.869,53.562,0.00,0.00,0.00,0.00,0.00,0.00
2026-07-22 11:43:00.869,53.595,0.00,0.00,0.00,0.00,0.00,0.00
2026-07-22 11:43:00.869,53.628,0.00,0.00,0.00,0.00,0.00,0.00
2026-07-22 11:43:00.869,53.662,0.00,0.00,0.00,0.00,0.00,0.00
2026-07-22 11:43:00.869,53.695,0.00,0.00,0.00,0.00,0.00,0.00
2026-07-22 11:43:00.869,53.728,0.00,0.00,0.00,0.00,0.00,0.00
2026-07-22 11:43:00.869,53.762,0.00,0.00,0.00,0.00,0.00,0.00
2026-07-22 11:43:00.869,53.795,0.00,0.00,0.00,0.00,0.00,0.00
2026-07-22 11:43:00.869,53.828,0.00,0.00,0.00,0.00,0.00,0.00
2026-07-22 11:43:00.869,53.862,0.00,0.00,0.00,0.00,0.00,0.00
2026-07-22 11:43:00.869,53.895,0.00,0.00,0.00,0.00,0.00,0.00
2026-07-22 11:43:00.869,53.929,0.00,0.00,0.00,0.00,0.00,0.00
2026-07-22 11:43:00.869,53.962,0.00,0.00,0.00,0.00,0.00,0.00
2026-07-22 11:43:00.869,53.996,0.00,0.00,0.00,0.00,0.00,0.00
2026-07-22 11:43:00.869,54.029,0.00,0.00,0.00,0.00,0.00,0.00
2026-07-22 11:43:00.869,54.063,0.00,0.00,0.00,0.00,0.00,0.00
2026-07-22 11:43:00.869,54.098,0.00,0.00,0.00,0.00,0.00,0.00
2026-07-22 11:43:00.869,54.132,0.00,0.00,0.00,0.00,0.00,0.00
2026-07-22 11:43:00.869,54.165,0.00,0.00,0.00,0.00,0.00,0.00
2026-07-22 11:43:00.869,54.199,0.00,0.00,0.00,0.00,0.00,0.00
2026-07-22 11:43:00.869,54.232,0.00,0.00,0.00,0.00,0.00,0.00
2026-07-22 11:43:00.869,54.265,0.00,0.00,0.00,0.00,0.00,0.00
2026-07-22 11:43:00.869,54.299,0.00,0.00,0.00,0.00,0.00,0.00
2026-07-22 11:43:00.869,54.332,0.00,0.00,0.00,0.00,0.00,0.00
2026-07-22 11:43:00.869,54.365,0.00,0.00,0.00,0.00,0.00,0.00
2026-07-22 11:43:00.869,54.399,0.00,0.00,0.00,0.00,0.00,0.00
2026-07-22 11:43:00.869,54.433,0.00,0.00,0.00,0.00,0.00,0.00
2026-07-22 11:43:00.869,54.466,0.00,0.00,0.00,0.00,0.00,0.00
2026-07-22 11:43:00.869,54.500,0.00,0.00,0.00,0.00,0.00,0.00
2026-07-22 11:43:00.869,54.533,0.00,0.00,0.00,0.00,0.00,0.00
2026-07-22 11:43:00.869,54.567,0.00,0.00,0.00,0.00,0.00,0.00
2026-07-22 11:43:00.869,54.600,0.00,0.00,0.00,0.00,0.00,0.00
2026-07-22 11:43:00.869,54.634,0.00,0.00,0.00,0.00,0.00,0.00
2026-07-22 11:43:00.869,54.667,0.00,0.00,0.00,0.00,0.00,0.00
2026-07-22 11:43:00.869,54.701,0.00,0.00,0.00,0.00,0.00,0.00
2026-07-22 11:43:00.869,54.735,0.00,0.00,0.00,0.00,0.00,0.00
2026-07-22 11:43:00.869,54.769,0.00,0.00,0.00,0.00,0.00,0.00
2026-07-22 11:43:00.869,54.802,0.00,0.00,0.00,0.00,0.00,0.00
2026-07-22 11:43:00.869,54.836,0.00,0.00,0.00,0.00,0.00,0.00
2026-07-22 11:43:00.869,54.869,0.00,0.00,0.00,0.00,0.00,0.00
2026-07-22 11:43:00.869,54.903,0.00,0.00,0.00,0.00,0.00,0.00
2026-07-22 11:43:00.869,54.936,0.00,0.00,0.00,0.00,0.00,0.00
2026-07-22 11:43:00.869,54.970,0.00,0.00,0.00,0.00,0.00,0.00
2026-07-22 11:43:00.869,55.003,0.00,0.00,0.00,0.00,0.00,0.00
2026-07-22 11:43:00.869,55.037,0.00,0.00,0.00,0.00,0.00,0.00
2026-07-22 11:43:00.869,55.070,0.00,0.00,0.00,0.00,0.00,0.00
2026-07-22 11:43:00.869,55.104,0.00,0.00,0.00,0.00,0.00,0.00
2026-07-22 11:43:00.869,55.138,0.00,0.00,0.00,0.00,0.00,0.00
2026-07-22 11:43:00.869,55.171,0.00,0.00,0.00,0.00,0.00,0.00
2026-07-22 11:43:00.869,55.204,0.00,0.00,0.00,0.00,0.00,0.00
2026-07-22 11:43:00.869,55.238,0.00,0.00,0.00,0.00,0.00,0.00
2026-07-22 11:43:00.869,55.274,0.00,0.00,0.00,0.00,0.00,0.00
2026-07-22 11:43:00.869,55.308,0.00,0.00,0.00,0.00,0.00,0.00
2026-07-22 11:43:00.869,55.341,0.00,0.00,0.00,0.00,0.00,0.00
2026-07-22 11:43:00.869,55.376,0.00,0.00,0.00,0.00,0.00,0.00
2026-07-22 11:43:00.869,55.409,0.00,0.00,0.00,0.00,0.00,0.00
2026-07-22 11:43:00.869,55.443,0.00,0.00,0.00,0.00,0.00,0.00
2026-07-22 11:43:00.869,55.477,0.00,0.00,0.00,0.00,0.00,0.00
2026-07-22 11:43:00.869,55.510,0.00,0.00,0.00,0.00,0.00,0.00
2026-07-22 11:43:00.869,55.543,0.00,0.00,0.00,0.00,0.00,0.00
2026-07-22 11:43:00.869,55.577,0.00,0.00,0.00,0.00,0.00,0.00
2026-07-22 11:43:00.869,55.611,0.00,0.00,0.00,0.00,0.00,0.00
2026-07-22 11:43:00.869,55.644,0.00,0.00,0.00,0.00,0.00,0.00
2026-07-22 11:43:00.869,55.678,0.00,0.00,0.00,0.00,0.00,0.00
2026-07-22 11:43:00.869,55.711,0.00,0.00,0.00,0.00,0.00,0.00
2026-07-22 11:43:00.869,55.745,0.00,0.00,0.00,0.00,0.00,0.00
2026-07-22 11:43:00.869,55.778,0.00,0.00,0.00,0.00,0.00,0.00
2026-07-22 11:43:00.869,55.812,0.00,0.00,0.00,0.00,0.00,0.00
2026-07-22 11:43:00.869,55.846,0.00,0.00,0.00,0.00,0.00,0.00
2026-07-22 11:43:00.869,55.879,0.00,0.00,0.00,0.00,0.00,0.00
2026-07-22 11:43:00.869,55.913,0.00,0.00,0.00,0.00,0.00,0.00
2026-07-22 11:43:00.869,55.946,0.00,0.00,0.00,0.00,0.00,0.00
2026-07-22 11:43:00.869,55.980,0.00,0.00,0.00,0.00,0.00,0.00
2026-07-22 11:43:00.869,56.014,0.00,0.00,0.00,0.00,0.00,0.00
2026-07-22 11:43:00.869,56.047,0.00,0.00,0.00,0.00,0.00,0.00
2026-07-22 11:43:00.869,56.083,0.00,0.00,0.00,0.00,0.00,0.00
2026-07-22 11:43:00.869,56.116,0.00,0.00,0.00,0.00,0.00,0.00
2026-07-22 11:43:00.869,56.150,0.00,0.00,0.00,0.00,0.00,0.00
2026-07-22 11:43:00.869,56.183,0.00,0.00,0.00,0.00,0.00,0.00
2026-07-22 11:43:00.869,56.217,0.00,0.00,0.00,0.00,0.00,0.00
2026-07-22 11:43:00.869,56.250,0.00,0.00,0.00,0.00,0.00,0.00
2026-07-22 11:43:00.869,56.283,0.00,0.00,0.00,0.00,0.00,0.00
2026-07-22 11:43:00.869,56.317,0.00,0.00,0.00,0.00,0.00,0.00
2026-07-22 11:43:00.869,56.351,0.00,0.00,0.00,0.00,0.00,0.00
2026-07-22 11:43:00.869,56.384,0.00,0.00,0.00,0.00,0.00,0.00
2026-07-22 11:43:00.869,56.417,0.00,0.00,0.00,0.00,0.00,0.00
2026-07-22 11:43:00.869,56.450,0.00,0.00,0.00,0.00,0.00,0.00
2026-07-22 11:43:00.869,56.484,0.00,0.00,0.00,0.00,0.00,0.00
2026-07-22 11:43:00.869,56.517,0.00,0.00,0.00,0.00,0.00,0.00
2026-07-22 11:43:00.869,56.551,0.00,0.00,0.00,0.00,0.00,0.00
2026-07-22 11:43:00.869,56.585,0.00,0.00,0.00,0.00,0.00,0.00
2026-07-22 11:43:00.869,56.618,0.00,0.00,0.00,0.00,0.00,0.00
2026-07-22 11:43:00.869,56.651,0.00,0.00,0.00,0.00,0.00,0.00
2026-07-22 11:43:00.869,56.685,0.00,0.00,0.00,0.00,0.00,0.00
2026-07-22 11:43:00.869,56.719,0.00,0.00,0.00,0.00,0.00,0.00
2026-07-22 11:43:00.869,56.752,0.00,0.00,0.00,0.00,0.00,0.00
2026-07-22 11:43:00.869,56.786,0.00,0.00,0.00,0.00,0.00,0.00
2026-07-22 11:43:00.869,56.819,0.00,0.00,0.00,0.00,0.00,0.00
2026-07-22 11:43:00.869,56.853,0.00,0.00,0.00,0.00,0.00,0.00
2026-07-22 11:43:00.869,56.886,0.00,0.00,0.00,0.00,0.00,0.00
2026-07-22 11:43:00.869,56.919,0.00,0.00,0.00,0.00,0.00,0.00
2026-07-22 11:43:00.869,56.953,0.00,0.00,0.00,0.00,0.00,0.00
2026-07-22 11:43:00.869,56.986,0.00,0.00,0.00,0.00,0.00,0.00
2026-07-22 11:43:00.869,57.020,0.00,0.00,0.00,0.00,0.00,0.00
2026-07-22 11:43:00.869,57.053,0.00,0.00,0.00,0.00,0.00,0.00
2026-07-22 11:43:00.869,57.087,0.00,0.00,0.00,0.00,0.00,0.00
2026-07-22 11:43:00.869,57.120,0.00,0.00,0.00,0.00,0.00,0.00
2026-07-22 11:43:00.869,57.154,0.00,0.00,0.00,0.00,0.00,0.00
2026-07-22 11:43:00.869,57.187,0.00,0.00,0.00,0.00,0.00,0.00
2026-07-22 11:43:00.869,57.221,0.00,0.00,0.00,0.00,0.00,0.00
2026-07-22 11:43:00.869,57.255,0.00,0.00,0.00,0.00,0.00,0.00
2026-07-22 11:43:00.869,57.288,0.00,0.00,0.00,0.00,0.00,0.00
2026-07-22 11:43:00.869,57.322,0.00,0.00,0.00,0.00,0.00,0.00
2026-07-22 11:43:00.869,57.356,0.00,0.00,0.00,0.00,0.00,0.00
2026-07-22 11:43:00.869,57.390,0.00,0.00,0.00,0.00,0.00,0.00
2026-07-22 11:43:00.869,57.423,0.00,0.00,0.00,0.00,0.00,0.00
2026-07-22 11:43:00.869,57.457,0.00,0.00,0.00,0.00,0.00,0.00
2026-07-22 11:43:00.869,57.491,0.00,0.00,0.00,0.00,0.00,0.00
2026-07-22 11:43:00.869,57.524,0.00,0.00,0.00,0.00,0.00,0.00
2026-07-22 11:43:00.869,57.558,0.00,0.00,0.00,0.00,0.00,0.00
2026-07-22 11:43:00.869,57.591,0.00,0.00,0.00,0.00,0.00,0.00
2026-07-22 11:43:00.869,57.625,0.00,0.00,0.00,0.00,0.00,0.00
2026-07-22 11:43:00.869,57.659,0.00,0.00,0.00,0.00,0.00,0.00
2026-07-22 11:43:00.869,57.692,0.00,0.00,0.00,0.00,0.00,0.00
2026-07-22 11:43:00.869,57.726,0.00,0.00,0.00,0.00,0.00,0.00
2026-07-22 11:43:00.869,57.759,0.00,0.00,0.00,0.00,0.00,0.00
2026-07-22 11:43:00.869,57.792,0.00,0.00,0.00,0.00,0.00,0.00
2026-07-22 11:43:00.869,57.826,0.00,0.00,0.00,0.00,0.00,0.00
2026-07-22 11:43:00.869,57.859,0.00,0.00,0.00,0.00,0.00,0.00
2026-07-22 11:43:00.869,57.892,0.00,0.00,0.00,0.00,0.00,0.00
2026-07-22 11:43:00.869,57.926,0.00,0.00,0.00,0.00,0.00,0.00
2026-07-22 11:43:00.869,57.959,0.00,0.00,0.00,0.00,0.00,0.00
2026-07-22 11:43:00.869,57.993,0.00,0.00,0.00,0.00,0.00,0.00
2026-07-22 11:43:00.869,58.026,0.00,0.00,0.00,0.00,0.00,0.00
2026-07-22 11:43:00.869,58.059,0.00,0.00,0.00,0.00,0.00,0.00
2026-07-22 11:43:00.869,58.093,0.00,0.00,0.00,0.00,0.00,0.00
2026-07-22 11:43:00.869,58.127,0.00,0.00,0.00,0.00,0.00,0.00
2026-07-22 11:43:00.869,58.160,0.00,0.00,0.00,0.00,0.00,0.00
2026-07-22 11:43:00.869,58.194,0.00,0.00,0.00,0.00,0.00,0.00
2026-07-22 11:43:00.869,58.228,0.00,0.00,0.00,0.00,0.00,0.00
2026-07-22 11:43:00.869,58.262,0.00,0.00,0.00,0.00,0.00,0.00
2026-07-22 11:43:00.869,58.295,0.00,0.00,0.00,0.00,0.00,0.00
2026-07-22 11:43:00.869,58.328,0.00,0.00,0.00,0.00,0.00,0.00
2026-07-22 11:43:00.869,58.362,0.00,0.00,0.00,0.00,0.00,0.00
2026-07-22 11:43:00.869,58.395,0.00,0.00,0.00,0.00,0.00,0.00
2026-07-22 11:43:00.869,58.428,0.00,0.00,0.00,0.00,0.00,0.00
2026-07-22 11:43:00.869,58.462,0.00,0.00,0.00,0.00,0.00,0.00
2026-07-22 11:43:00.869,58.495,0.00,0.00,0.00,0.00,0.00,0.00
2026-07-22 11:43:00.869,58.529,0.00,0.00,0.00,0.00,0.00,0.00
2026-07-22 11:43:00.869,58.562,0.00,0.00,0.00,0.00,0.00,0.00
2026-07-22 11:43:00.869,58.596,0.00,0.00,0.00,0.00,0.00,0.00
2026-07-22 11:43:00.869,58.630,0.00,0.00,0.00,0.00,0.00,0.00
2026-07-22 11:43:00.869,58.664,0.00,0.00,0.00,0.00,0.00,0.00
2026-07-22 11:43:00.869,58.697,0.00,0.00,0.00,0.00,0.00,0.00
2026-07-22 11:43:00.869,58.731,0.00,0.00,0.00,0.00,0.00,0.00
2026-07-22 11:43:00.869,58.765,0.00,0.00,0.00,0.00,0.00,0.00
2026-07-22 11:43:00.869,58.798,0.00,0.00,0.00,0.00,0.00,0.00
2026-07-22 11:43:00.869,58.832,0.00,0.00,0.00,0.00,0.00,0.00
2026-07-22 11:43:00.869,58.865,0.00,0.00,0.00,0.00,0.00,0.00
2026-07-22 11:43:00.869,58.898,0.00,0.00,0.00,0.00,0.00,0.00
2026-07-22 11:43:00.869,58.932,0.00,0.00,0.00,0.00,0.00,0.00
2026-07-22 11:43:00.869,58.965,0.00,0.00,0.00,0.00,0.00,0.00
2026-07-22 11:43:00.869,58.999,0.00,0.00,0.00,0.00,0.00,0.00
2026-07-22 11:43:00.869,59.032,0.00,0.00,0.00,0.00,0.00,0.00
2026-07-22 11:43:00.869,59.066,0.00,0.00,0.00,0.00,0.00,0.00
2026-07-22 11:43:00.869,59.099,0.00,0.00,0.00,0.00,0.00,0.00
2026-07-22 11:43:00.869,59.133,0.00,0.00,0.00,0.00,0.00,0.00
2026-07-22 11:43:00.869,59.166,0.00,0.00,0.00,0.00,0.00,0.00
2026-07-22 11:43:00.869,59.200,0.00,0.00,0.00,0.00,0.00,0.00
2026-07-22 11:43:00.869,59.233,0.00,0.00,0.00,0.00,0.00,0.00
2026-07-22 11:43:00.869,59.267,0.00,0.00,0.00,0.00,0.00,0.00
2026-07-22 11:43:00.869,59.300,0.00,0.00,0.00,0.00,0.00,0.00
2026-07-22 11:43:00.869,59.334,0.00,0.00,0.00,0.00,0.00,0.00
2026-07-22 11:43:00.869,59.368,0.00,0.00,0.00,0.00,0.00,0.00
2026-07-22 11:43:00.869,59.401,0.00,0.00,0.00,0.00,0.00,0.00
2026-07-22 11:43:00.869,59.435,0.00,0.00,0.00,0.00,0.00,0.00
2026-07-22 11:43:00.869,59.468,0.00,0.00,0.00,0.00,0.00,0.00
2026-07-22 11:43:00.869,59.502,0.00,0.00,0.00,0.00,0.00,0.00
2026-07-22 11:43:00.869,59.535,0.00,0.00,0.00,0.00,0.00,0.00
2026-07-22 11:43:00.869,59.568,0.00,0.00,0.00,0.00,0.00,0.00
2026-07-22 11:43:00.869,59.603,0.00,0.00,0.00,0.00,0.00,0.00
2026-07-22 11:43:00.869,59.636,0.00,0.00,0.00,0.00,0.00,0.00
2026-07-22 11:43:00.869,59.669,0.00,0.00,0.00,0.00,0.00,0.00
2026-07-22 11:43:00.869,59.703,0.00,0.00,0.00,0.00,0.00,0.00
2026-07-22 11:43:00.869,59.736,0.00,0.00,0.00,0.00,0.00,0.00
2026-07-22 11:43:00.869,59.769,0.00,0.00,0.00,0.00,0.00,0.00
2026-07-22 11:43:00.869,59.803,0.00,0.00,0.00,0.00,0.00,0.00
2026-07-22 11:43:00.869,59.837,0.00,0.00,0.00,0.00,0.00,0.00
2026-07-22 11:43:00.869,59.871,0.00,0.00,0.00,0.00,0.00,0.00
2026-07-22 11:43:00.869,59.904,0.00,0.00,0.00,0.00,0.00,0.00
2026-07-22 11:43:00.869,59.938,0.00,0.00,0.00,0.00,0.00,0.00
2026-07-22 11:43:00.869,59.971,0.00,0.00,0.00,0.00,0.00,0.00
