timestamp,elapsed_s,shoulder_pan_deg,shoulder_lift_deg,elbow_flex_deg,wrist_flex_deg,wrist_roll_deg,gripper_deg
2026-07-22 11:44:30.519,0.004,183.16,181.23,180.44,178.15,181.76,172.79
2026-07-22 11:44:30.519,0.041,183.16,181.23,180.44,178.15,181.76,172.79
2026-07-22 11:44:30.519,0.079,183.16,181.23,180.44,178.15,181.76,172.79
2026-07-22 11:44:30.519,0.120,183.16,181.23,180.44,178.15,181.76,172.79
2026-07-22 11:44:30.519,0.158,183.16,181.23,180.44,178.15,181.76,172.79
2026-07-22 11:44:30.519,0.229,183.16,181.23,180.44,178.15,181.76,0.00
2026-07-22 11:44:30.519,0.263,0.00,0.00,0.00,0.00,0.00,0.00
2026-07-22 11:44:30.519,0.297,0.00,0.00,0.00,0.00,0.00,0.00
2026-07-22 11:44:30.519,0.330,0.00,0.00,0.00,0.00,0.00,0.00
2026-07-22 11:44:30.519,0.364,0.00,0.00,0.00,0.00,0.00,0.00
2026-07-22 11:44:30.519,0.397,0.00,0.00,0.00,0.00,0.00,0.00
2026-07-22 11:44:30.519,0.430,0.00,0.00,0.00,0.00,0.00,0.00
2026-07-22 11:44:30.519,0.463,0.00,0.00,0.00,0.00,0.00,0.00
2026-07-22 11:44:30.519,0.497,0.00,0.00,0.00,0.00,0.00,0.00
2026-07-22 11:44:30.519,0.531,0.00,0.00,0.00,0.00,0.00,0.00
2026-07-22 11:44:30.519,0.565,0.00,0.00,0.00,0.00,0.00,0.00
2026-07-22 11:44:30.519,0.599,0.00,0.00,0.00,0.00,0.00,0.00
2026-07-22 11:44:30.519,0.633,0.00,0.00,0.00,0.00,0.00,0.00
2026-07-22 11:44:30.519,0.666,0.00,0.00,0.00,0.00,0.00,0.00
2026-07-22 11:44:30.519,0.700,0.00,0.00,0.00,0.00,0.00,0.00
2026-07-22 11:44:30.519,0.733,0.00,0.00,0.00,0.00,0.00,0.00
2026-07-22 11:44:30.519,0.767,0.00,0.00,0.00,0.00,0.00,0.00
2026-07-22 11:44:30.519,0.800,0.00,0.00,0.00,0.00,0.00,0.00
2026-07-22 11:44:30.519,0.834,0.00,0.00,0.00,0.00,0.00,0.00
2026-07-22 11:44:30.519,0.868,0.00,0.00,0.00,0.00,0.00,0.00
2026-07-22 11:44:30.519,0.901,0.00,0.00,0.00,0.00,0.00,0.00
2026-07-22 11:44:30.519,0.934,0.00,0.00,0.00,0.00,0.00,0.00
2026-07-22 11:44:30.519,0.968,0.00,0.00,0.00,0.00,0.00,0.00
2026-07-22 11:44:30.519,1.002,0.00,0.00,0.00,0.00,0.00,0.00
2026-07-22 11:44:30.519,1.035,0.00,0.00,0.00,0.00,0.00,0.00
2026-07-22 11:44:30.519,1.069,0.00,0.00,0.00,0.00,0.00,0.00
2026-07-22 11:44:30.519,1.102,0.00,0.00,0.00,0.00,0.00,0.00
2026-07-22 11:44:30.519,1.136,0.00,0.00,0.00,0.00,0.00,0.00
2026-07-22 11:44:30.519,1.169,0.00,0.00,0.00,0.00,0.00,0.00
2026-07-22 11:44:30.519,1.202,0.00,0.00,0.00,0.00,0.00,0.00
2026-07-22 11:44:30.519,1.236,0.00,0.00,0.00,0.00,0.00,0.00
2026-07-22 11:44:30.519,1.270,0.00,0.00,0.00,0.00,0.00,0.00
2026-07-22 11:44:30.519,1.303,0.00,0.00,0.00,0.00,0.00,0.00
2026-07-22 11:44:30.519,1.337,0.00,0.00,0.00,0.00,0.00,0.00
2026-07-22 11:44:30.519,1.370,0.00,0.00,0.00,0.00,0.00,0.00
2026-07-22 11:44:30.519,1.404,0.00,0.00,0.00,0.00,0.00,0.00
2026-07-22 11:44:30.519,1.438,0.00,0.00,0.00,0.00,0.00,0.00
2026-07-22 11:44:30.519,1.471,0.00,0.00,0.00,0.00,0.00,0.00
2026-07-22 11:44:30.519,1.505,0.00,0.00,0.00,0.00,0.00,0.00
2026-07-22 11:44:30.519,1.538,0.00,0.00,0.00,0.00,0.00,0.00
2026-07-22 11:44:30.519,1.572,0.00,0.00,0.00,0.00,0.00,0.00
2026-07-22 11:44:30.519,1.606,0.00,0.00,0.00,0.00,0.00,0.00
2026-07-22 11:44:30.519,1.640,0.00,0.00,0.00,0.00,0.00,0.00
2026-07-22 11:44:30.519,1.673,0.00,0.00,0.00,0.00,0.00,0.00
2026-07-22 11:44:30.519,1.706,0.00,0.00,0.00,0.00,0.00,0.00
2026-07-22 11:44:30.519,1.740,0.00,0.00,0.00,0.00,0.00,0.00
2026-07-22 11:44:30.519,1.774,0.00,0.00,0.00,0.00,0.00,0.00
2026-07-22 11:44:30.519,1.807,0.00,0.00,0.00,0.00,0.00,0.00
2026-07-22 11:44:30.519,1.840,0.00,0.00,0.00,0.00,0.00,0.00
2026-07-22 11:44:30.519,1.874,0.00,0.00,0.00,0.00,0.00,0.00
2026-07-22 11:44:30.519,1.908,0.00,0.00,0.00,0.00,0.00,0.00
2026-07-22 11:44:30.519,1.941,0.00,0.00,0.00,0.00,0.00,0.00
2026-07-22 11:44:30.519,1.975,0.00,0.00,0.00,0.00,0.00,0.00
2026-07-22 11:44:30.519,2.008,0.00,0.00,0.00,0.00,0.00,0.00
2026-07-22 11:44:30.519,2.041,0.00,0.00,0.00,0.00,0.00,0.00
2026-07-22 11:44:30.519,2.075,0.00,0.00,0.00,0.00,0.00,0.00
2026-07-22 11:44:30.519,2.108,0.00,0.00,0.00,0.00,0.00,0.00
2026-07-22 11:44:30.519,2.142,0.00,0.00,0.00,0.00,0.00,0.00
2026-07-22 11:44:30.519,2.175,0.00,0.00,0.00,0.00,0.00,0.00
2026-07-22 11:44:30.519,2.208,0.00,0.00,0.00,0.00,0.00,0.00
2026-07-22 11:44:30.519,2.242,0.00,0.00,0.00,0.00,0.00,0.00
2026-07-22 11:44:30.519,2.276,0.00,0.00,0.00,0.00,0.00,0.00
2026-07-22 11:44:30.519,2.309,0.00,0.00,0.00,0.00,0.00,0.00
2026-07-22 11:44:30.519,2.343,0.00,0.00,0.00,0.00,0.00,0.00
2026-07-22 11:44:30.519,2.377,0.00,0.00,0.00,0.00,0.00,0.00
2026-07-22 11:44:30.519,2.410,0.00,0.00,0.00,0.00,0.00,0.00
2026-07-22 11:44:30.519,2.444,0.00,0.00,0.00,0.00,0.00,0.00
2026-07-22 11:44:30.519,2.478,0.00,0.00,0.00,0.00,0.00,0.00
2026-07-22 11:44:30.519,2.511,0.00,0.00,0.00,0.00,0.00,0.00
2026-07-22 11:44:30.519,2.545,0.00,0.00,0.00,0.00,0.00,0.00
2026-07-22 11:44:30.519,2.578,0.00,0.00,0.00,0.00,0.00,0.00
2026-07-22 11:44:30.519,2.612,0.00,0.00,0.00,0.00,0.00,0.00
2026-07-22 11:44:30.519,2.646,0.00,0.00,0.00,0.00,0.00,0.00
2026-07-22 11:44:30.519,2.679,0.00,0.00,0.00,0.00,0.00,0.00
2026-07-22 11:44:30.519,2.713,0.00,0.00,0.00,0.00,0.00,0.00
2026-07-22 11:44:30.519,2.747,0.00,0.00,0.00,0.00,0.00,0.00
2026-07-22 11:44:30.519,2.780,0.00,0.00,0.00,0.00,0.00,0.00
2026-07-22 11:44:30.519,2.814,0.00,0.00,0.00,0.00,0.00,0.00
2026-07-22 11:44:30.519,2.848,0.00,0.00,0.00,0.00,0.00,0.00
2026-07-22 11:44:30.519,2.881,0.00,0.00,0.00,0.00,0.00,0.00
2026-07-22 11:44:30.519,2.915,0.00,0.00,0.00,0.00,0.00,0.00
2026-07-22 11:44:30.519,2.948,0.00,0.00,0.00,0.00,0.00,0.00
2026-07-22 11:44:30.519,2.982,0.00,0.00,0.00,0.00,0.00,0.00
2026-07-22 11:44:30.519,3.015,0.00,0.00,0.00,0.00,0.00,0.00
2026-07-22 11:44:30.519,3.049,0.00,0.00,0.00,0.00,0.00,0.00
2026-07-22 11:44:30.519,3.082,0.00,0.00,0.00,0.00,0.00,0.00
2026-07-22 11:44:30.519,3.117,0.00,0.00,0.00,0.00,0.00,0.00
2026-07-22 11:44:30.519,3.150,0.00,0.00,0.00,0.00,0.00,0.00
2026-07-22 11:44:30.519,3.184,0.00,0.00,0.00,0.00,0.00,0.00
2026-07-22 11:44:30.519,3.218,0.00,0.00,0.00,0.00,0.00,0.00
2026-07-22 11:44:30.519,3.251,0.00,0.00,0.00,0.00,0.00,0.00
2026-07-22 11:44:30.519,3.285,0.00,0.00,0.00,0.00,0.00,0.00
2026-07-22 11:44:30.519,3.318,0.00,0.00,0.00,0.00,0.00,0.00
2026-07-22 11:44:30.519,3.352,0.00,0.00,0.00,0.00,0.00,0.00
2026-07-22 11:44:30.519,3.386,0.00,0.00,0.00,0.00,0.00,0.00
2026-07-22 11:44:30.519,3.419,0.00,0.00,0.00,0.00,0.00,0.00
2026-07-22 11:44:30.519,3.453,0.00,0.00,0.00,0.00,0.00,0.00
2026-07-22 11:44:30.519,3.486,0.00,0.00,0.00,0.00,0.00,0.00
2026-07-22 11:44:30.519,3.519,0.00,0.00,0.00,0.00,0.00,0.00
2026-07-22 11:44:30.519,3.553,0.00,0.00,0.00,0.00,0.00,0.00
2026-07-22 11:44:30.519,3.586,0.00,0.00,0.00,0.00,0.00,0.00
2026-07-22 11:44:30.519,3.620,0.00,0.00,0.00,0.00,0.00,0.00
2026-07-22 11:44:30.519,3.654,0.00,0.00,0.00,0.00,0.00,0.00
2026-07-22 11:44:30.519,3.688,0.00,0.00,0.00,0.00,0.00,0.00
2026-07-22 11:44:30.519,3.721,0.00,0.00,0.00,0.00,0.00,0.00
2026-07-22 11:44:30.519,3.755,0.00,0.00,0.00,0.00,0.00,0.00
2026-07-22 11:44:30.519,3.788,0.00,0.00,0.00,0.00,0.00,0.00
2026-07-22 11:44:30.519,3.822,0.00,0.00,0.00,0.00,0.00,0.00
2026-07-22 11:44:30.519,3.855,0.00,0.00,0.00,0.00,0.00,0.00
2026-07-22 11:44:30.519,3.889,0.00,0.00,0.00,0.00,0.00,0.00
2026-07-22 11:44:30.519,3.922,0.00,0.00,0.00,0.00,0.00,0.00
2026-07-22 11:44:30.519,3.956,0.00,0.00,0.00,0.00,0.00,0.00
2026-07-22 11:44:30.519,3.989,0.00,0.00,0.00,0.00,0.00,0.00
2026-07-22 11:44:30.519,4.023,0.00,0.00,0.00,0.00,0.00,0.00
2026-07-22 11:44:30.519,4.057,0.00,0.00,0.00,0.00,0.00,0.00
2026-07-22 11:44:30.519,4.090,0.00,0.00,0.00,0.00,0.00,0.00
2026-07-22 11:44:30.519,4.124,0.00,0.00,0.00,0.00,0.00,0.00
2026-07-22 11:44:30.519,4.157,0.00,0.00,0.00,0.00,0.00,0.00
2026-07-22 11:44:30.519,4.191,0.00,0.00,0.00,0.00,0.00,0.00
2026-07-22 11:44:30.519,4.225,0.00,0.00,0.00,0.00,0.00,0.00
2026-07-22 11:44:30.519,4.258,0.00,0.00,0.00,0.00,0.00,0.00
2026-07-22 11:44:30.519,4.292,0.00,0.00,0.00,0.00,0.00,0.00
2026-07-22 11:44:30.519,4.325,0.00,0.00,0.00,0.00,0.00,0.00
2026-07-22 11:44:30.519,4.358,0.00,0.00,0.00,0.00,0.00,0.00
2026-07-22 11:44:30.519,4.392,0.00,0.00,0.00,0.00,0.00,0.00
2026-07-22 11:44:30.519,4.426,0.00,0.00,0.00,0.00,0.00,0.00
2026-07-22 11:44:30.519,4.459,0.00,0.00,0.00,0.00,0.00,0.00
2026-07-22 11:44:30.519,4.493,0.00,0.00,0.00,0.00,0.00,0.00
2026-07-22 11:44:30.519,4.526,0.00,0.00,0.00,0.00,0.00,0.00
2026-07-22 11:44:30.519,4.560,0.00,0.00,0.00,0.00,0.00,0.00
2026-07-22 11:44:30.519,4.593,0.00,0.00,0.00,0.00,0.00,0.00
2026-07-22 11:44:30.519,4.628,0.00,0.00,0.00,0.00,0.00,0.00
2026-07-22 11:44:30.519,4.661,0.00,0.00,0.00,0.00,0.00,0.00
2026-07-22 11:44:30.519,4.694,0.00,0.00,0.00,0.00,0.00,0.00
2026-07-22 11:44:30.519,4.728,0.00,0.00,0.00,0.00,0.00,0.00
2026-07-22 11:44:30.519,4.761,0.00,0.00,0.00,0.00,0.00,0.00
2026-07-22 11:44:30.519,4.795,0.00,0.00,0.00,0.00,0.00,0.00
2026-07-22 11:44:30.519,4.828,0.00,0.00,0.00,0.00,0.00,0.00
2026-07-22 11:44:30.519,4.861,0.00,0.00,0.00,0.00,0.00,0.00
2026-07-22 11:44:30.519,4.895,0.00,0.00,0.00,0.00,0.00,0.00
2026-07-22 11:44:30.519,4.928,0.00,0.00,0.00,0.00,0.00,0.00
2026-07-22 11:44:30.519,4.962,0.00,0.00,0.00,0.00,0.00,0.00
2026-07-22 11:44:30.519,4.996,0.00,0.00,0.00,0.00,0.00,0.00
2026-07-22 11:44:30.519,5.029,0.00,0.00,0.00,0.00,0.00,0.00
2026-07-22 11:44:30.519,5.062,0.00,0.00,0.00,0.00,0.00,0.00
2026-07-22 11:44:30.519,5.096,0.00,0.00,0.00,0.00,0.00,0.00
2026-07-22 11:44:30.519,5.129,0.00,0.00,0.00,0.00,0.00,0.00
2026-07-22 11:44:30.519,5.163,0.00,0.00,0.00,0.00,0.00,0.00
2026-07-22 11:44:30.519,5.196,0.00,0.00,0.00,0.00,0.00,0.00
2026-07-22 11:44:30.519,5.229,0.00,0.00,0.00,0.00,0.00,0.00
2026-07-22 11:44:30.519,5.263,0.00,0.00,0.00,0.00,0.00,0.00
2026-07-22 11:44:30.519,5.296,0.00,0.00,0.00,0.00,0.00,0.00
2026-07-22 11:44:30.519,5.330,0.00,0.00,0.00,0.00,0.00,0.00
2026-07-22 11:44:30.519,5.364,0.00,0.00,0.00,0.00,0.00,0.00
2026-07-22 11:44:30.519,5.397,0.00,0.00,0.00,0.00,0.00,0.00
2026-07-22 11:44:30.519,5.430,0.00,0.00,0.00,0.00,0.00,0.00
2026-07-22 11:44:30.519,5.464,0.00,0.00,0.00,0.00,0.00,0.00
2026-07-22 11:44:30.519,5.497,0.00,0.00,0.00,0.00,0.00,0.00
2026-07-22 11:44:30.519,5.531,0.00,0.00,0.00,0.00,0.00,0.00
2026-07-22 11:44:30.519,5.564,0.00,0.00,0.00,0.00,0.00,0.00
2026-07-22 11:44:30.519,5.597,0.00,0.00,0.00,0.00,0.00,0.00
2026-07-22 11:44:30.519,5.631,0.00,0.00,0.00,0.00,0.00,0.00
2026-07-22 11:44:30.519,5.664,0.00,0.00,0.00,0.00,0.00,0.00
2026-07-22 11:44:30.519,5.698,0.00,0.00,0.00,0.00,0.00,0.00
2026-07-22 11:44:30.519,5.731,0.00,0.00,0.00,0.00,0.00,0.00
2026-07-22 11:44:30.519,5.765,0.00,0.00,0.00,0.00,0.00,0.00
2026-07-22 11:44:30.519,5.798,0.00,0.00,0.00,0.00,0.00,0.00
2026-07-22 11:44:30.519,5.831,0.00,0.00,0.00,0.00,0.00,0.00
2026-07-22 11:44:30.519,5.864,0.00,0.00,0.00,0.00,0.00,0.00
2026-07-22 11:44:30.519,5.898,0.00,0.00,0.00,0.00,0.00,0.00
2026-07-22 11:44:30.519,5.931,0.00,0.00,0.00,0.00,0.00,0.00
2026-07-22 11:44:30.519,5.965,0.00,0.00,0.00,0.00,0.00,0.00
2026-07-22 11:44:30.519,5.998,0.00,0.00,0.00,0.00,0.00,0.00
2026-07-22 11:44:30.519,6.031,0.00,0.00,0.00,0.00,0.00,0.00
2026-07-22 11:44:30.519,6.064,0.00,0.00,0.00,0.00,0.00,0.00
2026-07-22 11:44:30.519,6.098,0.00,0.00,0.00,0.00,0.00,0.00
2026-07-22 11:44:30.519,6.131,0.00,0.00,0.00,0.00,0.00,0.00
2026-07-22 11:44:30.520,6.165,0.00,0.00,0.00,0.00,0.00,0.00
2026-07-22 11:44:30.520,6.198,0.00,0.00,0.00,0.00,0.00,0.00
2026-07-22 11:44:30.520,6.232,0.00,0.00,0.00,0.00,0.00,0.00
2026-07-22 11:44:30.520,6.265,0.00,0.00,0.00,0.00,0.00,0.00
2026-07-22 11:44:30.520,6.298,0.00,0.00,0.00,0.00,0.00,0.00
2026-07-22 11:44:30.520,6.331,0.00,0.00,0.00,0.00,0.00,0.00
2026-07-22 11:44:30.520,6.365,0.00,0.00,0.00,0.00,0.00,0.00
2026-07-22 11:44:30.520,6.398,0.00,0.00,0.00,0.00,0.00,0.00
2026-07-22 11:44:30.520,6.432,0.00,0.00,0.00,0.00,0.00,0.00
2026-07-22 11:44:30.520,6.465,0.00,0.00,0.00,0.00,0.00,0.00
2026-07-22 11:44:30.520,6.498,0.00,0.00,0.00,0.00,0.00,0.00
2026-07-22 11:44:30.520,6.531,0.00,0.00,0.00,0.00,0.00,0.00
2026-07-22 11:44:30.520,6.565,0.00,0.00,0.00,0.00,0.00,0.00
2026-07-22 11:44:30.520,6.598,0.00,0.00,0.00,0.00,0.00,0.00
2026-07-22 11:44:30.520,6.632,0.00,0.00,0.00,0.00,0.00,0.00
2026-07-22 11:44:30.520,6.665,0.00,0.00,0.00,0.00,0.00,0.00
2026-07-22 11:44:30.520,6.698,0.00,0.00,0.00,0.00,0.00,0.00
2026-07-22 11:44:30.520,6.732,0.00,0.00,0.00,0.00,0.00,0.00
2026-07-22 11:44:30.520,6.765,0.00,0.00,0.00,0.00,0.00,0.00
2026-07-22 11:44:30.520,6.799,0.00,0.00,0.00,0.00,0.00,0.00
2026-07-22 11:44:30.520,6.832,0.00,0.00,0.00,0.00,0.00,0.00
2026-07-22 11:44:30.520,6.865,0.00,0.00,0.00,0.00,0.00,0.00
2026-07-22 11:44:30.520,6.899,0.00,0.00,0.00,0.00,0.00,0.00
2026-07-22 11:44:30.520,6.933,0.00,0.00,0.00,0.00,0.00,0.00
2026-07-22 11:44:30.520,6.966,0.00,0.00,0.00,0.00,0.00,0.00
2026-07-22 11:44:30.520,6.999,0.00,0.00,0.00,0.00,0.00,0.00
2026-07-22 11:44:30.520,7.033,0.00,0.00,0.00,0.00,0.00,0.00
2026-07-22 11:44:30.520,7.066,0.00,0.00,0.00,0.00,0.00,0.00
2026-07-22 11:44:30.520,7.100,0.00,0.00,0.00,0.00,0.00,0.00
2026-07-22 11:44:30.520,7.133,0.00,0.00,0.00,0.00,0.00,0.00
2026-07-22 11:44:30.520,7.167,0.00,0.00,0.00,0.00,0.00,0.00
2026-07-22 11:44:30.520,7.200,0.00,0.00,0.00,0.00,0.00,0.00
2026-07-22 11:44:30.520,7.234,0.00,0.00,0.00,0.00,0.00,0.00
2026-07-22 11:44:30.520,7.267,0.00,0.00,0.00,0.00,0.00,0.00
2026-07-22 11:44:30.520,7.301,0.00,0.00,0.00,0.00,0.00,0.00
2026-07-22 11:44:30.520,7.334,0.00,0.00,0.00,0.00,0.00,0.00
2026-07-22 11:44:30.520,7.368,0.00,0.00,0.00,0.00,0.00,0.00
2026-07-22 11:44:30.520,7.402,0.00,0.00,0.00,0.00,0.00,0.00
2026-07-22 11:44:30.520,7.436,0.00,0.00,0.00,0.00,0.00,0.00
2026-07-22 11:44:30.520,7.469,0.00,0.00,0.00,0.00,0.00,0.00
2026-07-22 11:44:30.520,7.503,0.00,0.00,0.00,0.00,0.00,0.00
2026-07-22 11:44:30.520,7.536,0.00,0.00,0.00,0.00,0.00,0.00
2026-07-22 11:44:30.520,7.570,0.00,0.00,0.00,0.00,0.00,0.00
2026-07-22 11:44:30.520,7.604,0.00,0.00,0.00,0.00,0.00,0.00
2026-07-22 11:44:30.520,7.638,0.00,0.00,0.00,0.00,0.00,0.00
2026-07-22 11:44:30.520,7.671,0.00,0.00,0.00,0.00,0.00,0.00
2026-07-22 11:44:30.520,7.705,0.00,0.00,0.00,0.00,0.00,0.00
2026-07-22 11:44:30.520,7.738,0.00,0.00,0.00,0.00,0.00,0.00
2026-07-22 11:44:30.520,7.772,0.00,0.00,0.00,0.00,0.00,0.00
2026-07-22 11:44:30.520,7.805,0.00,0.00,0.00,0.00,0.00,0.00
2026-07-22 11:44:30.520,7.839,0.00,0.00,0.00,0.00,0.00,0.00
2026-07-22 11:44:30.520,7.872,0.00,0.00,0.00,0.00,0.00,0.00
2026-07-22 11:44:30.520,7.906,0.00,0.00,0.00,0.00,0.00,0.00
2026-07-22 11:44:30.520,7.939,0.00,0.00,0.00,0.00,0.00,0.00
2026-07-22 11:44:30.520,7.973,0.00,0.00,0.00,0.00,0.00,0.00
2026-07-22 11:44:30.520,8.007,0.00,0.00,0.00,0.00,0.00,0.00
2026-07-22 11:44:30.520,8.040,0.00,0.00,0.00,0.00,0.00,0.00
2026-07-22 11:44:30.520,8.074,0.00,0.00,0.00,0.00,0.00,0.00
2026-07-22 11:44:30.520,8.107,0.00,0.00,0.00,0.00,0.00,0.00
2026-07-22 11:44:30.520,8.141,0.00,0.00,0.00,0.00,0.00,0.00
2026-07-22 11:44:30.520,8.174,0.00,0.00,0.00,0.00,0.00,0.00
2026-07-22 11:44:30.520,8.208,0.00,0.00,0.00,0.00,0.00,0.00
2026-07-22 11:44:30.520,8.241,0.00,0.00,0.00,0.00,0.00,0.00
2026-07-22 11:44:30.520,8.275,0.00,0.00,0.00,0.00,0.00,0.00
2026-07-22 11:44:30.520,8.308,0.00,0.00,0.00,0.00,0.00,0.00
2026-07-22 11:44:30.520,8.342,0.00,0.00,0.00,0.00,0.00,0.00
2026-07-22 11:44:30.520,8.375,0.00,0.00,0.00,0.00,0.00,0.00
2026-07-22 11:44:30.520,8.409,0.00,0.00,0.00,0.00,0.00,0.00
2026-07-22 11:44:30.520,8.442,0.00,0.00,0.00,0.00,0.00,0.00
2026-07-22 11:44:30.520,8.476,0.00,0.00,0.00,0.00,0.00,0.00
2026-07-22 11:44:30.520,8.509,0.00,0.00,0.00,0.00,0.00,0.00
2026-07-22 11:44:30.520,8.543,0.00,0.00,0.00,0.00,0.00,0.00
2026-07-22 11:44:30.520,8.576,0.00,0.00,0.00,0.00,0.00,0.00
2026-07-22 11:44:30.520,8.609,0.00,0.00,0.00,0.00,0.00,0.00
2026-07-22 11:44:30.520,8.643,0.00,0.00,0.00,0.00,0.00,0.00
2026-07-22 11:44:30.520,8.677,0.00,0.00,0.00,0.00,0.00,0.00
2026-07-22 11:44:30.520,8.710,0.00,0.00,0.00,0.00,0.00,0.00
2026-07-22 11:44:30.520,8.743,0.00,0.00,0.00,0.00,0.00,0.00
2026-07-22 11:44:30.520,8.777,0.00,0.00,0.00,0.00,0.00,0.00
2026-07-22 11:44:30.520,8.810,0.00,0.00,0.00,0.00,0.00,0.00
2026-07-22 11:44:30.520,8.844,0.00,0.00,0.00,0.00,0.00,0.00
2026-07-22 11:44:30.520,8.877,0.00,0.00,0.00,0.00,0.00,0.00
2026-07-22 11:44:30.520,8.911,0.00,0.00,0.00,0.00,0.00,0.00
2026-07-22 11:44:30.520,8.945,0.00,0.00,0.00,0.00,0.00,0.00
2026-07-22 11:44:30.520,8.978,0.00,0.00,0.00,0.00,0.00,0.00
2026-07-22 11:44:30.520,9.012,0.00,0.00,0.00,0.00,0.00,0.00
2026-07-22 11:44:30.520,9.045,0.00,0.00,0.00,0.00,0.00,0.00
2026-07-22 11:44:30.520,9.079,0.00,0.00,0.00,0.00,0.00,0.00
2026-07-22 11:44:30.520,9.112,0.00,0.00,0.00,0.00,0.00,0.00
2026-07-22 11:44:30.520,9.146,0.00,0.00,0.00,0.00,0.00,0.00
2026-07-22 11:44:30.520,9.180,0.00,0.00,0.00,0.00,0.00,0.00
2026-07-22 11:44:30.520,9.213,0.00,0.00,0.00,0.00,0.00,0.00
2026-07-22 11:44:30.520,9.247,0.00,0.00,0.00,0.00,0.00,0.00
2026-07-22 11:44:30.520,9.280,0.00,0.00,0.00,0.00,0.00,0.00
2026-07-22 11:44:30.520,9.314,0.00,0.00,0.00,0.00,0.00,0.00
2026-07-22 11:44:30.520,9.348,0.00,0.00,0.00,0.00,0.00,0.00
2026-07-22 11:44:30.520,9.381,0.00,0.00,0.00,0.00,0.00,0.00
2026-07-22 11:44:30.520,9.415,0.00,0.00,0.00,0.00,0.00,0.00
2026-07-22 11:44:30.520,9.449,0.00,0.00,0.00,0.00,0.00,0.00
2026-07-22 11:44:30.520,9.483,0.00,0.00,0.00,0.00,0.00,0.00
2026-07-22 11:44:30.520,9.516,0.00,0.00,0.00,0.00,0.00,0.00
2026-07-22 11:44:30.520,9.550,0.00,0.00,0.00,0.00,0.00,0.00
2026-07-22 11:44:30.520,9.583,0.00,0.00,0.00,0.00,0.00,0.00
2026-07-22 11:44:30.520,9.617,0.00,0.00,0.00,0.00,0.00,0.00
2026-07-22 11:44:30.520,9.650,0.00,0.00,0.00,0.00,0.00,0.00
2026-07-22 11:44:30.520,9.685,0.00,0.00,0.00,0.00,0.00,0.00
2026-07-22 11:44:30.520,9.718,0.00,0.00,0.00,0.00,0.00,0.00
2026-07-22 11:44:30.520,9.752,0.00,0.00,0.00,0.00,0.00,0.00
2026-07-22 11:44:30.520,9.785,0.00,0.00,0.00,0.00,0.00,0.00
2026-07-22 11:44:30.520,9.819,0.00,0.00,0.00,0.00,0.00,0.00
2026-07-22 11:44:30.520,9.853,0.00,0.00,0.00,0.00,0.00,0.00
2026-07-22 11:44:30.520,9.886,0.00,0.00,0.00,0.00,0.00,0.00
2026-07-22 11:44:30.520,9.920,0.00,0.00,0.00,0.00,0.00,0.00
2026-07-22 11:44:30.520,9.954,0.00,0.00,0.00,0.00,0.00,0.00
2026-07-22 11:44:30.520,9.987,0.00,0.00,0.00,0.00,0.00,0.00
2026-07-22 11:44:30.520,10.021,0.00,0.00,0.00,0.00,0.00,0.00
2026-07-22 11:44:30.520,10.054,0.00,0.00,0.00,0.00,0.00,0.00
2026-07-22 11:44:30.520,10.088,0.00,0.00,0.00,0.00,0.00,0.00
2026-07-22 11:44:30.520,10.122,0.00,0.00,0.00,0.00,0.00,0.00
2026-07-22 11:44:30.520,10.155,0.00,0.00,0.00,0.00,0.00,0.00
2026-07-22 11:44:30.520,10.189,0.00,0.00,0.00,0.00,0.00,0.00
2026-07-22 11:44:30.520,10.223,0.00,0.00,0.00,0.00,0.00,0.00
2026-07-22 11:44:30.520,10.256,0.00,0.00,0.00,0.00,0.00,0.00
2026-07-22 11:44:30.520,10.290,0.00,0.00,0.00,0.00,0.00,0.00
2026-07-22 11:44:30.520,10.324,0.00,0.00,0.00,0.00,0.00,0.00
2026-07-22 11:44:30.520,10.358,0.00,0.00,0.00,0.00,0.00,0.00
2026-07-22 11:44:30.520,10.392,0.00,0.00,0.00,0.00,0.00,0.00
2026-07-22 11:44:30.520,10.426,0.00,0.00,0.00,0.00,0.00,0.00
2026-07-22 11:44:30.520,10.460,0.00,0.00,0.00,0.00,0.00,0.00
2026-07-22 11:44:30.520,10.494,0.00,0.00,0.00,0.00,0.00,0.00
2026-07-22 11:44:30.520,10.527,0.00,0.00,0.00,0.00,0.00,0.00
2026-07-22 11:44:30.520,10.561,0.00,0.00,0.00,0.00,0.00,0.00
2026-07-22 11:44:30.520,10.594,0.00,0.00,0.00,0.00,0.00,0.00
2026-07-22 11:44:30.520,10.628,0.00,0.00,0.00,0.00,0.00,0.00
2026-07-22 11:44:30.520,10.662,0.00,0.00,0.00,0.00,0.00,0.00
2026-07-22 11:44:30.520,10.695,0.00,0.00,0.00,0.00,0.00,0.00
2026-07-22 11:44:30.520,10.729,0.00,0.00,0.00,0.00,0.00,0.00
2026-07-22 11:44:30.520,10.762,0.00,0.00,0.00,0.00,0.00,0.00
2026-07-22 11:44:30.520,10.795,0.00,0.00,0.00,0.00,0.00,0.00
2026-07-22 11:44:30.520,10.829,0.00,0.00,0.00,0.00,0.00,0.00
2026-07-22 11:44:30.520,10.862,0.00,0.00,0.00,0.00,0.00,0.00
2026-07-22 11:44:30.520,10.895,0.00,0.00,0.00,0.00,0.00,0.00
2026-07-22 11:44:30.520,10.929,0.00,0.00,0.00,0.00,0.00,0.00
2026-07-22 11:44:30.520,10.962,0.00,0.00,0.00,0.00,0.00,0.00
2026-07-22 11:44:30.520,10.997,0.00,0.00,0.00,0.00,0.00,0.00
2026-07-22 11:44:30.520,11.030,0.00,0.00,0.00,0.00,0.00,0.00
2026-07-22 11:44:30.520,11.063,0.00,0.00,0.00,0.00,0.00,0.00
2026-07-22 11:44:30.520,11.097,0.00,0.00,0.00,0.00,0.00,0.00
2026-07-22 11:44:30.520,11.131,0.00,0.00,0.00,0.00,0.00,0.00
2026-07-22 11:44:30.520,11.164,0.00,0.00,0.00,0.00,0.00,0.00
2026-07-22 11:44:30.520,11.198,0.00,0.00,0.00,0.00,0.00,0.00
2026-07-22 11:44:30.520,11.231,0.00,0.00,0.00,0.00,0.00,0.00
2026-07-22 11:44:30.520,11.264,0.00,0.00,0.00,0.00,0.00,0.00
2026-07-22 11:44:30.520,11.297,0.00,0.00,0.00,0.00,0.00,0.00
2026-07-22 11:44:30.520,11.331,0.00,0.00,0.00,0.00,0.00,0.00
2026-07-22 11:44:30.520,11.364,0.00,0.00,0.00,0.00,0.00,0.00
2026-07-22 11:44:30.520,11.397,0.00,0.00,0.00,0.00,0.00,0.00
2026-07-22 11:44:30.520,11.430,0.00,0.00,0.00,0.00,0.00,0.00
2026-07-22 11:44:30.520,11.464,0.00,0.00,0.00,0.00,0.00,0.00
2026-07-22 11:44:30.520,11.497,0.00,0.00,0.00,0.00,0.00,0.00
2026-07-22 11:44:30.520,11.530,0.00,0.00,0.00,0.00,0.00,0.00
2026-07-22 11:44:30.520,11.563,0.00,0.00,0.00,0.00,0.00,0.00
2026-07-22 11:44:30.520,11.597,0.00,0.00,0.00,0.00,0.00,0.00
2026-07-22 11:44:30.520,11.630,0.00,0.00,0.00,0.00,0.00,0.00
2026-07-22 11:44:30.520,11.663,0.00,0.00,0.00,0.00,0.00,0.00
2026-07-22 11:44:30.520,11.697,0.00,0.00,0.00,0.00,0.00,0.00
2026-07-22 11:44:30.520,11.730,0.00,0.00,0.00,0.00,0.00,0.00
2026-07-22 11:44:30.520,11.764,0.00,0.00,0.00,0.00,0.00,0.00
2026-07-22 11:44:30.520,11.798,0.00,0.00,0.00,0.00,0.00,0.00
2026-07-22 11:44:30.520,11.831,0.00,0.00,0.00,0.00,0.00,0.00
2026-07-22 11:44:30.520,11.864,0.00,0.00,0.00,0.00,0.00,0.00
2026-07-22 11:44:30.520,11.897,0.00,0.00,0.00,0.00,0.00,0.00
2026-07-22 11:44:30.520,11.931,0.00,0.00,0.00,0.00,0.00,0.00
2026-07-22 11:44:30.520,11.964,0.00,0.00,0.00,0.00,0.00,0.00
2026-07-22 11:44:30.520,11.997,0.00,0.00,0.00,0.00,0.00,0.00
2026-07-22 11:44:30.520,12.030,0.00,0.00,0.00,0.00,0.00,0.00
2026-07-22 11:44:30.520,12.064,0.00,0.00,0.00,0.00,0.00,0.00
2026-07-22 11:44:30.520,12.098,0.00,0.00,0.00,0.00,0.00,0.00
2026-07-22 11:44:30.520,12.131,0.00,0.00,0.00,0.00,0.00,0.00
2026-07-22 11:44:30.520,12.164,0.00,0.00,0.00,0.00,0.00,0.00
2026-07-22 11:44:30.520,12.198,0.00,0.00,0.00,0.00,0.00,0.00
2026-07-22 11:44:30.520,12.231,0.00,0.00,0.00,0.00,0.00,0.00
2026-07-22 11:44:30.520,12.264,0.00,0.00,0.00,0.00,0.00,0.00
2026-07-22 11:44:30.520,12.298,0.00,0.00,0.00,0.00,0.00,0.00
2026-07-22 11:44:30.520,12.331,0.00,0.00,0.00,0.00,0.00,0.00
2026-07-22 11:44:30.520,12.364,0.00,0.00,0.00,0.00,0.00,0.00
2026-07-22 11:44:30.520,12.397,0.00,0.00,0.00,0.00,0.00,0.00
2026-07-22 11:44:30.520,12.431,0.00,0.00,0.00,0.00,0.00,0.00
2026-07-22 11:44:30.520,12.464,0.00,0.00,0.00,0.00,0.00,0.00
2026-07-22 11:44:30.520,12.498,0.00,0.00,0.00,0.00,0.00,0.00
2026-07-22 11:44:30.520,12.531,0.00,0.00,0.00,0.00,0.00,0.00
2026-07-22 11:44:30.520,12.565,0.00,0.00,0.00,0.00,0.00,0.00
2026-07-22 11:44:30.520,12.598,0.00,0.00,0.00,0.00,0.00,0.00
2026-07-22 11:44:30.520,12.631,0.00,0.00,0.00,0.00,0.00,0.00
2026-07-22 11:44:30.520,12.665,0.00,0.00,0.00,0.00,0.00,0.00
2026-07-22 11:44:30.520,12.698,0.00,0.00,0.00,0.00,0.00,0.00
2026-07-22 11:44:30.520,12.732,0.00,0.00,0.00,0.00,0.00,0.00
2026-07-22 11:44:30.520,12.765,0.00,0.00,0.00,0.00,0.00,0.00
2026-07-22 11:44:30.520,12.798,0.00,0.00,0.00,0.00,0.00,0.00
2026-07-22 11:44:30.520,12.832,0.00,0.00,0.00,0.00,0.00,0.00
2026-07-22 11:44:30.520,12.865,0.00,0.00,0.00,0.00,0.00,0.00
2026-07-22 11:44:30.520,12.898,0.00,0.00,0.00,0.00,0.00,0.00
2026-07-22 11:44:30.520,12.931,0.00,0.00,0.00,0.00,0.00,0.00
2026-07-22 11:44:30.520,12.965,0.00,0.00,0.00,0.00,0.00,0.00
2026-07-22 11:44:30.520,12.999,0.00,0.00,0.00,0.00,0.00,0.00
2026-07-22 11:44:30.520,13.032,0.00,0.00,0.00,0.00,0.00,0.00
2026-07-22 11:44:30.520,13.065,0.00,0.00,0.00,0.00,0.00,0.00
2026-07-22 11:44:30.520,13.099,0.00,0.00,0.00,0.00,0.00,0.00
2026-07-22 11:44:30.520,13.133,0.00,0.00,0.00,0.00,0.00,0.00
2026-07-22 11:44:30.520,13.167,0.00,0.00,0.00,0.00,0.00,0.00
2026-07-22 11:44:30.520,13.201,0.00,0.00,0.00,0.00,0.00,0.00
2026-07-22 11:44:30.520,13.234,0.00,0.00,0.00,0.00,0.00,0.00
2026-07-22 11:44:30.520,13.268,0.00,0.00,0.00,0.00,0.00,0.00
2026-07-22 11:44:30.520,13.301,0.00,0.00,0.00,0.00,0.00,0.00
2026-07-22 11:44:30.520,13.335,0.00,0.00,0.00,0.00,0.00,0.00
2026-07-22 11:44:30.520,13.368,0.00,0.00,0.00,0.00,0.00,0.00
2026-07-22 11:44:30.521,13.401,0.00,0.00,0.00,0.00,0.00,0.00
2026-07-22 11:44:30.521,13.435,0.00,0.00,0.00,0.00,0.00,0.00
2026-07-22 11:44:30.521,13.468,0.00,0.00,0.00,0.00,0.00,0.00
2026-07-22 11:44:30.521,13.502,0.00,0.00,0.00,0.00,0.00,0.00
2026-07-22 11:44:30.521,13.535,0.00,0.00,0.00,0.00,0.00,0.00
2026-07-22 11:44:30.521,13.569,0.00,0.00,0.00,0.00,0.00,0.00
2026-07-22 11:44:30.521,13.602,0.00,0.00,0.00,0.00,0.00,0.00
2026-07-22 11:44:30.521,13.635,0.00,0.00,0.00,0.00,0.00,0.00
2026-07-22 11:44:30.521,13.669,0.00,0.00,0.00,0.00,0.00,0.00
2026-07-22 11:44:30.521,13.703,0.00,0.00,0.00,0.00,0.00,0.00
2026-07-22 11:44:30.521,13.736,0.00,0.00,0.00,0.00,0.00,0.00
2026-07-22 11:44:30.521,13.769,0.00,0.00,0.00,0.00,0.00,0.00
2026-07-22 11:44:30.521,13.803,0.00,0.00,0.00,0.00,0.00,0.00
2026-07-22 11:44:30.521,13.836,0.00,0.00,0.00,0.00,0.00,0.00
2026-07-22 11:44:30.521,13.870,0.00,0.00,0.00,0.00,0.00,0.00
2026-07-22 11:44:30.521,13.903,0.00,0.00,0.00,0.00,0.00,0.00
2026-07-22 11:44:30.521,13.937,0.00,0.00,0.00,0.00,0.00,0.00
2026-07-22 11:44:30.521,13.970,0.00,0.00,0.00,0.00,0.00,0.00
2026-07-22 11:44:30.521,14.003,0.00,0.00,0.00,0.00,0.00,0.00
2026-07-22 11:44:30.521,14.037,0.00,0.00,0.00,0.00,0.00,0.00
2026-07-22 11:44:30.521,14.070,0.00,0.00,0.00,0.00,0.00,0.00
2026-07-22 11:44:30.521,14.104,0.00,0.00,0.00,0.00,0.00,0.00
2026-07-22 11:44:30.521,14.138,0.00,0.00,0.00,0.00,0.00,0.00
2026-07-22 11:44:30.521,14.172,0.00,0.00,0.00,0.00,0.00,0.00
2026-07-22 11:44:30.521,14.205,0.00,0.00,0.00,0.00,0.00,0.00
2026-07-22 11:44:30.521,14.239,0.00,0.00,0.00,0.00,0.00,0.00
2026-07-22 11:44:30.521,14.272,0.00,0.00,0.00,0.00,0.00,0.00
2026-07-22 11:44:30.521,14.306,0.00,0.00,0.00,0.00,0.00,0.00
2026-07-22 11:44:30.521,14.339,0.00,0.00,0.00,0.00,0.00,0.00
2026-07-22 11:44:30.521,14.373,0.00,0.00,0.00,0.00,0.00,0.00
2026-07-22 11:44:30.521,14.406,0.00,0.00,0.00,0.00,0.00,0.00
2026-07-22 11:44:30.521,14.440,0.00,0.00,0.00,0.00,0.00,0.00
2026-07-22 11:44:30.521,14.474,0.00,0.00,0.00,0.00,0.00,0.00
2026-07-22 11:44:30.521,14.507,0.00,0.00,0.00,0.00,0.00,0.00
2026-07-22 11:44:30.521,14.541,0.00,0.00,0.00,0.00,0.00,0.00
2026-07-22 11:44:30.521,14.574,0.00,0.00,0.00,0.00,0.00,0.00
2026-07-22 11:44:30.521,14.608,0.00,0.00,0.00,0.00,0.00,0.00
2026-07-22 11:44:30.521,14.642,0.00,0.00,0.00,0.00,0.00,0.00
2026-07-22 11:44:30.521,14.675,0.00,0.00,0.00,0.00,0.00,0.00
2026-07-22 11:44:30.521,14.709,0.00,0.00,0.00,0.00,0.00,0.00
2026-07-22 11:44:30.521,14.742,0.00,0.00,0.00,0.00,0.00,0.00
2026-07-22 11:44:30.521,14.775,0.00,0.00,0.00,0.00,0.00,0.00
2026-07-22 11:44:30.521,14.809,0.00,0.00,0.00,0.00,0.00,0.00
2026-07-22 11:44:30.521,14.843,0.00,0.00,0.00,0.00,0.00,0.00
2026-07-22 11:44:30.521,14.876,0.00,0.00,0.00,0.00,0.00,0.00
2026-07-22 11:44:30.521,14.910,0.00,0.00,0.00,0.00,0.00,0.00
2026-07-22 11:44:30.521,14.943,0.00,0.00,0.00,0.00,0.00,0.00
2026-07-22 11:44:30.521,14.977,0.00,0.00,0.00,0.00,0.00,0.00
2026-07-22 11:44:30.521,15.011,0.00,0.00,0.00,0.00,0.00,0.00
2026-07-22 11:44:30.521,15.044,0.00,0.00,0.00,0.00,0.00,0.00
2026-07-22 11:44:30.521,15.078,0.00,0.00,0.00,0.00,0.00,0.00
2026-07-22 11:44:30.521,15.112,0.00,0.00,0.00,0.00,0.00,0.00
2026-07-22 11:44:30.521,15.145,0.00,0.00,0.00,0.00,0.00,0.00
2026-07-22 11:44:30.521,15.179,0.00,0.00,0.00,0.00,0.00,0.00
2026-07-22 11:44:30.521,15.212,0.00,0.00,0.00,0.00,0.00,0.00
2026-07-22 11:44:30.521,15.246,0.00,0.00,0.00,0.00,0.00,0.00
2026-07-22 11:44:30.521,15.280,0.00,0.00,0.00,0.00,0.00,0.00
2026-07-22 11:44:30.521,15.313,0.00,0.00,0.00,0.00,0.00,0.00
2026-07-22 11:44:30.521,15.347,0.00,0.00,0.00,0.00,0.00,0.00
2026-07-22 11:44:30.521,15.380,0.00,0.00,0.00,0.00,0.00,0.00
2026-07-22 11:44:30.521,15.414,0.00,0.00,0.00,0.00,0.00,0.00
2026-07-22 11:44:30.521,15.447,0.00,0.00,0.00,0.00,0.00,0.00
2026-07-22 11:44:30.521,15.481,0.00,0.00,0.00,0.00,0.00,0.00
2026-07-22 11:44:30.521,15.514,0.00,0.00,0.00,0.00,0.00,0.00
2026-07-22 11:44:30.521,15.548,0.00,0.00,0.00,0.00,0.00,0.00
2026-07-22 11:44:30.521,15.581,0.00,0.00,0.00,0.00,0.00,0.00
2026-07-22 11:44:30.521,15.615,0.00,0.00,0.00,0.00,0.00,0.00
2026-07-22 11:44:30.521,15.648,0.00,0.00,0.00,0.00,0.00,0.00
2026-07-22 11:44:30.521,15.682,0.00,0.00,0.00,0.00,0.00,0.00
2026-07-22 11:44:30.521,15.716,0.00,0.00,0.00,0.00,0.00,0.00
2026-07-22 11:44:30.521,15.749,0.00,0.00,0.00,0.00,0.00,0.00
2026-07-22 11:44:30.521,15.782,0.00,0.00,0.00,0.00,0.00,0.00
2026-07-22 11:44:30.521,15.816,0.00,0.00,0.00,0.00,0.00,0.00
2026-07-22 11:44:30.521,15.850,0.00,0.00,0.00,0.00,0.00,0.00
2026-07-22 11:44:30.521,15.883,0.00,0.00,0.00,0.00,0.00,0.00
2026-07-22 11:44:30.521,15.917,0.00,0.00,0.00,0.00,0.00,0.00
2026-07-22 11:44:30.521,15.951,0.00,0.00,0.00,0.00,0.00,0.00
2026-07-22 11:44:30.521,15.985,0.00,0.00,0.00,0.00,0.00,0.00
2026-07-22 11:44:30.521,16.018,0.00,0.00,0.00,0.00,0.00,0.00
2026-07-22 11:44:30.521,16.053,0.00,0.00,0.00,0.00,0.00,0.00
2026-07-22 11:44:30.521,16.086,0.00,0.00,0.00,0.00,0.00,0.00
2026-07-22 11:44:30.521,16.120,0.00,0.00,0.00,0.00,0.00,0.00
2026-07-22 11:44:30.521,16.154,0.00,0.00,0.00,0.00,0.00,0.00
2026-07-22 11:44:30.521,16.187,0.00,0.00,0.00,0.00,0.00,0.00
2026-07-22 11:44:30.521,16.221,0.00,0.00,0.00,0.00,0.00,0.00
2026-07-22 11:44:30.521,16.255,0.00,0.00,0.00,0.00,0.00,0.00
2026-07-22 11:44:30.521,16.288,0.00,0.00,0.00,0.00,0.00,0.00
2026-07-22 11:44:30.521,16.321,0.00,0.00,0.00,0.00,0.00,0.00
2026-07-22 11:44:30.521,16.355,0.00,0.00,0.00,0.00,0.00,0.00
2026-07-22 11:44:30.521,16.388,0.00,0.00,0.00,0.00,0.00,0.00
2026-07-22 11:44:30.521,16.422,0.00,0.00,0.00,0.00,0.00,0.00
2026-07-22 11:44:30.521,16.455,0.00,0.00,0.00,0.00,0.00,0.00
2026-07-22 11:44:30.521,16.489,0.00,0.00,0.00,0.00,0.00,0.00
2026-07-22 11:44:30.521,16.523,0.00,0.00,0.00,0.00,0.00,0.00
2026-07-22 11:44:30.521,16.556,0.00,0.00,0.00,0.00,0.00,0.00
2026-07-22 11:44:30.521,16.590,0.00,0.00,0.00,0.00,0.00,0.00
2026-07-22 11:44:30.521,16.624,0.00,0.00,0.00,0.00,0.00,0.00
2026-07-22 11:44:30.521,16.657,0.00,0.00,0.00,0.00,0.00,0.00
2026-07-22 11:44:30.521,16.691,0.00,0.00,0.00,0.00,0.00,0.00
2026-07-22 11:44:30.521,16.724,0.00,0.00,0.00,0.00,0.00,0.00
2026-07-22 11:44:30.521,16.758,0.00,0.00,0.00,0.00,0.00,0.00
2026-07-22 11:44:30.521,16.791,0.00,0.00,0.00,0.00,0.00,0.00
2026-07-22 11:44:30.521,16.825,0.00,0.00,0.00,0.00,0.00,0.00
2026-07-22 11:44:30.521,16.858,0.00,0.00,0.00,0.00,0.00,0.00
2026-07-22 11:44:30.521,16.892,0.00,0.00,0.00,0.00,0.00,0.00
2026-07-22 11:44:30.521,16.925,0.00,0.00,0.00,0.00,0.00,0.00
2026-07-22 11:44:30.521,16.958,0.00,0.00,0.00,0.00,0.00,0.00
2026-07-22 11:44:30.521,16.992,0.00,0.00,0.00,0.00,0.00,0.00
2026-07-22 11:44:30.521,17.026,0.00,0.00,0.00,0.00,0.00,0.00
2026-07-22 11:44:30.521,17.059,0.00,0.00,0.00,0.00,0.00,0.00
2026-07-22 11:44:30.521,17.092,0.00,0.00,0.00,0.00,0.00,0.00
2026-07-22 11:44:30.521,17.126,0.00,0.00,0.00,0.00,0.00,0.00
2026-07-22 11:44:30.521,17.159,0.00,0.00,0.00,0.00,0.00,0.00
2026-07-22 11:44:30.521,17.192,0.00,0.00,0.00,0.00,0.00,0.00
2026-07-22 11:44:30.521,17.226,0.00,0.00,0.00,0.00,0.00,0.00
2026-07-22 11:44:30.521,17.260,0.00,0.00,0.00,0.00,0.00,0.00
2026-07-22 11:44:30.521,17.293,0.00,0.00,0.00,0.00,0.00,0.00
2026-07-22 11:44:30.521,17.327,0.00,0.00,0.00,0.00,0.00,0.00
2026-07-22 11:44:30.521,17.360,0.00,0.00,0.00,0.00,0.00,0.00
2026-07-22 11:44:30.521,17.393,0.00,0.00,0.00,0.00,0.00,0.00
2026-07-22 11:44:30.521,17.427,0.00,0.00,0.00,0.00,0.00,0.00
2026-07-22 11:44:30.521,17.461,0.00,0.00,0.00,0.00,0.00,0.00
2026-07-22 11:44:30.521,17.495,0.00,0.00,0.00,0.00,0.00,0.00
2026-07-22 11:44:30.521,17.529,0.00,0.00,0.00,0.00,0.00,0.00
2026-07-22 11:44:30.521,17.562,0.00,0.00,0.00,0.00,0.00,0.00
2026-07-22 11:44:30.521,17.595,0.00,0.00,0.00,0.00,0.00,0.00
2026-07-22 11:44:30.521,17.629,0.00,0.00,0.00,0.00,0.00,0.00
2026-07-22 11:44:30.521,17.662,0.00,0.00,0.00,0.00,0.00,0.00
2026-07-22 11:44:30.521,17.695,0.00,0.00,0.00,0.00,0.00,0.00
2026-07-22 11:44:30.521,17.729,0.00,0.00,0.00,0.00,0.00,0.00
2026-07-22 11:44:30.521,17.762,0.00,0.00,0.00,0.00,0.00,0.00
2026-07-22 11:44:30.521,17.795,0.00,0.00,0.00,0.00,0.00,0.00
2026-07-22 11:44:30.521,17.829,0.00,0.00,0.00,0.00,0.00,0.00
2026-07-22 11:44:30.521,17.863,0.00,0.00,0.00,0.00,0.00,0.00
2026-07-22 11:44:30.521,17.896,0.00,0.00,0.00,0.00,0.00,0.00
2026-07-22 11:44:30.521,17.929,0.00,0.00,0.00,0.00,0.00,0.00
2026-07-22 11:44:30.521,17.963,0.00,0.00,0.00,0.00,0.00,0.00
2026-07-22 11:44:30.521,17.996,0.00,0.00,0.00,0.00,0.00,0.00
2026-07-22 11:44:30.521,18.029,0.00,0.00,0.00,0.00,0.00,0.00
2026-07-22 11:44:30.521,18.063,0.00,0.00,0.00,0.00,0.00,0.00
2026-07-22 11:44:30.521,18.096,0.00,0.00,0.00,0.00,0.00,0.00
2026-07-22 11:44:30.521,18.129,0.00,0.00,0.00,0.00,0.00,0.00
2026-07-22 11:44:30.521,18.163,0.00,0.00,0.00,0.00,0.00,0.00
2026-07-22 11:44:30.521,18.196,0.00,0.00,0.00,0.00,0.00,0.00
2026-07-22 11:44:30.521,18.230,0.00,0.00,0.00,0.00,0.00,0.00
2026-07-22 11:44:30.521,18.264,0.00,0.00,0.00,0.00,0.00,0.00
2026-07-22 11:44:30.521,18.297,0.00,0.00,0.00,0.00,0.00,0.00
2026-07-22 11:44:30.521,18.330,0.00,0.00,0.00,0.00,0.00,0.00
2026-07-22 11:44:30.521,18.364,0.00,0.00,0.00,0.00,0.00,0.00
2026-07-22 11:44:30.521,18.397,0.00,0.00,0.00,0.00,0.00,0.00
2026-07-22 11:44:30.521,18.430,0.00,0.00,0.00,0.00,0.00,0.00
2026-07-22 11:44:30.521,18.464,0.00,0.00,0.00,0.00,0.00,0.00
2026-07-22 11:44:30.521,18.497,0.00,0.00,0.00,0.00,0.00,0.00
2026-07-22 11:44:30.521,18.531,0.00,0.00,0.00,0.00,0.00,0.00
2026-07-22 11:44:30.521,18.564,0.00,0.00,0.00,0.00,0.00,0.00
2026-07-22 11:44:30.521,18.598,0.00,0.00,0.00,0.00,0.00,0.00
2026-07-22 11:44:30.521,18.631,0.00,0.00,0.00,0.00,0.00,0.00
2026-07-22 11:44:30.521,18.664,0.00,0.00,0.00,0.00,0.00,0.00
2026-07-22 11:44:30.521,18.698,0.00,0.00,0.00,0.00,0.00,0.00
2026-07-22 11:44:30.521,18.731,0.00,0.00,0.00,0.00,0.00,0.00
2026-07-22 11:44:30.521,18.764,0.00,0.00,0.00,0.00,0.00,0.00
2026-07-22 11:44:30.521,18.798,0.00,0.00,0.00,0.00,0.00,0.00
2026-07-22 11:44:30.521,18.831,0.00,0.00,0.00,0.00,0.00,0.00
2026-07-22 11:44:30.521,18.864,0.00,0.00,0.00,0.00,0.00,0.00
2026-07-22 11:44:30.521,18.898,0.00,0.00,0.00,0.00,0.00,0.00
2026-07-22 11:44:30.521,18.932,0.00,0.00,0.00,0.00,0.00,0.00
2026-07-22 11:44:30.521,18.966,0.00,0.00,0.00,0.00,0.00,0.00
2026-07-22 11:44:30.521,18.999,0.00,0.00,0.00,0.00,0.00,0.00
2026-07-22 11:44:30.521,19.032,0.00,0.00,0.00,0.00,0.00,0.00
2026-07-22 11:44:30.521,19.066,0.00,0.00,0.00,0.00,0.00,0.00
2026-07-22 11:44:30.521,19.099,0.00,0.00,0.00,0.00,0.00,0.00
2026-07-22 11:44:30.521,19.132,0.00,0.00,0.00,0.00,0.00,0.00
2026-07-22 11:44:30.521,19.166,0.00,0.00,0.00,0.00,0.00,0.00
2026-07-22 11:44:30.521,19.199,0.00,0.00,0.00,0.00,0.00,0.00
2026-07-22 11:44:30.521,19.233,0.00,0.00,0.00,0.00,0.00,0.00
2026-07-22 11:44:30.521,19.266,0.00,0.00,0.00,0.00,0.00,0.00
2026-07-22 11:44:30.521,19.300,0.00,0.00,0.00,0.00,0.00,0.00
2026-07-22 11:44:30.521,19.333,0.00,0.00,0.00,0.00,0.00,0.00
2026-07-22 11:44:30.521,19.367,0.00,0.00,0.00,0.00,0.00,0.00
2026-07-22 11:44:30.521,19.400,0.00,0.00,0.00,0.00,0.00,0.00
2026-07-22 11:44:30.521,19.433,0.00,0.00,0.00,0.00,0.00,0.00
2026-07-22 11:44:30.521,19.467,0.00,0.00,0.00,0.00,0.00,0.00
2026-07-22 11:44:30.521,19.500,0.00,0.00,0.00,0.00,0.00,0.00
2026-07-22 11:44:30.521,19.534,0.00,0.00,0.00,0.00,0.00,0.00
2026-07-22 11:44:30.521,19.567,0.00,0.00,0.00,0.00,0.00,0.00
2026-07-22 11:44:30.521,19.600,0.00,0.00,0.00,0.00,0.00,0.00
2026-07-22 11:44:30.521,19.634,0.00,0.00,0.00,0.00,0.00,0.00
2026-07-22 11:44:30.521,19.668,0.00,0.00,0.00,0.00,0.00,0.00
2026-07-22 11:44:30.521,19.704,0.00,0.00,0.00,0.00,0.00,0.00
2026-07-22 11:44:30.521,19.737,0.00,0.00,0.00,0.00,0.00,0.00
2026-07-22 11:44:30.521,19.770,0.00,0.00,0.00,0.00,0.00,0.00
2026-07-22 11:44:30.521,19.804,0.00,0.00,0.00,0.00,0.00,0.00
2026-07-22 11:44:30.521,19.837,0.00,0.00,0.00,0.00,0.00,0.00
2026-07-22 11:44:30.521,19.870,0.00,0.00,0.00,0.00,0.00,0.00
2026-07-22 11:44:30.521,19.904,0.00,0.00,0.00,0.00,0.00,0.00
2026-07-22 11:44:30.521,19.938,0.00,0.00,0.00,0.00,0.00,0.00
2026-07-22 11:44:30.521,19.971,0.00,0.00,0.00,0.00,0.00,0.00
2026-07-22 11:44:30.521,20.004,0.00,0.00,0.00,0.00,0.00,0.00
2026-07-22 11:44:30.521,20.038,0.00,0.00,0.00,0.00,0.00,0.00
2026-07-22 11:44:30.521,20.072,0.00,0.00,0.00,0.00,0.00,0.00
2026-07-22 11:44:30.521,20.105,0.00,0.00,0.00,0.00,0.00,0.00
2026-07-22 11:44:30.521,20.139,0.00,0.00,0.00,0.00,0.00,0.00
2026-07-22 11:44:30.521,20.172,0.00,0.00,0.00,0.00,0.00,0.00
2026-07-22 11:44:30.521,20.206,0.00,0.00,0.00,0.00,0.00,0.00
2026-07-22 11:44:30.521,20.240,0.00,0.00,0.00,0.00,0.00,0.00
2026-07-22 11:44:30.521,20.273,0.00,0.00,0.00,0.00,0.00,0.00
2026-07-22 11:44:30.521,20.306,0.00,0.00,0.00,0.00,0.00,0.00
2026-07-22 11:44:30.521,20.342,0.00,0.00,0.00,0.00,0.00,0.00
2026-07-22 11:44:30.521,20.376,0.00,0.00,0.00,0.00,0.00,0.00
2026-07-22 11:44:30.521,20.410,0.00,0.00,0.00,0.00,0.00,0.00
2026-07-22 11:44:30.521,20.443,0.00,0.00,0.00,0.00,0.00,0.00
2026-07-22 11:44:30.521,20.476,0.00,0.00,0.00,0.00,0.00,0.00
2026-07-22 11:44:30.521,20.510,0.00,0.00,0.00,0.00,0.00,0.00
2026-07-22 11:44:30.521,20.543,0.00,0.00,0.00,0.00,0.00,0.00
2026-07-22 11:44:30.521,20.577,0.00,0.00,0.00,0.00,0.00,0.00
2026-07-22 11:44:30.521,20.610,0.00,0.00,0.00,0.00,0.00,0.00
2026-07-22 11:44:30.521,20.644,0.00,0.00,0.00,0.00,0.00,0.00
2026-07-22 11:44:30.521,20.677,0.00,0.00,0.00,0.00,0.00,0.00
2026-07-22 11:44:30.521,20.711,0.00,0.00,0.00,0.00,0.00,0.00
2026-07-22 11:44:30.521,20.745,0.00,0.00,0.00,0.00,0.00,0.00
2026-07-22 11:44:30.521,20.778,0.00,0.00,0.00,0.00,0.00,0.00
2026-07-22 11:44:30.522,20.812,0.00,0.00,0.00,0.00,0.00,0.00
2026-07-22 11:44:30.522,20.845,0.00,0.00,0.00,0.00,0.00,0.00
2026-07-22 11:44:30.522,20.879,0.00,0.00,0.00,0.00,0.00,0.00
2026-07-22 11:44:30.522,20.912,0.00,0.00,0.00,0.00,0.00,0.00
2026-07-22 11:44:30.522,20.946,0.00,0.00,0.00,0.00,0.00,0.00
2026-07-22 11:44:30.522,20.979,0.00,0.00,0.00,0.00,0.00,0.00
2026-07-22 11:44:30.522,21.013,0.00,0.00,0.00,0.00,0.00,0.00
2026-07-22 11:44:30.522,21.046,0.00,0.00,0.00,0.00,0.00,0.00
2026-07-22 11:44:30.522,21.080,0.00,0.00,0.00,0.00,0.00,0.00
2026-07-22 11:44:30.522,21.113,0.00,0.00,0.00,0.00,0.00,0.00
2026-07-22 11:44:30.522,21.148,0.00,0.00,0.00,0.00,0.00,0.00
2026-07-22 11:44:30.522,21.181,0.00,0.00,0.00,0.00,0.00,0.00
2026-07-22 11:44:30.522,21.215,0.00,0.00,0.00,0.00,0.00,0.00
2026-07-22 11:44:30.522,21.248,0.00,0.00,0.00,0.00,0.00,0.00
2026-07-22 11:44:30.522,21.282,0.00,0.00,0.00,0.00,0.00,0.00
2026-07-22 11:44:30.522,21.315,0.00,0.00,0.00,0.00,0.00,0.00
2026-07-22 11:44:30.522,21.349,0.00,0.00,0.00,0.00,0.00,0.00
2026-07-22 11:44:30.522,21.383,0.00,0.00,0.00,0.00,0.00,0.00
2026-07-22 11:44:30.522,21.417,0.00,0.00,0.00,0.00,0.00,0.00
2026-07-22 11:44:30.522,21.450,0.00,0.00,0.00,0.00,0.00,0.00
2026-07-22 11:44:30.522,21.484,0.00,0.00,0.00,0.00,0.00,0.00
2026-07-22 11:44:30.522,21.517,0.00,0.00,0.00,0.00,0.00,0.00
2026-07-22 11:44:30.522,21.551,0.00,0.00,0.00,0.00,0.00,0.00
2026-07-22 11:44:30.522,21.584,0.00,0.00,0.00,0.00,0.00,0.00
2026-07-22 11:44:30.522,21.618,0.00,0.00,0.00,0.00,0.00,0.00
2026-07-22 11:44:30.522,21.651,0.00,0.00,0.00,0.00,0.00,0.00
2026-07-22 11:44:30.522,21.685,0.00,0.00,0.00,0.00,0.00,0.00
2026-07-22 11:44:30.522,21.718,0.00,0.00,0.00,0.00,0.00,0.00
2026-07-22 11:44:30.522,21.751,0.00,0.00,0.00,0.00,0.00,0.00
2026-07-22 11:44:30.522,21.785,0.00,0.00,0.00,0.00,0.00,0.00
2026-07-22 11:44:30.522,21.818,0.00,0.00,0.00,0.00,0.00,0.00
2026-07-22 11:44:30.522,21.852,0.00,0.00,0.00,0.00,0.00,0.00
2026-07-22 11:44:30.522,21.885,0.00,0.00,0.00,0.00,0.00,0.00
2026-07-22 11:44:30.522,21.918,0.00,0.00,0.00,0.00,0.00,0.00
2026-07-22 11:44:30.522,21.952,0.00,0.00,0.00,0.00,0.00,0.00
2026-07-22 11:44:30.522,21.986,0.00,0.00,0.00,0.00,0.00,0.00
2026-07-22 11:44:30.522,22.019,0.00,0.00,0.00,0.00,0.00,0.00
2026-07-22 11:44:30.522,22.053,0.00,0.00,0.00,0.00,0.00,0.00
2026-07-22 11:44:30.522,22.086,0.00,0.00,0.00,0.00,0.00,0.00
2026-07-22 11:44:30.522,22.120,0.00,0.00,0.00,0.00,0.00,0.00
2026-07-22 11:44:30.522,22.153,0.00,0.00,0.00,0.00,0.00,0.00
2026-07-22 11:44:30.522,22.187,0.00,0.00,0.00,0.00,0.00,0.00
2026-07-22 11:44:30.522,22.220,0.00,0.00,0.00,0.00,0.00,0.00
2026-07-22 11:44:30.522,22.254,0.00,0.00,0.00,0.00,0.00,0.00
2026-07-22 11:44:30.522,22.288,0.00,0.00,0.00,0.00,0.00,0.00
2026-07-22 11:44:30.522,22.321,0.00,0.00,0.00,0.00,0.00,0.00
2026-07-22 11:44:30.522,22.355,0.00,0.00,0.00,0.00,0.00,0.00
2026-07-22 11:44:30.522,22.389,0.00,0.00,0.00,0.00,0.00,0.00
2026-07-22 11:44:30.522,22.422,0.00,0.00,0.00,0.00,0.00,0.00
2026-07-22 11:44:30.522,22.455,0.00,0.00,0.00,0.00,0.00,0.00
2026-07-22 11:44:30.522,22.489,0.00,0.00,0.00,0.00,0.00,0.00
2026-07-22 11:44:30.522,22.522,0.00,0.00,0.00,0.00,0.00,0.00
2026-07-22 11:44:30.522,22.556,0.00,0.00,0.00,0.00,0.00,0.00
2026-07-22 11:44:30.522,22.589,0.00,0.00,0.00,0.00,0.00,0.00
2026-07-22 11:44:30.522,22.623,0.00,0.00,0.00,0.00,0.00,0.00
2026-07-22 11:44:30.522,22.656,0.00,0.00,0.00,0.00,0.00,0.00
2026-07-22 11:44:30.522,22.690,0.00,0.00,0.00,0.00,0.00,0.00
2026-07-22 11:44:30.522,22.724,0.00,0.00,0.00,0.00,0.00,0.00
2026-07-22 11:44:30.522,22.757,0.00,0.00,0.00,0.00,0.00,0.00
2026-07-22 11:44:30.522,22.791,0.00,0.00,0.00,0.00,0.00,0.00
2026-07-22 11:44:30.522,22.824,0.00,0.00,0.00,0.00,0.00,0.00
2026-07-22 11:44:30.522,22.858,0.00,0.00,0.00,0.00,0.00,0.00
2026-07-22 11:44:30.522,22.891,0.00,0.00,0.00,0.00,0.00,0.00
2026-07-22 11:44:30.522,22.925,0.00,0.00,0.00,0.00,0.00,0.00
2026-07-22 11:44:30.522,22.958,0.00,0.00,0.00,0.00,0.00,0.00
2026-07-22 11:44:30.522,22.991,0.00,0.00,0.00,0.00,0.00,0.00
2026-07-22 11:44:30.522,23.025,0.00,0.00,0.00,0.00,0.00,0.00
2026-07-22 11:44:30.522,23.058,0.00,0.00,0.00,0.00,0.00,0.00
2026-07-22 11:44:30.522,23.092,0.00,0.00,0.00,0.00,0.00,0.00
2026-07-22 11:44:30.522,23.125,0.00,0.00,0.00,0.00,0.00,0.00
2026-07-22 11:44:30.522,23.159,0.00,0.00,0.00,0.00,0.00,0.00
2026-07-22 11:44:30.522,23.192,0.00,0.00,0.00,0.00,0.00,0.00
2026-07-22 11:44:30.522,23.225,0.00,0.00,0.00,0.00,0.00,0.00
2026-07-22 11:44:30.522,23.259,0.00,0.00,0.00,0.00,0.00,0.00
2026-07-22 11:44:30.522,23.292,0.00,0.00,0.00,0.00,0.00,0.00
2026-07-22 11:44:30.522,23.326,0.00,0.00,0.00,0.00,0.00,0.00
2026-07-22 11:44:30.522,23.359,0.00,0.00,0.00,0.00,0.00,0.00
2026-07-22 11:44:30.522,23.393,0.00,0.00,0.00,0.00,0.00,0.00
2026-07-22 11:44:30.522,23.426,0.00,0.00,0.00,0.00,0.00,0.00
2026-07-22 11:44:30.522,23.460,0.00,0.00,0.00,0.00,0.00,0.00
2026-07-22 11:44:30.522,23.494,0.00,0.00,0.00,0.00,0.00,0.00
2026-07-22 11:44:30.522,23.527,0.00,0.00,0.00,0.00,0.00,0.00
2026-07-22 11:44:30.522,23.561,0.00,0.00,0.00,0.00,0.00,0.00
2026-07-22 11:44:30.522,23.594,0.00,0.00,0.00,0.00,0.00,0.00
2026-07-22 11:44:30.522,23.628,0.00,0.00,0.00,0.00,0.00,0.00
2026-07-22 11:44:30.522,23.661,0.00,0.00,0.00,0.00,0.00,0.00
2026-07-22 11:44:30.522,23.695,0.00,0.00,0.00,0.00,0.00,0.00
2026-07-22 11:44:30.522,23.728,0.00,0.00,0.00,0.00,0.00,0.00
2026-07-22 11:44:30.522,23.762,0.00,0.00,0.00,0.00,0.00,0.00
2026-07-22 11:44:30.522,23.795,0.00,0.00,0.00,0.00,0.00,0.00
2026-07-22 11:44:30.522,23.829,0.00,0.00,0.00,0.00,0.00,0.00
2026-07-22 11:44:30.522,23.863,0.00,0.00,0.00,0.00,0.00,0.00
2026-07-22 11:44:30.522,23.896,0.00,0.00,0.00,0.00,0.00,0.00
2026-07-22 11:44:30.522,23.929,0.00,0.00,0.00,0.00,0.00,0.00
2026-07-22 11:44:30.522,23.963,0.00,0.00,0.00,0.00,0.00,0.00
2026-07-22 11:44:30.522,23.996,0.00,0.00,0.00,0.00,0.00,0.00
2026-07-22 11:44:30.522,24.029,0.00,0.00,0.00,0.00,0.00,0.00
2026-07-22 11:44:30.522,24.063,0.00,0.00,0.00,0.00,0.00,0.00
2026-07-22 11:44:30.522,24.096,0.00,0.00,0.00,0.00,0.00,0.00
2026-07-22 11:44:30.522,24.130,0.00,0.00,0.00,0.00,0.00,0.00
2026-07-22 11:44:30.522,24.163,0.00,0.00,0.00,0.00,0.00,0.00
2026-07-22 11:44:30.522,24.197,0.00,0.00,0.00,0.00,0.00,0.00
2026-07-22 11:44:30.522,24.230,0.00,0.00,0.00,0.00,0.00,0.00
2026-07-22 11:44:30.522,24.263,0.00,0.00,0.00,0.00,0.00,0.00
2026-07-22 11:44:30.522,24.296,0.00,0.00,0.00,0.00,0.00,0.00
2026-07-22 11:44:30.522,24.330,0.00,0.00,0.00,0.00,0.00,0.00
2026-07-22 11:44:30.522,24.363,0.00,0.00,0.00,0.00,0.00,0.00
2026-07-22 11:44:30.522,24.396,0.00,0.00,0.00,0.00,0.00,0.00
2026-07-22 11:44:30.522,24.430,0.00,0.00,0.00,0.00,0.00,0.00
2026-07-22 11:44:30.522,24.463,0.00,0.00,0.00,0.00,0.00,0.00
2026-07-22 11:44:30.522,24.496,0.00,0.00,0.00,0.00,0.00,0.00
2026-07-22 11:44:30.522,24.530,0.00,0.00,0.00,0.00,0.00,0.00
2026-07-22 11:44:30.522,24.563,0.00,0.00,0.00,0.00,0.00,0.00
2026-07-22 11:44:30.522,24.597,0.00,0.00,0.00,0.00,0.00,0.00
2026-07-22 11:44:30.522,24.630,0.00,0.00,0.00,0.00,0.00,0.00
2026-07-22 11:44:30.522,24.663,0.00,0.00,0.00,0.00,0.00,0.00
2026-07-22 11:44:30.522,24.696,0.00,0.00,0.00,0.00,0.00,0.00
2026-07-22 11:44:30.522,24.730,0.00,0.00,0.00,0.00,0.00,0.00
2026-07-22 11:44:30.522,24.763,0.00,0.00,0.00,0.00,0.00,0.00
2026-07-22 11:44:30.522,24.796,0.00,0.00,0.00,0.00,0.00,0.00
2026-07-22 11:44:30.522,24.830,0.00,0.00,0.00,0.00,0.00,0.00
2026-07-22 11:44:30.522,24.863,0.00,0.00,0.00,0.00,0.00,0.00
2026-07-22 11:44:30.522,24.897,0.00,0.00,0.00,0.00,0.00,0.00
2026-07-22 11:44:30.522,24.930,0.00,0.00,0.00,0.00,0.00,0.00
2026-07-22 11:44:30.522,24.963,0.00,0.00,0.00,0.00,0.00,0.00
2026-07-22 11:44:30.522,24.997,0.00,0.00,0.00,0.00,0.00,0.00
2026-07-22 11:44:30.522,25.030,0.00,0.00,0.00,0.00,0.00,0.00
2026-07-22 11:44:30.522,25.063,0.00,0.00,0.00,0.00,0.00,0.00
2026-07-22 11:44:30.522,25.096,0.00,0.00,0.00,0.00,0.00,0.00
2026-07-22 11:44:30.522,25.129,0.00,0.00,0.00,0.00,0.00,0.00
2026-07-22 11:44:30.522,25.163,0.00,0.00,0.00,0.00,0.00,0.00
2026-07-22 11:44:30.522,25.196,0.00,0.00,0.00,0.00,0.00,0.00
2026-07-22 11:44:30.522,25.230,0.00,0.00,0.00,0.00,0.00,0.00
2026-07-22 11:44:30.522,25.263,0.00,0.00,0.00,0.00,0.00,0.00
2026-07-22 11:44:30.522,25.296,0.00,0.00,0.00,0.00,0.00,0.00
2026-07-22 11:44:30.522,25.330,0.00,0.00,0.00,0.00,0.00,0.00
2026-07-22 11:44:30.522,25.363,0.00,0.00,0.00,0.00,0.00,0.00
2026-07-22 11:44:30.522,25.396,0.00,0.00,0.00,0.00,0.00,0.00
2026-07-22 11:44:30.522,25.430,0.00,0.00,0.00,0.00,0.00,0.00
2026-07-22 11:44:30.522,25.463,0.00,0.00,0.00,0.00,0.00,0.00
2026-07-22 11:44:30.522,25.496,0.00,0.00,0.00,0.00,0.00,0.00
2026-07-22 11:44:30.522,25.530,0.00,0.00,0.00,0.00,0.00,0.00
2026-07-22 11:44:30.522,25.563,0.00,0.00,0.00,0.00,0.00,0.00
2026-07-22 11:44:30.522,25.597,0.00,0.00,0.00,0.00,0.00,0.00
2026-07-22 11:44:30.522,25.630,0.00,0.00,0.00,0.00,0.00,0.00
2026-07-22 11:44:30.522,25.663,0.00,0.00,0.00,0.00,0.00,0.00
2026-07-22 11:44:30.522,25.697,0.00,0.00,0.00,0.00,0.00,0.00
2026-07-22 11:44:30.522,25.730,0.00,0.00,0.00,0.00,0.00,0.00
2026-07-22 11:44:30.522,25.763,0.00,0.00,0.00,0.00,0.00,0.00
2026-07-22 11:44:30.522,25.797,0.00,0.00,0.00,0.00,0.00,0.00
2026-07-22 11:44:30.522,25.830,0.00,0.00,0.00,0.00,0.00,0.00
2026-07-22 11:44:30.522,25.864,0.00,0.00,0.00,0.00,0.00,0.00
2026-07-22 11:44:30.522,25.897,0.00,0.00,0.00,0.00,0.00,0.00
2026-07-22 11:44:30.522,25.931,0.00,0.00,0.00,0.00,0.00,0.00
2026-07-22 11:44:30.522,25.964,0.00,0.00,0.00,0.00,0.00,0.00
2026-07-22 11:44:30.522,25.997,0.00,0.00,0.00,0.00,0.00,0.00
2026-07-22 11:44:30.522,26.030,0.00,0.00,0.00,0.00,0.00,0.00
2026-07-22 11:44:30.522,26.064,0.00,0.00,0.00,0.00,0.00,0.00
2026-07-22 11:44:30.522,26.097,0.00,0.00,0.00,0.00,0.00,0.00
2026-07-22 11:44:30.522,26.130,0.00,0.00,0.00,0.00,0.00,0.00
2026-07-22 11:44:30.522,26.164,0.00,0.00,0.00,0.00,0.00,0.00
2026-07-22 11:44:30.522,26.197,0.00,0.00,0.00,0.00,0.00,0.00
2026-07-22 11:44:30.522,26.231,0.00,0.00,0.00,0.00,0.00,0.00
2026-07-22 11:44:30.522,26.264,0.00,0.00,0.00,0.00,0.00,0.00
2026-07-22 11:44:30.522,26.298,0.00,0.00,0.00,0.00,0.00,0.00
2026-07-22 11:44:30.522,26.331,0.00,0.00,0.00,0.00,0.00,0.00
2026-07-22 11:44:30.522,26.364,0.00,0.00,0.00,0.00,0.00,0.00
2026-07-22 11:44:30.522,26.398,0.00,0.00,0.00,0.00,0.00,0.00
2026-07-22 11:44:30.522,26.431,0.00,0.00,0.00,0.00,0.00,0.00
2026-07-22 11:44:30.522,26.464,0.00,0.00,0.00,0.00,0.00,0.00
2026-07-22 11:44:30.522,26.498,0.00,0.00,0.00,0.00,0.00,0.00
2026-07-22 11:44:30.522,26.531,0.00,0.00,0.00,0.00,0.00,0.00
2026-07-22 11:44:30.522,26.565,0.00,0.00,0.00,0.00,0.00,0.00
2026-07-22 11:44:30.522,26.598,0.00,0.00,0.00,0.00,0.00,0.00
2026-07-22 11:44:30.522,26.631,0.00,0.00,0.00,0.00,0.00,0.00
2026-07-22 11:44:30.522,26.665,0.00,0.00,0.00,0.00,0.00,0.00
2026-07-22 11:44:30.522,26.698,0.00,0.00,0.00,0.00,0.00,0.00
2026-07-22 11:44:30.522,26.732,0.00,0.00,0.00,0.00,0.00,0.00
2026-07-22 11:44:30.522,26.765,0.00,0.00,0.00,0.00,0.00,0.00
2026-07-22 11:44:30.522,26.798,0.00,0.00,0.00,0.00,0.00,0.00
2026-07-22 11:44:30.522,26.832,0.00,0.00,0.00,0.00,0.00,0.00
2026-07-22 11:44:30.522,26.865,0.00,0.00,0.00,0.00,0.00,0.00
2026-07-22 11:44:30.522,26.898,0.00,0.00,0.00,0.00,0.00,0.00
2026-07-22 11:44:30.522,26.932,0.00,0.00,0.00,0.00,0.00,0.00
2026-07-22 11:44:30.522,26.965,0.00,0.00,0.00,0.00,0.00,0.00
2026-07-22 11:44:30.522,26.999,0.00,0.00,0.00,0.00,0.00,0.00
2026-07-22 11:44:30.522,27.032,0.00,0.00,0.00,0.00,0.00,0.00
2026-07-22 11:44:30.522,27.065,0.00,0.00,0.00,0.00,0.00,0.00
2026-07-22 11:44:30.522,27.098,0.00,0.00,0.00,0.00,0.00,0.00
2026-07-22 11:44:30.522,27.132,0.00,0.00,0.00,0.00,0.00,0.00
2026-07-22 11:44:30.522,27.165,0.00,0.00,0.00,0.00,0.00,0.00
2026-07-22 11:44:30.522,27.199,0.00,0.00,0.00,0.00,0.00,0.00
2026-07-22 11:44:30.522,27.232,0.00,0.00,0.00,0.00,0.00,0.00
2026-07-22 11:44:30.522,27.265,0.00,0.00,0.00,0.00,0.00,0.00
2026-07-22 11:44:30.522,27.298,0.00,0.00,0.00,0.00,0.00,0.00
2026-07-22 11:44:30.522,27.332,0.00,0.00,0.00,0.00,0.00,0.00
2026-07-22 11:44:30.522,27.366,0.00,0.00,0.00,0.00,0.00,0.00
2026-07-22 11:44:30.522,27.399,0.00,0.00,0.00,0.00,0.00,0.00
2026-07-22 11:44:30.522,27.432,0.00,0.00,0.00,0.00,0.00,0.00
2026-07-22 11:44:30.522,27.465,0.00,0.00,0.00,0.00,0.00,0.00
2026-07-22 11:44:30.522,27.499,0.00,0.00,0.00,0.00,0.00,0.00
2026-07-22 11:44:30.522,27.533,0.00,0.00,0.00,0.00,0.00,0.00
2026-07-22 11:44:30.522,27.566,0.00,0.00,0.00,0.00,0.00,0.00
2026-07-22 11:44:30.522,27.600,0.00,0.00,0.00,0.00,0.00,0.00
2026-07-22 11:44:30.522,27.633,0.00,0.00,0.00,0.00,0.00,0.00
2026-07-22 11:44:30.522,27.667,0.00,0.00,0.00,0.00,0.00,0.00
2026-07-22 11:44:30.522,27.700,0.00,0.00,0.00,0.00,0.00,0.00
2026-07-22 11:44:30.522,27.733,0.00,0.00,0.00,0.00,0.00,0.00
2026-07-22 11:44:30.523,27.767,0.00,0.00,0.00,0.00,0.00,0.00
2026-07-22 11:44:30.523,27.800,0.00,0.00,0.00,0.00,0.00,0.00
2026-07-22 11:44:30.523,27.834,0.00,0.00,0.00,0.00,0.00,0.00
2026-07-22 11:44:30.523,27.867,0.00,0.00,0.00,0.00,0.00,0.00
2026-07-22 11:44:30.523,27.900,0.00,0.00,0.00,0.00,0.00,0.00
2026-07-22 11:44:30.523,27.933,0.00,0.00,0.00,0.00,0.00,0.00
2026-07-22 11:44:30.523,27.967,0.00,0.00,0.00,0.00,0.00,0.00
2026-07-22 11:44:30.523,28.001,0.00,0.00,0.00,0.00,0.00,0.00
2026-07-22 11:44:30.523,28.035,0.00,0.00,0.00,0.00,0.00,0.00
2026-07-22 11:44:30.523,28.068,0.00,0.00,0.00,0.00,0.00,0.00
2026-07-22 11:44:30.523,28.102,0.00,0.00,0.00,0.00,0.00,0.00
2026-07-22 11:44:30.523,28.136,0.00,0.00,0.00,0.00,0.00,0.00
2026-07-22 11:44:30.523,28.169,0.00,0.00,0.00,0.00,0.00,0.00
2026-07-22 11:44:30.523,28.203,0.00,0.00,0.00,0.00,0.00,0.00
2026-07-22 11:44:30.523,28.236,0.00,0.00,0.00,0.00,0.00,0.00
2026-07-22 11:44:30.523,28.270,0.00,0.00,0.00,0.00,0.00,0.00
2026-07-22 11:44:30.523,28.303,0.00,0.00,0.00,0.00,0.00,0.00
2026-07-22 11:44:30.523,28.337,0.00,0.00,0.00,0.00,0.00,0.00
2026-07-22 11:44:30.523,28.370,0.00,0.00,0.00,0.00,0.00,0.00
2026-07-22 11:44:30.523,28.404,0.00,0.00,0.00,0.00,0.00,0.00
2026-07-22 11:44:30.523,28.438,0.00,0.00,0.00,0.00,0.00,0.00
2026-07-22 11:44:30.523,28.471,0.00,0.00,0.00,0.00,0.00,0.00
2026-07-22 11:44:30.523,28.505,0.00,0.00,0.00,0.00,0.00,0.00
2026-07-22 11:44:30.523,28.538,0.00,0.00,0.00,0.00,0.00,0.00
2026-07-22 11:44:30.523,28.572,0.00,0.00,0.00,0.00,0.00,0.00
2026-07-22 11:44:30.523,28.605,0.00,0.00,0.00,0.00,0.00,0.00
2026-07-22 11:44:30.523,28.639,0.00,0.00,0.00,0.00,0.00,0.00
2026-07-22 11:44:30.523,28.673,0.00,0.00,0.00,0.00,0.00,0.00
2026-07-22 11:44:30.523,28.706,0.00,0.00,0.00,0.00,0.00,0.00
2026-07-22 11:44:30.523,28.740,0.00,0.00,0.00,0.00,0.00,0.00
2026-07-22 11:44:30.523,28.773,0.00,0.00,0.00,0.00,0.00,0.00
2026-07-22 11:44:30.523,28.807,0.00,0.00,0.00,0.00,0.00,0.00
2026-07-22 11:44:30.523,28.840,0.00,0.00,0.00,0.00,0.00,0.00
2026-07-22 11:44:30.523,28.874,0.00,0.00,0.00,0.00,0.00,0.00
2026-07-22 11:44:30.523,28.907,0.00,0.00,0.00,0.00,0.00,0.00
2026-07-22 11:44:30.523,28.941,0.00,0.00,0.00,0.00,0.00,0.00
2026-07-22 11:44:30.523,28.974,0.00,0.00,0.00,0.00,0.00,0.00
2026-07-22 11:44:30.523,29.008,0.00,0.00,0.00,0.00,0.00,0.00
2026-07-22 11:44:30.523,29.042,0.00,0.00,0.00,0.00,0.00,0.00
2026-07-22 11:44:30.523,29.075,0.00,0.00,0.00,0.00,0.00,0.00
2026-07-22 11:44:30.523,29.109,0.00,0.00,0.00,0.00,0.00,0.00
2026-07-22 11:44:30.523,29.142,0.00,0.00,0.00,0.00,0.00,0.00
2026-07-22 11:44:30.523,29.176,0.00,0.00,0.00,0.00,0.00,0.00
2026-07-22 11:44:30.523,29.209,0.00,0.00,0.00,0.00,0.00,0.00
2026-07-22 11:44:30.523,29.243,0.00,0.00,0.00,0.00,0.00,0.00
2026-07-22 11:44:30.523,29.276,0.00,0.00,0.00,0.00,0.00,0.00
2026-07-22 11:44:30.523,29.310,0.00,0.00,0.00,0.00,0.00,0.00
2026-07-22 11:44:30.523,29.343,0.00,0.00,0.00,0.00,0.00,0.00
2026-07-22 11:44:30.523,29.377,0.00,0.00,0.00,0.00,0.00,0.00
2026-07-22 11:44:30.523,29.410,0.00,0.00,0.00,0.00,0.00,0.00
2026-07-22 11:44:30.523,29.443,0.00,0.00,0.00,0.00,0.00,0.00
2026-07-22 11:44:30.523,29.477,0.00,0.00,0.00,0.00,0.00,0.00
2026-07-22 11:44:30.523,29.510,0.00,0.00,0.00,0.00,0.00,0.00
2026-07-22 11:44:30.523,29.544,0.00,0.00,0.00,0.00,0.00,0.00
2026-07-22 11:44:30.523,29.577,0.00,0.00,0.00,0.00,0.00,0.00
2026-07-22 11:44:30.523,29.611,0.00,0.00,0.00,0.00,0.00,0.00
2026-07-22 11:44:30.523,29.645,0.00,0.00,0.00,0.00,0.00,0.00
2026-07-22 11:44:30.523,29.678,0.00,0.00,0.00,0.00,0.00,0.00
2026-07-22 11:44:30.523,29.711,0.00,0.00,0.00,0.00,0.00,0.00
2026-07-22 11:44:30.523,29.745,0.00,0.00,0.00,0.00,0.00,0.00
2026-07-22 11:44:30.523,29.779,0.00,0.00,0.00,0.00,0.00,0.00
2026-07-22 11:44:30.523,29.813,0.00,0.00,0.00,0.00,0.00,0.00
2026-07-22 11:44:30.523,29.846,0.00,0.00,0.00,0.00,0.00,0.00
2026-07-22 11:44:30.523,29.880,0.00,0.00,0.00,0.00,0.00,0.00
2026-07-22 11:44:30.523,29.913,0.00,0.00,0.00,0.00,0.00,0.00
2026-07-22 11:44:30.523,29.947,0.00,0.00,0.00,0.00,0.00,0.00
2026-07-22 11:44:30.523,29.980,0.00,0.00,0.00,0.00,0.00,0.00
2026-07-22 11:44:30.523,30.014,0.00,0.00,0.00,0.00,0.00,0.00
2026-07-22 11:44:30.523,30.047,0.00,0.00,0.00,0.00,0.00,0.00
2026-07-22 11:44:30.523,30.081,0.00,0.00,0.00,0.00,0.00,0.00
2026-07-22 11:44:30.523,30.115,0.00,0.00,0.00,0.00,0.00,0.00
2026-07-22 11:44:30.523,30.148,0.00,0.00,0.00,0.00,0.00,0.00
2026-07-22 11:44:30.523,30.182,0.00,0.00,0.00,0.00,0.00,0.00
2026-07-22 11:44:30.523,30.215,0.00,0.00,0.00,0.00,0.00,0.00
2026-07-22 11:44:30.523,30.249,0.00,0.00,0.00,0.00,0.00,0.00
2026-07-22 11:44:30.523,30.282,0.00,0.00,0.00,0.00,0.00,0.00
2026-07-22 11:44:30.523,30.315,0.00,0.00,0.00,0.00,0.00,0.00
2026-07-22 11:44:30.523,30.349,0.00,0.00,0.00,0.00,0.00,0.00
2026-07-22 11:44:30.523,30.383,0.00,0.00,0.00,0.00,0.00,0.00
2026-07-22 11:44:30.523,30.417,0.00,0.00,0.00,0.00,0.00,0.00
2026-07-22 11:44:30.523,30.450,0.00,0.00,0.00,0.00,0.00,0.00
2026-07-22 11:44:30.523,30.484,0.00,0.00,0.00,0.00,0.00,0.00
2026-07-22 11:44:30.523,30.517,0.00,0.00,0.00,0.00,0.00,0.00
2026-07-22 11:44:30.523,30.550,0.00,0.00,0.00,0.00,0.00,0.00
2026-07-22 11:44:30.523,30.584,0.00,0.00,0.00,0.00,0.00,0.00
2026-07-22 11:44:30.523,30.617,0.00,0.00,0.00,0.00,0.00,0.00
2026-07-22 11:44:30.523,30.650,0.00,0.00,0.00,0.00,0.00,0.00
2026-07-22 11:44:30.523,30.684,0.00,0.00,0.00,0.00,0.00,0.00
2026-07-22 11:44:30.523,30.717,0.00,0.00,0.00,0.00,0.00,0.00
2026-07-22 11:44:30.523,30.751,0.00,0.00,0.00,0.00,0.00,0.00
2026-07-22 11:44:30.523,30.784,0.00,0.00,0.00,0.00,0.00,0.00
2026-07-22 11:44:30.523,30.818,0.00,0.00,0.00,0.00,0.00,0.00
2026-07-22 11:44:30.523,30.851,0.00,0.00,0.00,0.00,0.00,0.00
2026-07-22 11:44:30.523,30.885,0.00,0.00,0.00,0.00,0.00,0.00
2026-07-22 11:44:30.523,30.918,0.00,0.00,0.00,0.00,0.00,0.00
2026-07-22 11:44:30.523,30.952,0.00,0.00,0.00,0.00,0.00,0.00
2026-07-22 11:44:30.523,30.985,0.00,0.00,0.00,0.00,0.00,0.00
2026-07-22 11:44:30.523,31.019,0.00,0.00,0.00,0.00,0.00,0.00
2026-07-22 11:44:30.523,31.053,0.00,0.00,0.00,0.00,0.00,0.00
2026-07-22 11:44:30.523,31.087,0.00,0.00,0.00,0.00,0.00,0.00
2026-07-22 11:44:30.523,31.120,0.00,0.00,0.00,0.00,0.00,0.00
2026-07-22 11:44:30.523,31.154,0.00,0.00,0.00,0.00,0.00,0.00
2026-07-22 11:44:30.523,31.188,0.00,0.00,0.00,0.00,0.00,0.00
2026-07-22 11:44:30.523,31.221,0.00,0.00,0.00,0.00,0.00,0.00
2026-07-22 11:44:30.523,31.255,0.00,0.00,0.00,0.00,0.00,0.00
2026-07-22 11:44:30.523,31.289,0.00,0.00,0.00,0.00,0.00,0.00
2026-07-22 11:44:30.523,31.322,0.00,0.00,0.00,0.00,0.00,0.00
2026-07-22 11:44:30.523,31.356,0.00,0.00,0.00,0.00,0.00,0.00
2026-07-22 11:44:30.523,31.389,0.00,0.00,0.00,0.00,0.00,0.00
2026-07-22 11:44:30.523,31.423,0.00,0.00,0.00,0.00,0.00,0.00
2026-07-22 11:44:30.523,31.457,0.00,0.00,0.00,0.00,0.00,0.00
2026-07-22 11:44:30.523,31.490,0.00,0.00,0.00,0.00,0.00,0.00
2026-07-22 11:44:30.523,31.524,0.00,0.00,0.00,0.00,0.00,0.00
2026-07-22 11:44:30.523,31.557,0.00,0.00,0.00,0.00,0.00,0.00
2026-07-22 11:44:30.523,31.591,0.00,0.00,0.00,0.00,0.00,0.00
2026-07-22 11:44:30.523,31.624,0.00,0.00,0.00,0.00,0.00,0.00
2026-07-22 11:44:30.523,31.658,0.00,0.00,0.00,0.00,0.00,0.00
2026-07-22 11:44:30.523,31.692,0.00,0.00,0.00,0.00,0.00,0.00
2026-07-22 11:44:30.523,31.725,0.00,0.00,0.00,0.00,0.00,0.00
2026-07-22 11:44:30.523,31.759,0.00,0.00,0.00,0.00,0.00,0.00
2026-07-22 11:44:30.524,31.792,0.00,0.00,0.00,0.00,0.00,0.00
2026-07-22 11:44:30.524,31.826,0.00,0.00,0.00,0.00,0.00,0.00
2026-07-22 11:44:30.524,31.859,0.00,0.00,0.00,0.00,0.00,0.00
2026-07-22 11:44:30.524,31.893,0.00,0.00,0.00,0.00,0.00,0.00
2026-07-22 11:44:30.524,31.926,0.00,0.00,0.00,0.00,0.00,0.00
2026-07-22 11:44:30.524,31.960,0.00,0.00,0.00,0.00,0.00,0.00
2026-07-22 11:44:30.524,31.994,0.00,0.00,0.00,0.00,0.00,0.00
2026-07-22 11:44:30.524,32.027,0.00,0.00,0.00,0.00,0.00,0.00
2026-07-22 11:44:30.524,32.061,0.00,0.00,0.00,0.00,0.00,0.00
2026-07-22 11:44:30.524,32.094,0.00,0.00,0.00,0.00,0.00,0.00
2026-07-22 11:44:30.524,32.128,0.00,0.00,0.00,0.00,0.00,0.00
2026-07-22 11:44:30.524,32.161,0.00,0.00,0.00,0.00,0.00,0.00
2026-07-22 11:44:30.524,32.195,0.00,0.00,0.00,0.00,0.00,0.00
2026-07-22 11:44:30.524,32.228,0.00,0.00,0.00,0.00,0.00,0.00
2026-07-22 11:44:30.524,32.262,0.00,0.00,0.00,0.00,0.00,0.00
2026-07-22 11:44:30.524,32.295,0.00,0.00,0.00,0.00,0.00,0.00
2026-07-22 11:44:30.524,32.329,0.00,0.00,0.00,0.00,0.00,0.00
2026-07-22 11:44:30.524,32.362,0.00,0.00,0.00,0.00,0.00,0.00
2026-07-22 11:44:30.524,32.396,0.00,0.00,0.00,0.00,0.00,0.00
2026-07-22 11:44:30.524,32.429,0.00,0.00,0.00,0.00,0.00,0.00
2026-07-22 11:44:30.524,32.463,0.00,0.00,0.00,0.00,0.00,0.00
2026-07-22 11:44:30.524,32.496,0.00,0.00,0.00,0.00,0.00,0.00
2026-07-22 11:44:30.524,32.529,0.00,0.00,0.00,0.00,0.00,0.00
2026-07-22 11:44:30.524,32.562,0.00,0.00,0.00,0.00,0.00,0.00
2026-07-22 11:44:30.524,32.596,0.00,0.00,0.00,0.00,0.00,0.00
2026-07-22 11:44:30.524,32.629,0.00,0.00,0.00,0.00,0.00,0.00
2026-07-22 11:44:30.524,32.663,0.00,0.00,0.00,0.00,0.00,0.00
2026-07-22 11:44:30.524,32.697,0.00,0.00,0.00,0.00,0.00,0.00
2026-07-22 11:44:30.524,32.730,0.00,0.00,0.00,0.00,0.00,0.00
2026-07-22 11:44:30.524,32.763,0.00,0.00,0.00,0.00,0.00,0.00
2026-07-22 11:44:30.524,32.797,0.00,0.00,0.00,0.00,0.00,0.00
2026-07-22 11:44:30.524,32.830,0.00,0.00,0.00,0.00,0.00,0.00
2026-07-22 11:44:30.524,32.863,0.00,0.00,0.00,0.00,0.00,0.00
2026-07-22 11:44:30.524,32.897,0.00,0.00,0.00,0.00,0.00,0.00
2026-07-22 11:44:30.524,32.930,0.00,0.00,0.00,0.00,0.00,0.00
2026-07-22 11:44:30.524,32.963,0.00,0.00,0.00,0.00,0.00,0.00
2026-07-22 11:44:30.524,32.997,0.00,0.00,0.00,0.00,0.00,0.00
2026-07-22 11:44:30.524,33.030,0.00,0.00,0.00,0.00,0.00,0.00
2026-07-22 11:44:30.524,33.063,0.00,0.00,0.00,0.00,0.00,0.00
2026-07-22 11:44:30.524,33.097,0.00,0.00,0.00,0.00,0.00,0.00
2026-07-22 11:44:30.524,33.130,0.00,0.00,0.00,0.00,0.00,0.00
2026-07-22 11:44:30.524,33.163,0.00,0.00,0.00,0.00,0.00,0.00
2026-07-22 11:44:30.524,33.196,0.00,0.00,0.00,0.00,0.00,0.00
2026-07-22 11:44:30.524,33.230,0.00,0.00,0.00,0.00,0.00,0.00
2026-07-22 11:44:30.524,33.263,0.00,0.00,0.00,0.00,0.00,0.00
2026-07-22 11:44:30.524,33.296,0.00,0.00,0.00,0.00,0.00,0.00
2026-07-22 11:44:30.524,33.330,0.00,0.00,0.00,0.00,0.00,0.00
2026-07-22 11:44:30.524,33.364,0.00,0.00,0.00,0.00,0.00,0.00
2026-07-22 11:44:30.524,33.398,0.00,0.00,0.00,0.00,0.00,0.00
2026-07-22 11:44:30.524,33.432,0.00,0.00,0.00,0.00,0.00,0.00
2026-07-22 11:44:30.524,33.465,0.00,0.00,0.00,0.00,0.00,0.00
2026-07-22 11:44:30.524,33.498,0.00,0.00,0.00,0.00,0.00,0.00
2026-07-22 11:44:30.524,33.532,0.00,0.00,0.00,0.00,0.00,0.00
2026-07-22 11:44:30.524,33.566,0.00,0.00,0.00,0.00,0.00,0.00
2026-07-22 11:44:30.524,33.599,0.00,0.00,0.00,0.00,0.00,0.00
2026-07-22 11:44:30.524,33.632,0.00,0.00,0.00,0.00,0.00,0.00
2026-07-22 11:44:30.524,33.666,0.00,0.00,0.00,0.00,0.00,0.00
2026-07-22 11:44:30.524,33.699,0.00,0.00,0.00,0.00,0.00,0.00
2026-07-22 11:44:30.524,33.732,0.00,0.00,0.00,0.00,0.00,0.00
2026-07-22 11:44:30.524,33.766,0.00,0.00,0.00,0.00,0.00,0.00
2026-07-22 11:44:30.524,33.799,0.00,0.00,0.00,0.00,0.00,0.00
2026-07-22 11:44:30.524,33.833,0.00,0.00,0.00,0.00,0.00,0.00
2026-07-22 11:44:30.524,33.866,0.00,0.00,0.00,0.00,0.00,0.00
2026-07-22 11:44:30.524,33.899,0.00,0.00,0.00,0.00,0.00,0.00
2026-07-22 11:44:30.524,33.933,0.00,0.00,0.00,0.00,0.00,0.00
2026-07-22 11:44:30.524,33.966,0.00,0.00,0.00,0.00,0.00,0.00
2026-07-22 11:44:30.524,34.000,0.00,0.00,0.00,0.00,0.00,0.00
2026-07-22 11:44:30.524,34.033,0.00,0.00,0.00,0.00,0.00,0.00
2026-07-22 11:44:30.524,34.066,0.00,0.00,0.00,0.00,0.00,0.00
2026-07-22 11:44:30.524,34.100,0.00,0.00,0.00,0.00,0.00,0.00
2026-07-22 11:44:30.524,34.134,0.00,0.00,0.00,0.00,0.00,0.00
2026-07-22 11:44:30.524,34.167,0.00,0.00,0.00,0.00,0.00,0.00
2026-07-22 11:44:30.524,34.201,0.00,0.00,0.00,0.00,0.00,0.00
2026-07-22 11:44:30.524,34.234,0.00,0.00,0.00,0.00,0.00,0.00
2026-07-22 11:44:30.524,34.268,0.00,0.00,0.00,0.00,0.00,0.00
2026-07-22 11:44:30.524,34.301,0.00,0.00,0.00,0.00,0.00,0.00
2026-07-22 11:44:30.524,34.335,0.00,0.00,0.00,0.00,0.00,0.00
2026-07-22 11:44:30.524,34.368,0.00,0.00,0.00,0.00,0.00,0.00
2026-07-22 11:44:30.524,34.402,0.00,0.00,0.00,0.00,0.00,0.00
2026-07-22 11:44:30.524,34.436,0.00,0.00,0.00,0.00,0.00,0.00
2026-07-22 11:44:30.524,34.469,0.00,0.00,0.00,0.00,0.00,0.00
2026-07-22 11:44:30.524,34.502,0.00,0.00,0.00,0.00,0.00,0.00
2026-07-22 11:44:30.524,34.536,0.00,0.00,0.00,0.00,0.00,0.00
2026-07-22 11:44:30.524,34.570,0.00,0.00,0.00,0.00,0.00,0.00
2026-07-22 11:44:30.524,34.603,0.00,0.00,0.00,0.00,0.00,0.00
2026-07-22 11:44:30.524,34.637,0.00,0.00,0.00,0.00,0.00,0.00
2026-07-22 11:44:30.524,34.670,0.00,0.00,0.00,0.00,0.00,0.00
2026-07-22 11:44:30.524,34.703,0.00,0.00,0.00,0.00,0.00,0.00
2026-07-22 11:44:30.524,34.737,0.00,0.00,0.00,0.00,0.00,0.00
2026-07-22 11:44:30.524,34.770,0.00,0.00,0.00,0.00,0.00,0.00
2026-07-22 11:44:30.524,34.804,0.00,0.00,0.00,0.00,0.00,0.00
2026-07-22 11:44:30.524,34.838,0.00,0.00,0.00,0.00,0.00,0.00
2026-07-22 11:44:30.524,34.872,0.00,0.00,0.00,0.00,0.00,0.00
2026-07-22 11:44:30.524,34.905,0.00,0.00,0.00,0.00,0.00,0.00
2026-07-22 11:44:30.524,34.939,0.00,0.00,0.00,0.00,0.00,0.00
2026-07-22 11:44:30.524,34.973,0.00,0.00,0.00,0.00,0.00,0.00
2026-07-22 11:44:30.524,35.006,0.00,0.00,0.00,0.00,0.00,0.00
2026-07-22 11:44:30.524,35.040,0.00,0.00,0.00,0.00,0.00,0.00
2026-07-22 11:44:30.524,35.073,0.00,0.00,0.00,0.00,0.00,0.00
2026-07-22 11:44:30.524,35.107,0.00,0.00,0.00,0.00,0.00,0.00
2026-07-22 11:44:30.524,35.140,0.00,0.00,0.00,0.00,0.00,0.00
2026-07-22 11:44:30.524,35.174,0.00,0.00,0.00,0.00,0.00,0.00
2026-07-22 11:44:30.524,35.207,0.00,0.00,0.00,0.00,0.00,0.00
2026-07-22 11:44:30.524,35.241,0.00,0.00,0.00,0.00,0.00,0.00
2026-07-22 11:44:30.524,35.274,0.00,0.00,0.00,0.00,0.00,0.00
2026-07-22 11:44:30.524,35.308,0.00,0.00,0.00,0.00,0.00,0.00
2026-07-22 11:44:30.524,35.341,0.00,0.00,0.00,0.00,0.00,0.00
2026-07-22 11:44:30.524,35.374,0.00,0.00,0.00,0.00,0.00,0.00
2026-07-22 11:44:30.524,35.408,0.00,0.00,0.00,0.00,0.00,0.00
2026-07-22 11:44:30.524,35.442,0.00,0.00,0.00,0.00,0.00,0.00
2026-07-22 11:44:30.524,35.476,0.00,0.00,0.00,0.00,0.00,0.00
2026-07-22 11:44:30.524,35.509,0.00,0.00,0.00,0.00,0.00,0.00
2026-07-22 11:44:30.524,35.543,0.00,0.00,0.00,0.00,0.00,0.00
2026-07-22 11:44:30.524,35.576,0.00,0.00,0.00,0.00,0.00,0.00
2026-07-22 11:44:30.524,35.610,0.00,0.00,0.00,0.00,0.00,0.00
2026-07-22 11:44:30.524,35.643,0.00,0.00,0.00,0.00,0.00,0.00
2026-07-22 11:44:30.524,35.677,0.00,0.00,0.00,0.00,0.00,0.00
2026-07-22 11:44:30.524,35.711,0.00,0.00,0.00,0.00,0.00,0.00
2026-07-22 11:44:30.524,35.744,0.00,0.00,0.00,0.00,0.00,0.00
2026-07-22 11:44:30.524,35.777,0.00,0.00,0.00,0.00,0.00,0.00
2026-07-22 11:44:30.524,35.811,0.00,0.00,0.00,0.00,0.00,0.00
2026-07-22 11:44:30.524,35.844,0.00,0.00,0.00,0.00,0.00,0.00
2026-07-22 11:44:30.524,35.878,0.00,0.00,0.00,0.00,0.00,0.00
2026-07-22 11:44:30.524,35.911,0.00,0.00,0.00,0.00,0.00,0.00
2026-07-22 11:44:30.524,35.945,0.00,0.00,0.00,0.00,0.00,0.00
2026-07-22 11:44:30.524,35.978,0.00,0.00,0.00,0.00,0.00,0.00
2026-07-22 11:44:30.524,36.012,0.00,0.00,0.00,0.00,0.00,0.00
2026-07-22 11:44:30.524,36.045,0.00,0.00,0.00,0.00,0.00,0.00
2026-07-22 11:44:30.524,36.079,0.00,0.00,0.00,0.00,0.00,0.00
2026-07-22 11:44:30.524,36.112,0.00,0.00,0.00,0.00,0.00,0.00
2026-07-22 11:44:30.524,36.146,0.00,0.00,0.00,0.00,0.00,0.00
2026-07-22 11:44:30.524,36.181,0.00,0.00,0.00,0.00,0.00,0.00
2026-07-22 11:44:30.524,36.214,0.00,0.00,0.00,0.00,0.00,0.00
2026-07-22 11:44:30.524,36.247,0.00,0.00,0.00,0.00,0.00,0.00
2026-07-22 11:44:30.524,36.281,0.00,0.00,0.00,0.00,0.00,0.00
2026-07-22 11:44:30.524,36.314,0.00,0.00,0.00,0.00,0.00,0.00
2026-07-22 11:44:30.524,36.348,0.00,0.00,0.00,0.00,0.00,0.00
2026-07-22 11:44:30.524,36.381,0.00,0.00,0.00,0.00,0.00,0.00
2026-07-22 11:44:30.524,36.415,0.00,0.00,0.00,0.00,0.00,0.00
2026-07-22 11:44:30.524,36.449,0.00,0.00,0.00,0.00,0.00,0.00
2026-07-22 11:44:30.524,36.482,0.00,0.00,0.00,0.00,0.00,0.00
2026-07-22 11:44:30.524,36.516,0.00,0.00,0.00,0.00,0.00,0.00
2026-07-22 11:44:30.524,36.549,0.00,0.00,0.00,0.00,0.00,0.00
2026-07-22 11:44:30.524,36.583,0.00,0.00,0.00,0.00,0.00,0.00
2026-07-22 11:44:30.524,36.617,0.00,0.00,0.00,0.00,0.00,0.00
2026-07-22 11:44:30.524,36.651,0.00,0.00,0.00,0.00,0.00,0.00
2026-07-22 11:44:30.524,36.684,0.00,0.00,0.00,0.00,0.00,0.00
2026-07-22 11:44:30.524,36.717,0.00,0.00,0.00,0.00,0.00,0.00
2026-07-22 11:44:30.524,36.751,0.00,0.00,0.00,0.00,0.00,0.00
2026-07-22 11:44:30.524,36.785,0.00,0.00,0.00,0.00,0.00,0.00
2026-07-22 11:44:30.524,36.819,0.00,0.00,0.00,0.00,0.00,0.00
2026-07-22 11:44:30.524,36.852,0.00,0.00,0.00,0.00,0.00,0.00
2026-07-22 11:44:30.524,36.886,0.00,0.00,0.00,0.00,0.00,0.00
2026-07-22 11:44:30.524,36.919,0.00,0.00,0.00,0.00,0.00,0.00
2026-07-22 11:44:30.524,36.953,0.00,0.00,0.00,0.00,0.00,0.00
2026-07-22 11:44:30.524,36.986,0.00,0.00,0.00,0.00,0.00,0.00
2026-07-22 11:44:30.524,37.020,0.00,0.00,0.00,0.00,0.00,0.00
2026-07-22 11:44:30.524,37.053,0.00,0.00,0.00,0.00,0.00,0.00
2026-07-22 11:44:30.524,37.087,0.00,0.00,0.00,0.00,0.00,0.00
2026-07-22 11:44:30.524,37.121,0.00,0.00,0.00,0.00,0.00,0.00
2026-07-22 11:44:30.524,37.154,0.00,0.00,0.00,0.00,0.00,0.00
2026-07-22 11:44:30.524,37.188,0.00,0.00,0.00,0.00,0.00,0.00
2026-07-22 11:44:30.524,37.221,0.00,0.00,0.00,0.00,0.00,0.00
2026-07-22 11:44:30.524,37.254,0.00,0.00,0.00,0.00,0.00,0.00
2026-07-22 11:44:30.524,37.288,0.00,0.00,0.00,0.00,0.00,0.00
2026-07-22 11:44:30.524,37.321,0.00,0.00,0.00,0.00,0.00,0.00
2026-07-22 11:44:30.524,37.355,0.00,0.00,0.00,0.00,0.00,0.00
2026-07-22 11:44:30.524,37.388,0.00,0.00,0.00,0.00,0.00,0.00
2026-07-22 11:44:30.524,37.422,0.00,0.00,0.00,0.00,0.00,0.00
2026-07-22 11:44:30.524,37.456,0.00,0.00,0.00,0.00,0.00,0.00
2026-07-22 11:44:30.524,37.489,0.00,0.00,0.00,0.00,0.00,0.00
2026-07-22 11:44:30.524,37.522,0.00,0.00,0.00,0.00,0.00,0.00
2026-07-22 11:44:30.524,37.556,0.00,0.00,0.00,0.00,0.00,0.00
2026-07-22 11:44:30.524,37.590,0.00,0.00,0.00,0.00,0.00,0.00
2026-07-22 11:44:30.524,37.623,0.00,0.00,0.00,0.00,0.00,0.00
2026-07-22 11:44:30.524,37.657,0.00,0.00,0.00,0.00,0.00,0.00
2026-07-22 11:44:30.524,37.690,0.00,0.00,0.00,0.00,0.00,0.00
2026-07-22 11:44:30.524,37.724,0.00,0.00,0.00,0.00,0.00,0.00
2026-07-22 11:44:30.524,37.757,0.00,0.00,0.00,0.00,0.00,0.00
2026-07-22 11:44:30.524,37.791,0.00,0.00,0.00,0.00,0.00,0.00
2026-07-22 11:44:30.524,37.824,0.00,0.00,0.00,0.00,0.00,0.00
2026-07-22 11:44:30.524,37.858,0.00,0.00,0.00,0.00,0.00,0.00
2026-07-22 11:44:30.524,37.891,0.00,0.00,0.00,0.00,0.00,0.00
2026-07-22 11:44:30.524,37.925,0.00,0.00,0.00,0.00,0.00,0.00
2026-07-22 11:44:30.524,37.958,0.00,0.00,0.00,0.00,0.00,0.00
2026-07-22 11:44:30.524,37.991,0.00,0.00,0.00,0.00,0.00,0.00
2026-07-22 11:44:30.524,38.025,0.00,0.00,0.00,0.00,0.00,0.00
2026-07-22 11:44:30.524,38.059,0.00,0.00,0.00,0.00,0.00,0.00
2026-07-22 11:44:30.524,38.092,0.00,0.00,0.00,0.00,0.00,0.00
2026-07-22 11:44:30.524,38.126,0.00,0.00,0.00,0.00,0.00,0.00
2026-07-22 11:44:30.524,38.159,0.00,0.00,0.00,0.00,0.00,0.00
2026-07-22 11:44:30.524,38.193,0.00,0.00,0.00,0.00,0.00,0.00
2026-07-22 11:44:30.524,38.226,0.00,0.00,0.00,0.00,0.00,0.00
2026-07-22 11:44:30.524,38.260,0.00,0.00,0.00,0.00,0.00,0.00
2026-07-22 11:44:30.524,38.293,0.00,0.00,0.00,0.00,0.00,0.00
2026-07-22 11:44:30.524,38.326,0.00,0.00,0.00,0.00,0.00,0.00
2026-07-22 11:44:30.524,38.360,0.00,0.00,0.00,0.00,0.00,0.00
2026-07-22 11:44:30.524,38.394,0.00,0.00,0.00,0.00,0.00,0.00
2026-07-22 11:44:30.524,38.428,0.00,0.00,0.00,0.00,0.00,0.00
2026-07-22 11:44:30.524,38.461,0.00,0.00,0.00,0.00,0.00,0.00
2026-07-22 11:44:30.524,38.495,0.00,0.00,0.00,0.00,0.00,0.00
2026-07-22 11:44:30.524,38.529,0.00,0.00,0.00,0.00,0.00,0.00
2026-07-22 11:44:30.524,38.562,0.00,0.00,0.00,0.00,0.00,0.00
2026-07-22 11:44:30.524,38.596,0.00,0.00,0.00,0.00,0.00,0.00
2026-07-22 11:44:30.524,38.629,0.00,0.00,0.00,0.00,0.00,0.00
2026-07-22 11:44:30.524,38.663,0.00,0.00,0.00,0.00,0.00,0.00
2026-07-22 11:44:30.524,38.696,0.00,0.00,0.00,0.00,0.00,0.00
2026-07-22 11:44:30.524,38.729,0.00,0.00,0.00,0.00,0.00,0.00
2026-07-22 11:44:30.524,38.762,0.00,0.00,0.00,0.00,0.00,0.00
2026-07-22 11:44:30.524,38.796,0.00,0.00,0.00,0.00,0.00,0.00
2026-07-22 11:44:30.524,38.829,0.00,0.00,0.00,0.00,0.00,0.00
2026-07-22 11:44:30.524,38.862,0.00,0.00,0.00,0.00,0.00,0.00
2026-07-22 11:44:30.524,38.896,0.00,0.00,0.00,0.00,0.00,0.00
2026-07-22 11:44:30.524,38.929,0.00,0.00,0.00,0.00,0.00,0.00
2026-07-22 11:44:30.524,38.962,0.00,0.00,0.00,0.00,0.00,0.00
2026-07-22 11:44:30.524,38.996,0.00,0.00,0.00,0.00,0.00,0.00
2026-07-22 11:44:30.524,39.030,0.00,0.00,0.00,0.00,0.00,0.00
2026-07-22 11:44:30.524,39.063,0.00,0.00,0.00,0.00,0.00,0.00
2026-07-22 11:44:30.524,39.096,0.00,0.00,0.00,0.00,0.00,0.00
2026-07-22 11:44:30.524,39.130,0.00,0.00,0.00,0.00,0.00,0.00
2026-07-22 11:44:30.524,39.163,0.00,0.00,0.00,0.00,0.00,0.00
2026-07-22 11:44:30.524,39.197,0.00,0.00,0.00,0.00,0.00,0.00
2026-07-22 11:44:30.524,39.230,0.00,0.00,0.00,0.00,0.00,0.00
2026-07-22 11:44:30.524,39.263,0.00,0.00,0.00,0.00,0.00,0.00
2026-07-22 11:44:30.524,39.297,0.00,0.00,0.00,0.00,0.00,0.00
2026-07-22 11:44:30.524,39.330,0.00,0.00,0.00,0.00,0.00,0.00
2026-07-22 11:44:30.524,39.364,0.00,0.00,0.00,0.00,0.00,0.00
2026-07-22 11:44:30.524,39.397,0.00,0.00,0.00,0.00,0.00,0.00
2026-07-22 11:44:30.524,39.430,0.00,0.00,0.00,0.00,0.00,0.00
2026-07-22 11:44:30.525,39.464,0.00,0.00,0.00,0.00,0.00,0.00
2026-07-22 11:44:30.525,39.497,0.00,0.00,0.00,0.00,0.00,0.00
2026-07-22 11:44:30.525,39.530,0.00,0.00,0.00,0.00,0.00,0.00
2026-07-22 11:44:30.525,39.564,0.00,0.00,0.00,0.00,0.00,0.00
2026-07-22 11:44:30.525,39.597,0.00,0.00,0.00,0.00,0.00,0.00
2026-07-22 11:44:30.525,39.630,0.00,0.00,0.00,0.00,0.00,0.00
2026-07-22 11:44:30.525,39.663,0.00,0.00,0.00,0.00,0.00,0.00
2026-07-22 11:44:30.525,39.697,0.00,0.00,0.00,0.00,0.00,0.00
2026-07-22 11:44:30.525,39.730,0.00,0.00,0.00,0.00,0.00,0.00
2026-07-22 11:44:30.525,39.763,0.00,0.00,0.00,0.00,0.00,0.00
2026-07-22 11:44:30.525,39.797,0.00,0.00,0.00,0.00,0.00,0.00
2026-07-22 11:44:30.525,39.830,0.00,0.00,0.00,0.00,0.00,0.00
2026-07-22 11:44:30.525,39.864,0.00,0.00,0.00,0.00,0.00,0.00
2026-07-22 11:44:30.525,39.897,0.00,0.00,0.00,0.00,0.00,0.00
2026-07-22 11:44:30.525,39.930,0.00,0.00,0.00,0.00,0.00,0.00
2026-07-22 11:44:30.525,39.964,0.00,0.00,0.00,0.00,0.00,0.00
2026-07-22 11:44:30.525,39.997,0.00,0.00,0.00,0.00,0.00,0.00
2026-07-22 11:44:30.525,40.030,0.00,0.00,0.00,0.00,0.00,0.00
2026-07-22 11:44:30.525,40.065,0.00,0.00,0.00,0.00,0.00,0.00
2026-07-22 11:44:30.525,40.098,0.00,0.00,0.00,0.00,0.00,0.00
2026-07-22 11:44:30.525,40.131,0.00,0.00,0.00,0.00,0.00,0.00
2026-07-22 11:44:30.525,40.164,0.00,0.00,0.00,0.00,0.00,0.00
2026-07-22 11:44:30.525,40.197,0.00,0.00,0.00,0.00,0.00,0.00
2026-07-22 11:44:30.525,40.231,0.00,0.00,0.00,0.00,0.00,0.00
2026-07-22 11:44:30.525,40.264,0.00,0.00,0.00,0.00,0.00,0.00
2026-07-22 11:44:30.525,40.298,0.00,0.00,0.00,0.00,0.00,0.00
2026-07-22 11:44:30.525,40.331,0.00,0.00,0.00,0.00,0.00,0.00
2026-07-22 11:44:30.525,40.364,0.00,0.00,0.00,0.00,0.00,0.00
2026-07-22 11:44:30.525,40.398,0.00,0.00,0.00,0.00,0.00,0.00
2026-07-22 11:44:30.525,40.431,0.00,0.00,0.00,0.00,0.00,0.00
2026-07-22 11:44:30.525,40.465,0.00,0.00,0.00,0.00,0.00,0.00
2026-07-22 11:44:30.525,40.498,0.00,0.00,0.00,0.00,0.00,0.00
2026-07-22 11:44:30.525,40.531,0.00,0.00,0.00,0.00,0.00,0.00
2026-07-22 11:44:30.525,40.565,0.00,0.00,0.00,0.00,0.00,0.00
2026-07-22 11:44:30.525,40.598,0.00,0.00,0.00,0.00,0.00,0.00
2026-07-22 11:44:30.525,40.631,0.00,0.00,0.00,0.00,0.00,0.00
2026-07-22 11:44:30.525,40.664,0.00,0.00,0.00,0.00,0.00,0.00
2026-07-22 11:44:30.525,40.698,0.00,0.00,0.00,0.00,0.00,0.00
2026-07-22 11:44:30.525,40.732,0.00,0.00,0.00,0.00,0.00,0.00
2026-07-22 11:44:30.525,40.765,0.00,0.00,0.00,0.00,0.00,0.00
2026-07-22 11:44:30.525,40.799,0.00,0.00,0.00,0.00,0.00,0.00
2026-07-22 11:44:30.525,40.832,0.00,0.00,0.00,0.00,0.00,0.00
2026-07-22 11:44:30.525,40.866,0.00,0.00,0.00,0.00,0.00,0.00
2026-07-22 11:44:30.525,40.900,0.00,0.00,0.00,0.00,0.00,0.00
2026-07-22 11:44:30.525,40.933,0.00,0.00,0.00,0.00,0.00,0.00
2026-07-22 11:44:30.525,40.967,0.00,0.00,0.00,0.00,0.00,0.00
2026-07-22 11:44:30.525,41.000,0.00,0.00,0.00,0.00,0.00,0.00
2026-07-22 11:44:30.525,41.034,0.00,0.00,0.00,0.00,0.00,0.00
2026-07-22 11:44:30.525,41.067,0.00,0.00,0.00,0.00,0.00,0.00
2026-07-22 11:44:30.525,41.101,0.00,0.00,0.00,0.00,0.00,0.00
2026-07-22 11:44:30.525,41.134,0.00,0.00,0.00,0.00,0.00,0.00
2026-07-22 11:44:30.525,41.167,0.00,0.00,0.00,0.00,0.00,0.00
2026-07-22 11:44:30.525,41.201,0.00,0.00,0.00,0.00,0.00,0.00
2026-07-22 11:44:30.525,41.235,0.00,0.00,0.00,0.00,0.00,0.00
2026-07-22 11:44:30.525,41.268,0.00,0.00,0.00,0.00,0.00,0.00
2026-07-22 11:44:30.525,41.301,0.00,0.00,0.00,0.00,0.00,0.00
2026-07-22 11:44:30.525,41.335,0.00,0.00,0.00,0.00,0.00,0.00
2026-07-22 11:44:30.525,41.368,0.00,0.00,0.00,0.00,0.00,0.00
2026-07-22 11:44:30.525,41.402,0.00,0.00,0.00,0.00,0.00,0.00
2026-07-22 11:44:30.525,41.436,0.00,0.00,0.00,0.00,0.00,0.00
2026-07-22 11:44:30.525,41.470,0.00,0.00,0.00,0.00,0.00,0.00
2026-07-22 11:44:30.525,41.503,0.00,0.00,0.00,0.00,0.00,0.00
2026-07-22 11:44:30.525,41.536,0.00,0.00,0.00,0.00,0.00,0.00
2026-07-22 11:44:30.525,41.570,0.00,0.00,0.00,0.00,0.00,0.00
2026-07-22 11:44:30.525,41.603,0.00,0.00,0.00,0.00,0.00,0.00
2026-07-22 11:44:30.525,41.637,0.00,0.00,0.00,0.00,0.00,0.00
2026-07-22 11:44:30.525,41.673,0.00,0.00,0.00,0.00,0.00,0.00
2026-07-22 11:44:30.525,41.706,0.00,0.00,0.00,0.00,0.00,0.00
2026-07-22 11:44:30.525,41.740,0.00,0.00,0.00,0.00,0.00,0.00
2026-07-22 11:44:30.525,41.774,0.00,0.00,0.00,0.00,0.00,0.00
2026-07-22 11:44:30.525,41.807,0.00,0.00,0.00,0.00,0.00,0.00
2026-07-22 11:44:30.525,41.841,0.00,0.00,0.00,0.00,0.00,0.00
2026-07-22 11:44:30.525,41.874,0.00,0.00,0.00,0.00,0.00,0.00
2026-07-22 11:44:30.525,41.908,0.00,0.00,0.00,0.00,0.00,0.00
2026-07-22 11:44:30.525,41.942,0.00,0.00,0.00,0.00,0.00,0.00
2026-07-22 11:44:30.525,41.975,0.00,0.00,0.00,0.00,0.00,0.00
2026-07-22 11:44:30.525,42.008,0.00,0.00,0.00,0.00,0.00,0.00
2026-07-22 11:44:30.525,42.042,0.00,0.00,0.00,0.00,0.00,0.00
2026-07-22 11:44:30.525,42.075,0.00,0.00,0.00,0.00,0.00,0.00
2026-07-22 11:44:30.525,42.109,0.00,0.00,0.00,0.00,0.00,0.00
2026-07-22 11:44:30.525,42.142,0.00,0.00,0.00,0.00,0.00,0.00
2026-07-22 11:44:30.525,42.176,0.00,0.00,0.00,0.00,0.00,0.00
2026-07-22 11:44:30.525,42.209,0.00,0.00,0.00,0.00,0.00,0.00
2026-07-22 11:44:30.525,42.243,0.00,0.00,0.00,0.00,0.00,0.00
2026-07-22 11:44:30.525,42.277,0.00,0.00,0.00,0.00,0.00,0.00
2026-07-22 11:44:30.525,42.310,0.00,0.00,0.00,0.00,0.00,0.00
2026-07-22 11:44:30.525,42.344,0.00,0.00,0.00,0.00,0.00,0.00
2026-07-22 11:44:30.525,42.377,0.00,0.00,0.00,0.00,0.00,0.00
2026-07-22 11:44:30.525,42.411,0.00,0.00,0.00,0.00,0.00,0.00
2026-07-22 11:44:30.525,42.445,0.00,0.00,0.00,0.00,0.00,0.00
2026-07-22 11:44:30.525,42.478,0.00,0.00,0.00,0.00,0.00,0.00
2026-07-22 11:44:30.525,42.511,0.00,0.00,0.00,0.00,0.00,0.00
2026-07-22 11:44:30.525,42.545,0.00,0.00,0.00,0.00,0.00,0.00
2026-07-22 11:44:30.525,42.580,0.00,0.00,0.00,0.00,0.00,0.00
2026-07-22 11:44:30.525,42.613,0.00,0.00,0.00,0.00,0.00,0.00
2026-07-22 11:44:30.525,42.647,0.00,0.00,0.00,0.00,0.00,0.00
2026-07-22 11:44:30.525,42.681,0.00,0.00,0.00,0.00,0.00,0.00
2026-07-22 11:44:30.525,42.714,0.00,0.00,0.00,0.00,0.00,0.00
2026-07-22 11:44:30.525,42.748,0.00,0.00,0.00,0.00,0.00,0.00
2026-07-22 11:44:30.525,42.781,0.00,0.00,0.00,0.00,0.00,0.00
2026-07-22 11:44:30.525,42.815,0.00,0.00,0.00,0.00,0.00,0.00
2026-07-22 11:44:30.525,42.848,0.00,0.00,0.00,0.00,0.00,0.00
2026-07-22 11:44:30.525,42.882,0.00,0.00,0.00,0.00,0.00,0.00
2026-07-22 11:44:30.525,42.915,0.00,0.00,0.00,0.00,0.00,0.00
2026-07-22 11:44:30.525,42.949,0.00,0.00,0.00,0.00,0.00,0.00
2026-07-22 11:44:30.525,42.982,0.00,0.00,0.00,0.00,0.00,0.00
2026-07-22 11:44:30.525,43.016,0.00,0.00,0.00,0.00,0.00,0.00
2026-07-22 11:44:30.525,43.049,0.00,0.00,0.00,0.00,0.00,0.00
2026-07-22 11:44:30.525,43.083,0.00,0.00,0.00,0.00,0.00,0.00
2026-07-22 11:44:30.525,43.116,0.00,0.00,0.00,0.00,0.00,0.00
2026-07-22 11:44:30.525,43.150,0.00,0.00,0.00,0.00,0.00,0.00
2026-07-22 11:44:30.525,43.183,0.00,0.00,0.00,0.00,0.00,0.00
2026-07-22 11:44:30.525,43.217,0.00,0.00,0.00,0.00,0.00,0.00
2026-07-22 11:44:30.525,43.250,0.00,0.00,0.00,0.00,0.00,0.00
2026-07-22 11:44:30.525,43.284,0.00,0.00,0.00,0.00,0.00,0.00
2026-07-22 11:44:30.525,43.317,0.00,0.00,0.00,0.00,0.00,0.00
2026-07-22 11:44:30.525,43.351,0.00,0.00,0.00,0.00,0.00,0.00
2026-07-22 11:44:30.525,43.384,0.00,0.00,0.00,0.00,0.00,0.00
2026-07-22 11:44:30.525,43.418,0.00,0.00,0.00,0.00,0.00,0.00
2026-07-22 11:44:30.525,43.451,0.00,0.00,0.00,0.00,0.00,0.00
2026-07-22 11:44:30.525,43.485,0.00,0.00,0.00,0.00,0.00,0.00
2026-07-22 11:44:30.525,43.518,0.00,0.00,0.00,0.00,0.00,0.00
2026-07-22 11:44:30.525,43.552,0.00,0.00,0.00,0.00,0.00,0.00
2026-07-22 11:44:30.525,43.586,0.00,0.00,0.00,0.00,0.00,0.00
2026-07-22 11:44:30.525,43.620,0.00,0.00,0.00,0.00,0.00,0.00
2026-07-22 11:44:30.525,43.653,0.00,0.00,0.00,0.00,0.00,0.00
2026-07-22 11:44:30.525,43.687,0.00,0.00,0.00,0.00,0.00,0.00
2026-07-22 11:44:30.525,43.721,0.00,0.00,0.00,0.00,0.00,0.00
2026-07-22 11:44:30.525,43.754,0.00,0.00,0.00,0.00,0.00,0.00
2026-07-22 11:44:30.525,43.788,0.00,0.00,0.00,0.00,0.00,0.00
2026-07-22 11:44:30.525,43.821,0.00,0.00,0.00,0.00,0.00,0.00
2026-07-22 11:44:30.525,43.855,0.00,0.00,0.00,0.00,0.00,0.00
2026-07-22 11:44:30.525,43.889,0.00,0.00,0.00,0.00,0.00,0.00
2026-07-22 11:44:30.525,43.922,0.00,0.00,0.00,0.00,0.00,0.00
2026-07-22 11:44:30.525,43.956,0.00,0.00,0.00,0.00,0.00,0.00
2026-07-22 11:44:30.525,43.990,0.00,0.00,0.00,0.00,0.00,0.00
2026-07-22 11:44:30.525,44.023,0.00,0.00,0.00,0.00,0.00,0.00
2026-07-22 11:44:30.525,44.057,0.00,0.00,0.00,0.00,0.00,0.00
2026-07-22 11:44:30.525,44.090,0.00,0.00,0.00,0.00,0.00,0.00
2026-07-22 11:44:30.525,44.124,0.00,0.00,0.00,0.00,0.00,0.00
2026-07-22 11:44:30.525,44.158,0.00,0.00,0.00,0.00,0.00,0.00
2026-07-22 11:44:30.525,44.191,0.00,0.00,0.00,0.00,0.00,0.00
2026-07-22 11:44:30.525,44.225,0.00,0.00,0.00,0.00,0.00,0.00
2026-07-22 11:44:30.525,44.259,0.00,0.00,0.00,0.00,0.00,0.00
2026-07-22 11:44:30.525,44.292,0.00,0.00,0.00,0.00,0.00,0.00
2026-07-22 11:44:30.525,44.325,0.00,0.00,0.00,0.00,0.00,0.00
2026-07-22 11:44:30.525,44.359,0.00,0.00,0.00,0.00,0.00,0.00
2026-07-22 11:44:30.525,44.392,0.00,0.00,0.00,0.00,0.00,0.00
2026-07-22 11:44:30.525,44.425,0.00,0.00,0.00,0.00,0.00,0.00
2026-07-22 11:44:30.525,44.459,0.00,0.00,0.00,0.00,0.00,0.00
2026-07-22 11:44:30.525,44.492,0.00,0.00,0.00,0.00,0.00,0.00
2026-07-22 11:44:30.525,44.525,0.00,0.00,0.00,0.00,0.00,0.00
2026-07-22 11:44:30.525,44.559,0.00,0.00,0.00,0.00,0.00,0.00
2026-07-22 11:44:30.525,44.593,0.00,0.00,0.00,0.00,0.00,0.00
2026-07-22 11:44:30.525,44.626,0.00,0.00,0.00,0.00,0.00,0.00
2026-07-22 11:44:30.525,44.660,0.00,0.00,0.00,0.00,0.00,0.00
2026-07-22 11:44:30.525,44.694,0.00,0.00,0.00,0.00,0.00,0.00
2026-07-22 11:44:30.525,44.727,0.00,0.00,0.00,0.00,0.00,0.00
2026-07-22 11:44:30.525,44.762,0.00,0.00,0.00,0.00,0.00,0.00
2026-07-22 11:44:30.525,44.796,0.00,0.00,0.00,0.00,0.00,0.00
2026-07-22 11:44:30.525,44.829,0.00,0.00,0.00,0.00,0.00,0.00
2026-07-22 11:44:30.525,44.863,0.00,0.00,0.00,0.00,0.00,0.00
2026-07-22 11:44:30.525,44.896,0.00,0.00,0.00,0.00,0.00,0.00
2026-07-22 11:44:30.525,44.929,0.00,0.00,0.00,0.00,0.00,0.00
2026-07-22 11:44:30.525,44.963,0.00,0.00,0.00,0.00,0.00,0.00
2026-07-22 11:44:30.525,44.996,0.00,0.00,0.00,0.00,0.00,0.00
2026-07-22 11:44:30.525,45.030,0.00,0.00,0.00,0.00,0.00,0.00
2026-07-22 11:44:30.525,45.063,0.00,0.00,0.00,0.00,0.00,0.00
2026-07-22 11:44:30.525,45.096,0.00,0.00,0.00,0.00,0.00,0.00
2026-07-22 11:44:30.525,45.130,0.00,0.00,0.00,0.00,0.00,0.00
2026-07-22 11:44:30.525,45.163,0.00,0.00,0.00,0.00,0.00,0.00
2026-07-22 11:44:30.525,45.196,0.00,0.00,0.00,0.00,0.00,0.00
2026-07-22 11:44:30.525,45.229,0.00,0.00,0.00,0.00,0.00,0.00
2026-07-22 11:44:30.525,45.263,0.00,0.00,0.00,0.00,0.00,0.00
2026-07-22 11:44:30.525,45.296,0.00,0.00,0.00,0.00,0.00,0.00
2026-07-22 11:44:30.525,45.330,0.00,0.00,0.00,0.00,0.00,0.00
2026-07-22 11:44:30.525,45.363,0.00,0.00,0.00,0.00,0.00,0.00
2026-07-22 11:44:30.525,45.398,0.00,0.00,0.00,0.00,0.00,0.00
2026-07-22 11:44:30.525,45.431,0.00,0.00,0.00,0.00,0.00,0.00
2026-07-22 11:44:30.525,45.465,0.00,0.00,0.00,0.00,0.00,0.00
2026-07-22 11:44:30.525,45.498,0.00,0.00,0.00,0.00,0.00,0.00
2026-07-22 11:44:30.525,45.531,0.00,0.00,0.00,0.00,0.00,0.00
2026-07-22 11:44:30.525,45.564,0.00,0.00,0.00,0.00,0.00,0.00
2026-07-22 11:44:30.525,45.598,0.00,0.00,0.00,0.00,0.00,0.00
2026-07-22 11:44:30.525,45.631,0.00,0.00,0.00,0.00,0.00,0.00
2026-07-22 11:44:30.525,45.665,0.00,0.00,0.00,0.00,0.00,0.00
2026-07-22 11:44:30.525,45.698,0.00,0.00,0.00,0.00,0.00,0.00
2026-07-22 11:44:30.525,45.732,0.00,0.00,0.00,0.00,0.00,0.00
2026-07-22 11:44:30.525,45.765,0.00,0.00,0.00,0.00,0.00,0.00
2026-07-22 11:44:30.525,45.799,0.00,0.00,0.00,0.00,0.00,0.00
2026-07-22 11:44:30.525,45.832,0.00,0.00,0.00,0.00,0.00,0.00
2026-07-22 11:44:30.525,45.865,0.00,0.00,0.00,0.00,0.00,0.00
2026-07-22 11:44:30.525,45.899,0.00,0.00,0.00,0.00,0.00,0.00
2026-07-22 11:44:30.525,45.932,0.00,0.00,0.00,0.00,0.00,0.00
2026-07-22 11:44:30.525,45.965,0.00,0.00,0.00,0.00,0.00,0.00
2026-07-22 11:44:30.525,45.998,0.00,0.00,0.00,0.00,0.00,0.00
2026-07-22 11:44:30.525,46.032,0.00,0.00,0.00,0.00,0.00,0.00
2026-07-22 11:44:30.525,46.065,0.00,0.00,0.00,0.00,0.00,0.00
2026-07-22 11:44:30.525,46.098,0.00,0.00,0.00,0.00,0.00,0.00
2026-07-22 11:44:30.525,46.131,0.00,0.00,0.00,0.00,0.00,0.00
2026-07-22 11:44:30.525,46.166,0.00,0.00,0.00,0.00,0.00,0.00
2026-07-22 11:44:30.525,46.200,0.00,0.00,0.00,0.00,0.00,0.00
2026-07-22 11:44:30.525,46.233,0.00,0.00,0.00,0.00,0.00,0.00
2026-07-22 11:44:30.525,46.266,0.00,0.00,0.00,0.00,0.00,0.00
2026-07-22 11:44:30.525,46.300,0.00,0.00,0.00,0.00,0.00,0.00
2026-07-22 11:44:30.525,46.333,0.00,0.00,0.00,0.00,0.00,0.00
2026-07-22 11:44:30.525,46.367,0.00,0.00,0.00,0.00,0.00,0.00
2026-07-22 11:44:30.525,46.401,0.00,0.00,0.00,0.00,0.00,0.00
2026-07-22 11:44:30.525,46.434,0.00,0.00,0.00,0.00,0.00,0.00
2026-07-22 11:44:30.525,46.467,0.00,0.00,0.00,0.00,0.00,0.00
2026-07-22 11:44:30.525,46.501,0.00,0.00,0.00,0.00,0.00,0.00
2026-07-22 11:44:30.525,46.535,0.00,0.00,0.00,0.00,0.00,0.00
2026-07-22 11:44:30.525,46.568,0.00,0.00,0.00,0.00,0.00,0.00
2026-07-22 11:44:30.525,46.602,0.00,0.00,0.00,0.00,0.00,0.00
2026-07-22 11:44:30.526,46.635,0.00,0.00,0.00,0.00,0.00,0.00
2026-07-22 11:44:30.526,46.668,0.00,0.00,0.00,0.00,0.00,0.00
2026-07-22 11:44:30.526,46.702,0.00,0.00,0.00,0.00,0.00,0.00
2026-07-22 11:44:30.526,46.735,0.00,0.00,0.00,0.00,0.00,0.00
2026-07-22 11:44:30.526,46.769,0.00,0.00,0.00,0.00,0.00,0.00
2026-07-22 11:44:30.526,46.803,0.00,0.00,0.00,0.00,0.00,0.00
2026-07-22 11:44:30.526,46.836,0.00,0.00,0.00,0.00,0.00,0.00
2026-07-22 11:44:30.526,46.870,0.00,0.00,0.00,0.00,0.00,0.00
2026-07-22 11:44:30.526,46.904,0.00,0.00,0.00,0.00,0.00,0.00
2026-07-22 11:44:30.526,46.937,0.00,0.00,0.00,0.00,0.00,0.00
2026-07-22 11:44:30.526,46.970,0.00,0.00,0.00,0.00,0.00,0.00
2026-07-22 11:44:30.526,47.004,0.00,0.00,0.00,0.00,0.00,0.00
2026-07-22 11:44:30.526,47.037,0.00,0.00,0.00,0.00,0.00,0.00
2026-07-22 11:44:30.526,47.071,0.00,0.00,0.00,0.00,0.00,0.00
2026-07-22 11:44:30.526,47.104,0.00,0.00,0.00,0.00,0.00,0.00
2026-07-22 11:44:30.526,47.138,0.00,0.00,0.00,0.00,0.00,0.00
2026-07-22 11:44:30.526,47.172,0.00,0.00,0.00,0.00,0.00,0.00
2026-07-22 11:44:30.526,47.205,0.00,0.00,0.00,0.00,0.00,0.00
2026-07-22 11:44:30.526,47.238,0.00,0.00,0.00,0.00,0.00,0.00
2026-07-22 11:44:30.526,47.272,0.00,0.00,0.00,0.00,0.00,0.00
2026-07-22 11:44:30.526,47.305,0.00,0.00,0.00,0.00,0.00,0.00
2026-07-22 11:44:30.526,47.339,0.00,0.00,0.00,0.00,0.00,0.00
2026-07-22 11:44:30.526,47.372,0.00,0.00,0.00,0.00,0.00,0.00
2026-07-22 11:44:30.526,47.406,0.00,0.00,0.00,0.00,0.00,0.00
2026-07-22 11:44:30.526,47.439,0.00,0.00,0.00,0.00,0.00,0.00
2026-07-22 11:44:30.526,47.473,0.00,0.00,0.00,0.00,0.00,0.00
2026-07-22 11:44:30.526,47.507,0.00,0.00,0.00,0.00,0.00,0.00
2026-07-22 11:44:30.526,47.541,0.00,0.00,0.00,0.00,0.00,0.00
2026-07-22 11:44:30.526,47.574,0.00,0.00,0.00,0.00,0.00,0.00
2026-07-22 11:44:30.526,47.607,0.00,0.00,0.00,0.00,0.00,0.00
2026-07-22 11:44:30.526,47.641,0.00,0.00,0.00,0.00,0.00,0.00
2026-07-22 11:44:30.526,47.675,0.00,0.00,0.00,0.00,0.00,0.00
2026-07-22 11:44:30.526,47.708,0.00,0.00,0.00,0.00,0.00,0.00
2026-07-22 11:44:30.526,47.741,0.00,0.00,0.00,0.00,0.00,0.00
2026-07-22 11:44:30.526,47.775,0.00,0.00,0.00,0.00,0.00,0.00
2026-07-22 11:44:30.526,47.809,0.00,0.00,0.00,0.00,0.00,0.00
2026-07-22 11:44:30.526,47.842,0.00,0.00,0.00,0.00,0.00,0.00
2026-07-22 11:44:30.526,47.876,0.00,0.00,0.00,0.00,0.00,0.00
2026-07-22 11:44:30.526,47.910,0.00,0.00,0.00,0.00,0.00,0.00
2026-07-22 11:44:30.526,47.943,0.00,0.00,0.00,0.00,0.00,0.00
2026-07-22 11:44:30.526,47.976,0.00,0.00,0.00,0.00,0.00,0.00
2026-07-22 11:44:30.526,48.010,0.00,0.00,0.00,0.00,0.00,0.00
2026-07-22 11:44:30.526,48.044,0.00,0.00,0.00,0.00,0.00,0.00
2026-07-22 11:44:30.526,48.077,0.00,0.00,0.00,0.00,0.00,0.00
2026-07-22 11:44:30.526,48.111,0.00,0.00,0.00,0.00,0.00,0.00
2026-07-22 11:44:30.526,48.144,0.00,0.00,0.00,0.00,0.00,0.00
2026-07-22 11:44:30.526,48.178,0.00,0.00,0.00,0.00,0.00,0.00
2026-07-22 11:44:30.526,48.211,0.00,0.00,0.00,0.00,0.00,0.00
2026-07-22 11:44:30.526,48.244,0.00,0.00,0.00,0.00,0.00,0.00
2026-07-22 11:44:30.526,48.278,0.00,0.00,0.00,0.00,0.00,0.00
2026-07-22 11:44:30.526,48.311,0.00,0.00,0.00,0.00,0.00,0.00
2026-07-22 11:44:30.526,48.345,0.00,0.00,0.00,0.00,0.00,0.00
2026-07-22 11:44:30.526,48.379,0.00,0.00,0.00,0.00,0.00,0.00
2026-07-22 11:44:30.526,48.412,0.00,0.00,0.00,0.00,0.00,0.00
2026-07-22 11:44:30.526,48.446,0.00,0.00,0.00,0.00,0.00,0.00
2026-07-22 11:44:30.526,48.479,0.00,0.00,0.00,0.00,0.00,0.00
2026-07-22 11:44:30.526,48.513,0.00,0.00,0.00,0.00,0.00,0.00
2026-07-22 11:44:30.526,48.546,0.00,0.00,0.00,0.00,0.00,0.00
2026-07-22 11:44:30.526,48.580,0.00,0.00,0.00,0.00,0.00,0.00
2026-07-22 11:44:30.526,48.613,0.00,0.00,0.00,0.00,0.00,0.00
2026-07-22 11:44:30.526,48.647,0.00,0.00,0.00,0.00,0.00,0.00
2026-07-22 11:44:30.526,48.680,0.00,0.00,0.00,0.00,0.00,0.00
2026-07-22 11:44:30.526,48.714,0.00,0.00,0.00,0.00,0.00,0.00
2026-07-22 11:44:30.526,48.747,0.00,0.00,0.00,0.00,0.00,0.00
2026-07-22 11:44:30.526,48.781,0.00,0.00,0.00,0.00,0.00,0.00
2026-07-22 11:44:30.526,48.814,0.00,0.00,0.00,0.00,0.00,0.00
2026-07-22 11:44:30.526,48.848,0.00,0.00,0.00,0.00,0.00,0.00
2026-07-22 11:44:30.526,48.881,0.00,0.00,0.00,0.00,0.00,0.00
2026-07-22 11:44:30.526,48.914,0.00,0.00,0.00,0.00,0.00,0.00
2026-07-22 11:44:30.526,48.948,0.00,0.00,0.00,0.00,0.00,0.00
2026-07-22 11:44:30.526,48.981,0.00,0.00,0.00,0.00,0.00,0.00
2026-07-22 11:44:30.526,49.014,0.00,0.00,0.00,0.00,0.00,0.00
2026-07-22 11:44:30.526,49.048,0.00,0.00,0.00,0.00,0.00,0.00
2026-07-22 11:44:30.526,49.081,0.00,0.00,0.00,0.00,0.00,0.00
2026-07-22 11:44:30.526,49.115,0.00,0.00,0.00,0.00,0.00,0.00
2026-07-22 11:44:30.526,49.148,0.00,0.00,0.00,0.00,0.00,0.00
2026-07-22 11:44:30.526,49.182,0.00,0.00,0.00,0.00,0.00,0.00
2026-07-22 11:44:30.526,49.216,0.00,0.00,0.00,0.00,0.00,0.00
2026-07-22 11:44:30.526,49.249,0.00,0.00,0.00,0.00,0.00,0.00
2026-07-22 11:44:30.526,49.283,0.00,0.00,0.00,0.00,0.00,0.00
2026-07-22 11:44:30.526,49.316,0.00,0.00,0.00,0.00,0.00,0.00
2026-07-22 11:44:30.526,49.350,0.00,0.00,0.00,0.00,0.00,0.00
2026-07-22 11:44:30.526,49.383,0.00,0.00,0.00,0.00,0.00,0.00
2026-07-22 11:44:30.526,49.417,0.00,0.00,0.00,0.00,0.00,0.00
2026-07-22 11:44:30.526,49.450,0.00,0.00,0.00,0.00,0.00,0.00
2026-07-22 11:44:30.526,49.484,0.00,0.00,0.00,0.00,0.00,0.00
2026-07-22 11:44:30.526,49.517,0.00,0.00,0.00,0.00,0.00,0.00
2026-07-22 11:44:30.526,49.551,0.00,0.00,0.00,0.00,0.00,0.00
2026-07-22 11:44:30.526,49.585,0.00,0.00,0.00,0.00,0.00,0.00
2026-07-22 11:44:30.526,49.618,0.00,0.00,0.00,0.00,0.00,0.00
2026-07-22 11:44:30.526,49.652,0.00,0.00,0.00,0.00,0.00,0.00
2026-07-22 11:44:30.526,49.685,0.00,0.00,0.00,0.00,0.00,0.00
2026-07-22 11:44:30.526,49.719,0.00,0.00,0.00,0.00,0.00,0.00
2026-07-22 11:44:30.526,49.753,0.00,0.00,0.00,0.00,0.00,0.00
2026-07-22 11:44:30.526,49.786,0.00,0.00,0.00,0.00,0.00,0.00
2026-07-22 11:44:30.526,49.820,0.00,0.00,0.00,0.00,0.00,0.00
2026-07-22 11:44:30.526,49.853,0.00,0.00,0.00,0.00,0.00,0.00
2026-07-22 11:44:30.526,49.886,0.00,0.00,0.00,0.00,0.00,0.00
2026-07-22 11:44:30.526,49.920,0.00,0.00,0.00,0.00,0.00,0.00
2026-07-22 11:44:30.526,49.953,0.00,0.00,0.00,0.00,0.00,0.00
2026-07-22 11:44:30.526,49.987,0.00,0.00,0.00,0.00,0.00,0.00
2026-07-22 11:44:30.526,50.021,0.00,0.00,0.00,0.00,0.00,0.00
2026-07-22 11:44:30.526,50.054,0.00,0.00,0.00,0.00,0.00,0.00
2026-07-22 11:44:30.526,50.088,0.00,0.00,0.00,0.00,0.00,0.00
2026-07-22 11:44:30.526,50.121,0.00,0.00,0.00,0.00,0.00,0.00
2026-07-22 11:44:30.526,50.155,0.00,0.00,0.00,0.00,0.00,0.00
2026-07-22 11:44:30.526,50.188,0.00,0.00,0.00,0.00,0.00,0.00
2026-07-22 11:44:30.526,50.222,0.00,0.00,0.00,0.00,0.00,0.00
2026-07-22 11:44:30.526,50.256,0.00,0.00,0.00,0.00,0.00,0.00
2026-07-22 11:44:30.526,50.289,0.00,0.00,0.00,0.00,0.00,0.00
2026-07-22 11:44:30.526,50.324,0.00,0.00,0.00,0.00,0.00,0.00
2026-07-22 11:44:30.526,50.357,0.00,0.00,0.00,0.00,0.00,0.00
2026-07-22 11:44:30.526,50.391,0.00,0.00,0.00,0.00,0.00,0.00
2026-07-22 11:44:30.526,50.424,0.00,0.00,0.00,0.00,0.00,0.00
2026-07-22 11:44:30.526,50.458,0.00,0.00,0.00,0.00,0.00,0.00
2026-07-22 11:44:30.526,50.491,0.00,0.00,0.00,0.00,0.00,0.00
2026-07-22 11:44:30.526,50.525,0.00,0.00,0.00,0.00,0.00,0.00
2026-07-22 11:44:30.526,50.559,0.00,0.00,0.00,0.00,0.00,0.00
2026-07-22 11:44:30.526,50.592,0.00,0.00,0.00,0.00,0.00,0.00
2026-07-22 11:44:30.526,50.626,0.00,0.00,0.00,0.00,0.00,0.00
2026-07-22 11:44:30.526,50.659,0.00,0.00,0.00,0.00,0.00,0.00
2026-07-22 11:44:30.526,50.693,0.00,0.00,0.00,0.00,0.00,0.00
2026-07-22 11:44:30.526,50.726,0.00,0.00,0.00,0.00,0.00,0.00
2026-07-22 11:44:30.526,50.760,0.00,0.00,0.00,0.00,0.00,0.00
2026-07-22 11:44:30.526,50.793,0.00,0.00,0.00,0.00,0.00,0.00
2026-07-22 11:44:30.526,50.827,0.00,0.00,0.00,0.00,0.00,0.00
2026-07-22 11:44:30.526,50.860,0.00,0.00,0.00,0.00,0.00,0.00
2026-07-22 11:44:30.526,50.894,0.00,0.00,0.00,0.00,0.00,0.00
2026-07-22 11:44:30.526,50.927,0.00,0.00,0.00,0.00,0.00,0.00
2026-07-22 11:44:30.526,50.961,0.00,0.00,0.00,0.00,0.00,0.00
2026-07-22 11:44:30.526,50.994,0.00,0.00,0.00,0.00,0.00,0.00
2026-07-22 11:44:30.526,51.028,0.00,0.00,0.00,0.00,0.00,0.00
2026-07-22 11:44:30.526,51.062,0.00,0.00,0.00,0.00,0.00,0.00
2026-07-22 11:44:30.526,51.095,0.00,0.00,0.00,0.00,0.00,0.00
2026-07-22 11:44:30.526,51.129,0.00,0.00,0.00,0.00,0.00,0.00
2026-07-22 11:44:30.526,51.162,0.00,0.00,0.00,0.00,0.00,0.00
2026-07-22 11:44:30.526,51.195,0.00,0.00,0.00,0.00,0.00,0.00
2026-07-22 11:44:30.526,51.229,0.00,0.00,0.00,0.00,0.00,0.00
2026-07-22 11:44:30.526,51.262,0.00,0.00,0.00,0.00,0.00,0.00
2026-07-22 11:44:30.526,51.295,0.00,0.00,0.00,0.00,0.00,0.00
2026-07-22 11:44:30.526,51.329,0.00,0.00,0.00,0.00,0.00,0.00
2026-07-22 11:44:30.526,51.363,0.00,0.00,0.00,0.00,0.00,0.00
2026-07-22 11:44:30.526,51.396,0.00,0.00,0.00,0.00,0.00,0.00
2026-07-22 11:44:30.526,51.429,0.00,0.00,0.00,0.00,0.00,0.00
2026-07-22 11:44:30.526,51.463,0.00,0.00,0.00,0.00,0.00,0.00
2026-07-22 11:44:30.526,51.496,0.00,0.00,0.00,0.00,0.00,0.00
2026-07-22 11:44:30.526,51.530,0.00,0.00,0.00,0.00,0.00,0.00
2026-07-22 11:44:30.526,51.563,0.00,0.00,0.00,0.00,0.00,0.00
2026-07-22 11:44:30.526,51.596,0.00,0.00,0.00,0.00,0.00,0.00
2026-07-22 11:44:30.526,51.630,0.00,0.00,0.00,0.00,0.00,0.00
2026-07-22 11:44:30.526,51.663,0.00,0.00,0.00,0.00,0.00,0.00
2026-07-22 11:44:30.526,51.697,0.00,0.00,0.00,0.00,0.00,0.00
2026-07-22 11:44:30.526,51.730,0.00,0.00,0.00,0.00,0.00,0.00
2026-07-22 11:44:30.526,51.764,0.00,0.00,0.00,0.00,0.00,0.00
2026-07-22 11:44:30.526,51.797,0.00,0.00,0.00,0.00,0.00,0.00
2026-07-22 11:44:30.526,51.830,0.00,0.00,0.00,0.00,0.00,0.00
2026-07-22 11:44:30.526,51.863,0.00,0.00,0.00,0.00,0.00,0.00
2026-07-22 11:44:30.526,51.897,0.00,0.00,0.00,0.00,0.00,0.00
2026-07-22 11:44:30.526,51.930,0.00,0.00,0.00,0.00,0.00,0.00
2026-07-22 11:44:30.526,51.964,0.00,0.00,0.00,0.00,0.00,0.00
2026-07-22 11:44:30.526,51.997,0.00,0.00,0.00,0.00,0.00,0.00
2026-07-22 11:44:30.526,52.030,0.00,0.00,0.00,0.00,0.00,0.00
2026-07-22 11:44:30.526,52.064,0.00,0.00,0.00,0.00,0.00,0.00
2026-07-22 11:44:30.526,52.097,0.00,0.00,0.00,0.00,0.00,0.00
2026-07-22 11:44:30.526,52.131,0.00,0.00,0.00,0.00,0.00,0.00
2026-07-22 11:44:30.526,52.164,0.00,0.00,0.00,0.00,0.00,0.00
2026-07-22 11:44:30.526,52.198,0.00,0.00,0.00,0.00,0.00,0.00
2026-07-22 11:44:30.526,52.231,0.00,0.00,0.00,0.00,0.00,0.00
2026-07-22 11:44:30.526,52.264,0.00,0.00,0.00,0.00,0.00,0.00
2026-07-22 11:44:30.526,52.298,0.00,0.00,0.00,0.00,0.00,0.00
2026-07-22 11:44:30.526,52.331,0.00,0.00,0.00,0.00,0.00,0.00
2026-07-22 11:44:30.526,52.365,0.00,0.00,0.00,0.00,0.00,0.00
2026-07-22 11:44:30.526,52.398,0.00,0.00,0.00,0.00,0.00,0.00
2026-07-22 11:44:30.526,52.431,0.00,0.00,0.00,0.00,0.00,0.00
2026-07-22 11:44:30.526,52.464,0.00,0.00,0.00,0.00,0.00,0.00
2026-07-22 11:44:30.526,52.498,0.00,0.00,0.00,0.00,0.00,0.00
2026-07-22 11:44:30.526,52.532,0.00,0.00,0.00,0.00,0.00,0.00
2026-07-22 11:44:30.526,52.565,0.00,0.00,0.00,0.00,0.00,0.00
2026-07-22 11:44:30.526,52.598,0.00,0.00,0.00,0.00,0.00,0.00
2026-07-22 11:44:30.526,52.632,0.00,0.00,0.00,0.00,0.00,0.00
2026-07-22 11:44:30.526,52.665,0.00,0.00,0.00,0.00,0.00,0.00
2026-07-22 11:44:30.526,52.698,0.00,0.00,0.00,0.00,0.00,0.00
2026-07-22 11:44:30.526,52.731,0.00,0.00,0.00,0.00,0.00,0.00
2026-07-22 11:44:30.526,52.765,0.00,0.00,0.00,0.00,0.00,0.00
2026-07-22 11:44:30.526,52.798,0.00,0.00,0.00,0.00,0.00,0.00
2026-07-22 11:44:30.526,52.831,0.00,0.00,0.00,0.00,0.00,0.00
2026-07-22 11:44:30.526,52.864,0.00,0.00,0.00,0.00,0.00,0.00
2026-07-22 11:44:30.526,52.898,0.00,0.00,0.00,0.00,0.00,0.00
2026-07-22 11:44:30.526,52.931,0.00,0.00,0.00,0.00,0.00,0.00
2026-07-22 11:44:30.526,52.964,0.00,0.00,0.00,0.00,0.00,0.00
2026-07-22 11:44:30.526,52.997,0.00,0.00,0.00,0.00,0.00,0.00
2026-07-22 11:44:30.526,53.031,0.00,0.00,0.00,0.00,0.00,0.00
2026-07-22 11:44:30.526,53.064,0.00,0.00,0.00,0.00,0.00,0.00
2026-07-22 11:44:30.526,53.098,0.00,0.00,0.00,0.00,0.00,0.00
2026-07-22 11:44:30.526,53.131,0.00,0.00,0.00,0.00,0.00,0.00
2026-07-22 11:44:30.526,53.164,0.00,0.00,0.00,0.00,0.00,0.00
2026-07-22 11:44:30.526,53.198,0.00,0.00,0.00,0.00,0.00,0.00
2026-07-22 11:44:30.526,53.231,0.00,0.00,0.00,0.00,0.00,0.00
2026-07-22 11:44:30.526,53.264,0.00,0.00,0.00,0.00,0.00,0.00
2026-07-22 11:44:30.526,53.298,0.00,0.00,0.00,0.00,0.00,0.00
2026-07-22 11:44:30.526,53.331,0.00,0.00,0.00,0.00,0.00,0.00
2026-07-22 11:44:30.526,53.365,0.00,0.00,0.00,0.00,0.00,0.00
2026-07-22 11:44:30.527,53.398,0.00,0.00,0.00,0.00,0.00,0.00
2026-07-22 11:44:30.527,53.431,0.00,0.00,0.00,0.00,0.00,0.00
2026-07-22 11:44:30.527,53.464,0.00,0.00,0.00,0.00,0.00,0.00
2026-07-22 11:44:30.527,53.498,0.00,0.00,0.00,0.00,0.00,0.00
2026-07-22 11:44:30.527,53.531,0.00,0.00,0.00,0.00,0.00,0.00
2026-07-22 11:44:30.527,53.564,0.00,0.00,0.00,0.00,0.00,0.00
2026-07-22 11:44:30.527,53.598,0.00,0.00,0.00,0.00,0.00,0.00
2026-07-22 11:44:30.527,53.631,0.00,0.00,0.00,0.00,0.00,0.00
2026-07-22 11:44:30.527,53.664,0.00,0.00,0.00,0.00,0.00,0.00
2026-07-22 11:44:30.527,53.697,0.00,0.00,0.00,0.00,0.00,0.00
2026-07-22 11:44:30.527,53.731,0.00,0.00,0.00,0.00,0.00,0.00
2026-07-22 11:44:30.527,53.764,0.00,0.00,0.00,0.00,0.00,0.00
2026-07-22 11:44:30.527,53.797,0.00,0.00,0.00,0.00,0.00,0.00
2026-07-22 11:44:30.527,53.830,0.00,0.00,0.00,0.00,0.00,0.00
2026-07-22 11:44:30.527,53.864,0.00,0.00,0.00,0.00,0.00,0.00
2026-07-22 11:44:30.527,53.897,0.00,0.00,0.00,0.00,0.00,0.00
2026-07-22 11:44:30.527,53.930,0.00,0.00,0.00,0.00,0.00,0.00
2026-07-22 11:44:30.527,53.964,0.00,0.00,0.00,0.00,0.00,0.00
2026-07-22 11:44:30.527,53.998,0.00,0.00,0.00,0.00,0.00,0.00
2026-07-22 11:44:30.527,54.032,0.00,0.00,0.00,0.00,0.00,0.00
2026-07-22 11:44:30.527,54.065,0.00,0.00,0.00,0.00,0.00,0.00
2026-07-22 11:44:30.527,54.098,0.00,0.00,0.00,0.00,0.00,0.00
2026-07-22 11:44:30.527,54.132,0.00,0.00,0.00,0.00,0.00,0.00
2026-07-22 11:44:30.527,54.166,0.00,0.00,0.00,0.00,0.00,0.00
2026-07-22 11:44:30.527,54.199,0.00,0.00,0.00,0.00,0.00,0.00
2026-07-22 11:44:30.527,54.232,0.00,0.00,0.00,0.00,0.00,0.00
2026-07-22 11:44:30.527,54.266,0.00,0.00,0.00,0.00,0.00,0.00
2026-07-22 11:44:30.527,54.299,0.00,0.00,0.00,0.00,0.00,0.00
2026-07-22 11:44:30.527,54.333,0.00,0.00,0.00,0.00,0.00,0.00
2026-07-22 11:44:30.527,54.366,0.00,0.00,0.00,0.00,0.00,0.00
2026-07-22 11:44:30.527,54.400,0.00,0.00,0.00,0.00,0.00,0.00
2026-07-22 11:44:30.527,54.433,0.00,0.00,0.00,0.00,0.00,0.00
2026-07-22 11:44:30.527,54.467,0.00,0.00,0.00,0.00,0.00,0.00
2026-07-22 11:44:30.527,54.501,0.00,0.00,0.00,0.00,0.00,0.00
2026-07-22 11:44:30.527,54.534,0.00,0.00,0.00,0.00,0.00,0.00
2026-07-22 11:44:30.527,54.568,0.00,0.00,0.00,0.00,0.00,0.00
2026-07-22 11:44:30.527,54.601,0.00,0.00,0.00,0.00,0.00,0.00
2026-07-22 11:44:30.527,54.635,0.00,0.00,0.00,0.00,0.00,0.00
2026-07-22 11:44:30.527,54.669,0.00,0.00,0.00,0.00,0.00,0.00
2026-07-22 11:44:30.527,54.702,0.00,0.00,0.00,0.00,0.00,0.00
2026-07-22 11:44:30.527,54.736,0.00,0.00,0.00,0.00,0.00,0.00
2026-07-22 11:44:30.527,54.769,0.00,0.00,0.00,0.00,0.00,0.00
2026-07-22 11:44:30.527,54.803,0.00,0.00,0.00,0.00,0.00,0.00
2026-07-22 11:44:30.527,54.836,0.00,0.00,0.00,0.00,0.00,0.00
2026-07-22 11:44:30.527,54.869,0.00,0.00,0.00,0.00,0.00,0.00
2026-07-22 11:44:30.527,54.903,0.00,0.00,0.00,0.00,0.00,0.00
2026-07-22 11:44:30.527,54.936,0.00,0.00,0.00,0.00,0.00,0.00
2026-07-22 11:44:30.527,54.969,0.00,0.00,0.00,0.00,0.00,0.00
2026-07-22 11:44:30.527,55.003,0.00,0.00,0.00,0.00,0.00,0.00
2026-07-22 11:44:30.527,55.036,0.00,0.00,0.00,0.00,0.00,0.00
2026-07-22 11:44:30.527,55.070,0.00,0.00,0.00,0.00,0.00,0.00
2026-07-22 11:44:30.527,55.104,0.00,0.00,0.00,0.00,0.00,0.00
2026-07-22 11:44:30.527,55.137,0.00,0.00,0.00,0.00,0.00,0.00
2026-07-22 11:44:30.527,55.171,0.00,0.00,0.00,0.00,0.00,0.00
2026-07-22 11:44:30.527,55.204,0.00,0.00,0.00,0.00,0.00,0.00
2026-07-22 11:44:30.527,55.238,0.00,0.00,0.00,0.00,0.00,0.00
2026-07-22 11:44:30.527,55.271,0.00,0.00,0.00,0.00,0.00,0.00
2026-07-22 11:44:30.527,55.305,0.00,0.00,0.00,0.00,0.00,0.00
2026-07-22 11:44:30.527,55.339,0.00,0.00,0.00,0.00,0.00,0.00
2026-07-22 11:44:30.527,55.372,0.00,0.00,0.00,0.00,0.00,0.00
2026-07-22 11:44:30.527,55.406,0.00,0.00,0.00,0.00,0.00,0.00
2026-07-22 11:44:30.527,55.440,0.00,0.00,0.00,0.00,0.00,0.00
2026-07-22 11:44:30.527,55.473,0.00,0.00,0.00,0.00,0.00,0.00
2026-07-22 11:44:30.527,55.507,0.00,0.00,0.00,0.00,0.00,0.00
2026-07-22 11:44:30.527,55.540,0.00,0.00,0.00,0.00,0.00,0.00
2026-07-22 11:44:30.527,55.574,0.00,0.00,0.00,0.00,0.00,0.00
2026-07-22 11:44:30.527,55.607,0.00,0.00,0.00,0.00,0.00,0.00
2026-07-22 11:44:30.527,55.641,0.00,0.00,0.00,0.00,0.00,0.00
2026-07-22 11:44:30.527,55.674,0.00,0.00,0.00,0.00,0.00,0.00
2026-07-22 11:44:30.527,55.708,0.00,0.00,0.00,0.00,0.00,0.00
2026-07-22 11:44:30.527,55.741,0.00,0.00,0.00,0.00,0.00,0.00
2026-07-22 11:44:30.527,55.775,0.00,0.00,0.00,0.00,0.00,0.00
2026-07-22 11:44:30.527,55.809,0.00,0.00,0.00,0.00,0.00,0.00
2026-07-22 11:44:30.527,55.842,0.00,0.00,0.00,0.00,0.00,0.00
2026-07-22 11:44:30.527,55.875,0.00,0.00,0.00,0.00,0.00,0.00
2026-07-22 11:44:30.527,55.909,0.00,0.00,0.00,0.00,0.00,0.00
2026-07-22 11:44:30.527,55.942,0.00,0.00,0.00,0.00,0.00,0.00
2026-07-22 11:44:30.527,55.976,0.00,0.00,0.00,0.00,0.00,0.00
2026-07-22 11:44:30.527,56.009,0.00,0.00,0.00,0.00,0.00,0.00
2026-07-22 11:44:30.527,56.043,0.00,0.00,0.00,0.00,0.00,0.00
2026-07-22 11:44:30.527,56.076,0.00,0.00,0.00,0.00,0.00,0.00
2026-07-22 11:44:30.527,56.110,0.00,0.00,0.00,0.00,0.00,0.00
2026-07-22 11:44:30.527,56.143,0.00,0.00,0.00,0.00,0.00,0.00
2026-07-22 11:44:30.527,56.177,0.00,0.00,0.00,0.00,0.00,0.00
2026-07-22 11:44:30.527,56.210,0.00,0.00,0.00,0.00,0.00,0.00
2026-07-22 11:44:30.527,56.244,0.00,0.00,0.00,0.00,0.00,0.00
2026-07-22 11:44:30.527,56.277,0.00,0.00,0.00,0.00,0.00,0.00
2026-07-22 11:44:30.527,56.310,0.00,0.00,0.00,0.00,0.00,0.00
2026-07-22 11:44:30.527,56.345,0.00,0.00,0.00,0.00,0.00,0.00
2026-07-22 11:44:30.527,56.379,0.00,0.00,0.00,0.00,0.00,0.00
2026-07-22 11:44:30.527,56.412,0.00,0.00,0.00,0.00,0.00,0.00
2026-07-22 11:44:30.527,56.446,0.00,0.00,0.00,0.00,0.00,0.00
2026-07-22 11:44:30.527,56.479,0.00,0.00,0.00,0.00,0.00,0.00
2026-07-22 11:44:30.527,56.513,0.00,0.00,0.00,0.00,0.00,0.00
2026-07-22 11:44:30.527,56.547,0.00,0.00,0.00,0.00,0.00,0.00
2026-07-22 11:44:30.527,56.580,0.00,0.00,0.00,0.00,0.00,0.00
2026-07-22 11:44:30.527,56.614,0.00,0.00,0.00,0.00,0.00,0.00
2026-07-22 11:44:30.527,56.647,0.00,0.00,0.00,0.00,0.00,0.00
2026-07-22 11:44:30.527,56.681,0.00,0.00,0.00,0.00,0.00,0.00
2026-07-22 11:44:30.527,56.715,0.00,0.00,0.00,0.00,0.00,0.00
2026-07-22 11:44:30.527,56.748,0.00,0.00,0.00,0.00,0.00,0.00
2026-07-22 11:44:30.527,56.781,0.00,0.00,0.00,0.00,0.00,0.00
2026-07-22 11:44:30.527,56.815,0.00,0.00,0.00,0.00,0.00,0.00
2026-07-22 11:44:30.527,56.848,0.00,0.00,0.00,0.00,0.00,0.00
2026-07-22 11:44:30.527,56.882,0.00,0.00,0.00,0.00,0.00,0.00
2026-07-22 11:44:30.527,56.916,0.00,0.00,0.00,0.00,0.00,0.00
2026-07-22 11:44:30.527,56.949,0.00,0.00,0.00,0.00,0.00,0.00
2026-07-22 11:44:30.527,56.982,0.00,0.00,0.00,0.00,0.00,0.00
2026-07-22 11:44:30.527,57.016,0.00,0.00,0.00,0.00,0.00,0.00
2026-07-22 11:44:30.527,57.049,0.00,0.00,0.00,0.00,0.00,0.00
2026-07-22 11:44:30.527,57.083,0.00,0.00,0.00,0.00,0.00,0.00
2026-07-22 11:44:30.527,57.116,0.00,0.00,0.00,0.00,0.00,0.00
2026-07-22 11:44:30.527,57.150,0.00,0.00,0.00,0.00,0.00,0.00
2026-07-22 11:44:30.527,57.184,0.00,0.00,0.00,0.00,0.00,0.00
2026-07-22 11:44:30.527,57.217,0.00,0.00,0.00,0.00,0.00,0.00
2026-07-22 11:44:30.527,57.250,0.00,0.00,0.00,0.00,0.00,0.00
2026-07-22 11:44:30.527,57.284,0.00,0.00,0.00,0.00,0.00,0.00
2026-07-22 11:44:30.527,57.317,0.00,0.00,0.00,0.00,0.00,0.00
2026-07-22 11:44:30.527,57.351,0.00,0.00,0.00,0.00,0.00,0.00
2026-07-22 11:44:30.527,57.384,0.00,0.00,0.00,0.00,0.00,0.00
2026-07-22 11:44:30.527,57.418,0.00,0.00,0.00,0.00,0.00,0.00
2026-07-22 11:44:30.527,57.452,0.00,0.00,0.00,0.00,0.00,0.00
2026-07-22 11:44:30.527,57.485,0.00,0.00,0.00,0.00,0.00,0.00
2026-07-22 11:44:30.527,57.518,0.00,0.00,0.00,0.00,0.00,0.00
2026-07-22 11:44:30.527,57.552,0.00,0.00,0.00,0.00,0.00,0.00
2026-07-22 11:44:30.527,57.585,0.00,0.00,0.00,0.00,0.00,0.00
2026-07-22 11:44:30.527,57.620,0.00,0.00,0.00,0.00,0.00,0.00
2026-07-22 11:44:30.527,57.653,0.00,0.00,0.00,0.00,0.00,0.00
2026-07-22 11:44:30.527,57.686,0.00,0.00,0.00,0.00,0.00,0.00
2026-07-22 11:44:30.527,57.719,0.00,0.00,0.00,0.00,0.00,0.00
2026-07-22 11:44:30.527,57.753,0.00,0.00,0.00,0.00,0.00,0.00
2026-07-22 11:44:30.527,57.786,0.00,0.00,0.00,0.00,0.00,0.00
2026-07-22 11:44:30.527,57.820,0.00,0.00,0.00,0.00,0.00,0.00
2026-07-22 11:44:30.527,57.853,0.00,0.00,0.00,0.00,0.00,0.00
2026-07-22 11:44:30.527,57.887,0.00,0.00,0.00,0.00,0.00,0.00
2026-07-22 11:44:30.527,57.920,0.00,0.00,0.00,0.00,0.00,0.00
2026-07-22 11:44:30.527,57.954,0.00,0.00,0.00,0.00,0.00,0.00
2026-07-22 11:44:30.527,57.988,0.00,0.00,0.00,0.00,0.00,0.00
2026-07-22 11:44:30.527,58.021,0.00,0.00,0.00,0.00,0.00,0.00
2026-07-22 11:44:30.527,58.055,0.00,0.00,0.00,0.00,0.00,0.00
2026-07-22 11:44:30.527,58.088,0.00,0.00,0.00,0.00,0.00,0.00
2026-07-22 11:44:30.527,58.122,0.00,0.00,0.00,0.00,0.00,0.00
2026-07-22 11:44:30.527,58.155,0.00,0.00,0.00,0.00,0.00,0.00
2026-07-22 11:44:30.527,58.189,0.00,0.00,0.00,0.00,0.00,0.00
2026-07-22 11:44:30.527,58.223,0.00,0.00,0.00,0.00,0.00,0.00
2026-07-22 11:44:30.527,58.257,0.00,0.00,0.00,0.00,0.00,0.00
2026-07-22 11:44:30.527,58.290,0.00,0.00,0.00,0.00,0.00,0.00
2026-07-22 11:44:30.527,58.323,0.00,0.00,0.00,0.00,0.00,0.00
2026-07-22 11:44:30.527,58.357,0.00,0.00,0.00,0.00,0.00,0.00
2026-07-22 11:44:30.527,58.391,0.00,0.00,0.00,0.00,0.00,0.00
2026-07-22 11:44:30.527,58.424,0.00,0.00,0.00,0.00,0.00,0.00
2026-07-22 11:44:30.527,58.457,0.00,0.00,0.00,0.00,0.00,0.00
2026-07-22 11:44:30.527,58.491,0.00,0.00,0.00,0.00,0.00,0.00
2026-07-22 11:44:30.527,58.524,0.00,0.00,0.00,0.00,0.00,0.00
2026-07-22 11:44:30.527,58.558,0.00,0.00,0.00,0.00,0.00,0.00
2026-07-22 11:44:30.527,58.592,0.00,0.00,0.00,0.00,0.00,0.00
2026-07-22 11:44:30.527,58.625,0.00,0.00,0.00,0.00,0.00,0.00
2026-07-22 11:44:30.527,58.659,0.00,0.00,0.00,0.00,0.00,0.00
2026-07-22 11:44:30.527,58.692,0.00,0.00,0.00,0.00,0.00,0.00
2026-07-22 11:44:30.527,58.726,0.00,0.00,0.00,0.00,0.00,0.00
2026-07-22 11:44:30.527,58.759,0.00,0.00,0.00,0.00,0.00,0.00
2026-07-22 11:44:30.527,58.793,0.00,0.00,0.00,0.00,0.00,0.00
2026-07-22 11:44:30.527,58.827,0.00,0.00,0.00,0.00,0.00,0.00
2026-07-22 11:44:30.527,58.860,0.00,0.00,0.00,0.00,0.00,0.00
2026-07-22 11:44:30.527,58.894,0.00,0.00,0.00,0.00,0.00,0.00
2026-07-22 11:44:30.527,58.927,0.00,0.00,0.00,0.00,0.00,0.00
2026-07-22 11:44:30.527,58.961,0.00,0.00,0.00,0.00,0.00,0.00
2026-07-22 11:44:30.527,58.994,0.00,0.00,0.00,0.00,0.00,0.00
2026-07-22 11:44:30.527,59.028,0.00,0.00,0.00,0.00,0.00,0.00
2026-07-22 11:44:30.527,59.061,0.00,0.00,0.00,0.00,0.00,0.00
2026-07-22 11:44:30.527,59.095,0.00,0.00,0.00,0.00,0.00,0.00
2026-07-22 11:44:30.527,59.128,0.00,0.00,0.00,0.00,0.00,0.00
2026-07-22 11:44:30.527,59.162,0.00,0.00,0.00,0.00,0.00,0.00
2026-07-22 11:44:30.527,59.196,0.00,0.00,0.00,0.00,0.00,0.00
2026-07-22 11:44:30.527,59.229,0.00,0.00,0.00,0.00,0.00,0.00
2026-07-22 11:44:30.527,59.262,0.00,0.00,0.00,0.00,0.00,0.00
2026-07-22 11:44:30.527,59.296,0.00,0.00,0.00,0.00,0.00,0.00
2026-07-22 11:44:30.527,59.329,0.00,0.00,0.00,0.00,0.00,0.00
2026-07-22 11:44:30.527,59.363,0.00,0.00,0.00,0.00,0.00,0.00
2026-07-22 11:44:30.527,59.396,0.00,0.00,0.00,0.00,0.00,0.00
2026-07-22 11:44:30.527,59.430,0.00,0.00,0.00,0.00,0.00,0.00
2026-07-22 11:44:30.527,59.463,0.00,0.00,0.00,0.00,0.00,0.00
2026-07-22 11:44:30.527,59.497,0.00,0.00,0.00,0.00,0.00,0.00
2026-07-22 11:44:30.527,59.531,0.00,0.00,0.00,0.00,0.00,0.00
2026-07-22 11:44:30.527,59.564,0.00,0.00,0.00,0.00,0.00,0.00
2026-07-22 11:44:30.527,59.598,0.00,0.00,0.00,0.00,0.00,0.00
2026-07-22 11:44:30.528,59.631,0.00,0.00,0.00,0.00,0.00,0.00
2026-07-22 11:44:30.528,59.664,0.00,0.00,0.00,0.00,0.00,0.00
2026-07-22 11:44:30.528,59.698,0.00,0.00,0.00,0.00,0.00,0.00
2026-07-22 11:44:30.528,59.731,0.00,0.00,0.00,0.00,0.00,0.00
2026-07-22 11:44:30.528,59.764,0.00,0.00,0.00,0.00,0.00,0.00
2026-07-22 11:44:30.528,59.798,0.00,0.00,0.00,0.00,0.00,0.00
2026-07-22 11:44:30.528,59.832,0.00,0.00,0.00,0.00,0.00,0.00
2026-07-22 11:44:30.528,59.865,0.00,0.00,0.00,0.00,0.00,0.00
2026-07-22 11:44:30.528,59.898,0.00,0.00,0.00,0.00,0.00,0.00
2026-07-22 11:44:30.528,59.932,0.00,0.00,0.00,0.00,0.00,0.00
2026-07-22 11:44:30.528,59.965,0.00,0.00,0.00,0.00,0.00,0.00
2026-07-22 11:44:30.528,59.999,0.00,0.00,0.00,0.00,0.00,0.00
